{
  "RunType": "HTTP",
  "Labels": "1pod-diffnode-nosidecar-2core-conn9-resp2048",
  "StartTime": "2021-03-28T02:28:28.976543892Z",
  "RequestedQPS": "max",
  "RequestedDuration": "1m0s",
  "ActualQPS": 29788.73463954444,
  "ActualDuration": 60048841337,
  "NumThreads": 9,
  "Version": "1.11.3",
  "DurationHistogram": {
    "Count": 1788779,
    "Min": 0.000071786,
    "Max": 0.055533058,
    "Sum": 539.9389845750009,
    "Avg": 0.0003018477881141275,
    "StdDev": 0.0028088038647244057,
    "Data": [
      {
        "Start": 0.000071786,
        "End": 0.001,
        "Percent": 99.69420481792329,
        "Count": 1783309
      },
      {
        "Start": 0.001,
        "End": 0.002,
        "Percent": 99.6970000206845,
        "Count": 50
      },
      {
        "Start": 0.002,
        "End": 0.003,
        "Percent": 99.69761496529196,
        "Count": 11
      },
      {
        "Start": 0.006,
        "End": 0.007,
        "Percent": 99.69811810178899,
        "Count": 9
      },
      {
        "Start": 0.045,
        "End": 0.05,
        "Percent": 99.74753728660723,
        "Count": 884
      },
      {
        "Start": 0.05,
        "End": 0.055533058,
        "Percent": 100,
        "Count": 4516
      }
    ],
    "Percentiles": [
      {
        "Percentile": 50,
        "Value": 0.0005373163106019823
      },
      {
        "Percentile": 75,
        "Value": 0.0007700817261535864
      },
      {
        "Percentile": 90,
        "Value": 0.0009097409754845489
      },
      {
        "Percentile": 99,
        "Value": 0.0009935365250831264
      },
      {
        "Percentile": 99.9,
        "Value": 0.053341424263024545
      }
    ]
  },
  "Exactly": 0,
  "Jitter": true,
  "RetCodes": {
    "200": 1788779
  },
  "Sizes": {
    "Count": 1788779,
    "Min": 75,
    "Max": 75,
    "Sum": 134158425,
    "Avg": 75,
    "StdDev": 0,
    "Data": [
      {
        "Start": 75,
        "End": 75,
        "Percent": 100,
        "Count": 1788779
      }
    ],
    "Percentiles": null
  },
  "HeaderSizes": {
    "Count": 1788779,
    "Min": 75,
    "Max": 75,
    "Sum": 134158425,
    "Avg": 75,
    "StdDev": 0,
    "Data": [
      {
        "Start": 75,
        "End": 75,
        "Percent": 100,
        "Count": 1788779
      }
    ],
    "Percentiles": null
  },
  "URL": "http://fortio-server:8080/echo\\?size\\=2048",
  "SocketCount": 9,
  "AbortOn": 0
}
