{
  "RunType": "HTTP",
  "Labels": "1pod-diffnode-nosidecar-2core-conn8-resp1024",
  "StartTime": "2021-03-28T02:17:51.289316338Z",
  "RequestedQPS": "max",
  "RequestedDuration": "1m0s",
  "ActualQPS": 30078.769942052797,
  "ActualDuration": 60036730341,
  "NumThreads": 8,
  "Version": "1.11.3",
  "DurationHistogram": {
    "Count": 1805831,
    "Min": 0.000073677,
    "Max": 0.050985098,
    "Sum": 479.78666488100174,
    "Avg": 0.0002656874673659948,
    "StdDev": 0.0023724114506144143,
    "Data": [
      {
        "Start": 0.000073677,
        "End": 0.001,
        "Percent": 99.72943204541289,
        "Count": 1800945
      },
      {
        "Start": 0.001,
        "End": 0.002,
        "Percent": 99.73231160612482,
        "Count": 52
      },
      {
        "Start": 0.002,
        "End": 0.003,
        "Percent": 99.73308687247035,
        "Count": 14
      },
      {
        "Start": 0.005,
        "End": 0.006,
        "Percent": 99.7334745056431,
        "Count": 7
      },
      {
        "Start": 0.006,
        "End": 0.007,
        "Percent": 99.73352988181064,
        "Count": 1
      },
      {
        "Start": 0.008,
        "End": 0.009000000000000001,
        "Percent": 99.73419439582109,
        "Count": 12
      },
      {
        "Start": 0.035,
        "End": 0.04,
        "Percent": 99.7352465430043,
        "Count": 19
      },
      {
        "Start": 0.04,
        "End": 0.045,
        "Percent": 99.78624799330613,
        "Count": 921
      },
      {
        "Start": 0.045,
        "End": 0.05,
        "Percent": 99.99983387149739,
        "Count": 3857
      },
      {
        "Start": 0.05,
        "End": 0.050985098,
        "Percent": 100,
        "Count": 3
      }
    ],
    "Percentiles": [
      {
        "Percentile": 50,
        "Value": 0.0005380948099838196
      },
      {
        "Percentile": 75,
        "Value": 0.0007703039721527988
      },
      {
        "Percentile": 90,
        "Value": 0.0009096294694541862
      },
      {
        "Percentile": 99,
        "Value": 0.0009932247678350187
      },
      {
        "Percentile": 99.9,
        "Value": 0.04766291029297391
      }
    ]
  },
  "Exactly": 0,
  "Jitter": true,
  "RetCodes": {
    "200": 1805831
  },
  "Sizes": {
    "Count": 1805831,
    "Min": 75,
    "Max": 75,
    "Sum": 135437325,
    "Avg": 75,
    "StdDev": 0,
    "Data": [
      {
        "Start": 75,
        "End": 75,
        "Percent": 100,
        "Count": 1805831
      }
    ],
    "Percentiles": null
  },
  "HeaderSizes": {
    "Count": 1805831,
    "Min": 75,
    "Max": 75,
    "Sum": 135437325,
    "Avg": 75,
    "StdDev": 0,
    "Data": [
      {
        "Start": 75,
        "End": 75,
        "Percent": 100,
        "Count": 1805831
      }
    ],
    "Percentiles": null
  },
  "URL": "http://fortio-server:8080/echo\\?size\\=1024",
  "SocketCount": 8,
  "AbortOn": 0
}
