{
  "RunType": "HTTP",
  "Labels": "1pod-diffnode-nosidecar-2core-conn8-resp128",
  "StartTime": "2021-03-28T01:57:37.185432668Z",
  "RequestedQPS": "max",
  "RequestedDuration": "1m0s",
  "ActualQPS": 30301.387106404978,
  "ActualDuration": 60044511943,
  "NumThreads": 8,
  "Version": "1.11.3",
  "DurationHistogram": {
    "Count": 1819432,
    "Min": 0.000071182,
    "Max": 0.050525964,
    "Sum": 479.8477074980028,
    "Avg": 0.00026373489501009263,
    "StdDev": 0.0023462670601307675,
    "Data": [
      {
        "Start": 0.000071182,
        "End": 0.001,
        "Percent": 99.73112487853352,
        "Count": 1814540
      },
      {
        "Start": 0.001,
        "End": 0.002,
        "Percent": 99.73535696854843,
        "Count": 77
      },
      {
        "Start": 0.002,
        "End": 0.003,
        "Percent": 99.73568674179634,
        "Count": 6
      },
      {
        "Start": 0.01,
        "End": 0.011,
        "Percent": 99.73612643946022,
        "Count": 8
      },
      {
        "Start": 0.011,
        "End": 0.012,
        "Percent": 99.73618140166822,
        "Count": 1
      },
      {
        "Start": 0.035,
        "End": 0.04,
        "Percent": 99.73667606154008,
        "Count": 9
      },
      {
        "Start": 0.04,
        "End": 0.045,
        "Percent": 99.80653302789003,
        "Count": 1271
      },
      {
        "Start": 0.045,
        "End": 0.05,
        "Percent": 99.99950534012812,
        "Count": 3511
      },
      {
        "Start": 0.05,
        "End": 0.050525964,
        "Percent": 100,
        "Count": 9
      }
    ],
    "Percentiles": [
      {
        "Percentile": 50,
        "Value": 0.0005368427914572241
      },
      {
        "Percentile": 75,
        "Value": 0.0007696734431235702
      },
      {
        "Percentile": 90,
        "Value": 0.000909371834123378
      },
      {
        "Percentile": 99,
        "Value": 0.0009931908687232625
      },
      {
        "Percentile": 99.9,
        "Value": 0.047421771575049995
      }
    ]
  },
  "Exactly": 0,
  "Jitter": true,
  "RetCodes": {
    "200": 1819432
  },
  "Sizes": {
    "Count": 1819432,
    "Min": 75,
    "Max": 75,
    "Sum": 136457400,
    "Avg": 75,
    "StdDev": 0,
    "Data": [
      {
        "Start": 75,
        "End": 75,
        "Percent": 100,
        "Count": 1819432
      }
    ],
    "Percentiles": null
  },
  "HeaderSizes": {
    "Count": 1819432,
    "Min": 75,
    "Max": 75,
    "Sum": 136457400,
    "Avg": 75,
    "StdDev": 0,
    "Data": [
      {
        "Start": 75,
        "End": 75,
        "Percent": 100,
        "Count": 1819432
      }
    ],
    "Percentiles": null
  },
  "URL": "http://fortio-server:8080/echo\\?size\\=128",
  "SocketCount": 8,
  "AbortOn": 0
}
