{
  "RunType": "HTTP",
  "Labels": "1pod-diffnode-nosidecar-2core-conn4-resp128",
  "StartTime": "2021-03-28T01:53:33.921198954Z",
  "RequestedQPS": "max",
  "RequestedDuration": "1m0s",
  "ActualQPS": 28983.33122931777,
  "ActualDuration": 60000142366,
  "NumThreads": 4,
  "Version": "1.11.3",
  "DurationHistogram": {
    "Count": 1739004,
    "Min": 0.000073413,
    "Max": 0.02048358,
    "Sum": 239.58441285500092,
    "Avg": 0.00013777105334720387,
    "StdDev": 0.00047850287449312516,
    "Data": [
      {
        "Start": 0.000073413,
        "End": 0.001,
        "Percent": 99.86129991650392,
        "Count": 1736592
      },
      {
        "Start": 0.001,
        "End": 0.002,
        "Percent": 99.86221998339279,
        "Count": 16
      },
      {
        "Start": 0.004,
        "End": 0.005,
        "Percent": 99.86268001683722,
        "Count": 8
      },
      {
        "Start": 0.005,
        "End": 0.006,
        "Percent": 99.86302504192055,
        "Count": 6
      },
      {
        "Start": 0.006,
        "End": 0.007,
        "Percent": 99.86388760462886,
        "Count": 15
      },
      {
        "Start": 0.007,
        "End": 0.008,
        "Percent": 99.86578524258714,
        "Count": 33
      },
      {
        "Start": 0.008,
        "End": 0.009000000000000001,
        "Percent": 99.87073060211478,
        "Count": 86
      },
      {
        "Start": 0.009000000000000001,
        "End": 0.01,
        "Percent": 99.88171390060057,
        "Count": 191
      },
      {
        "Start": 0.01,
        "End": 0.011,
        "Percent": 99.89275470326693,
        "Count": 192
      },
      {
        "Start": 0.011,
        "End": 0.012,
        "Percent": 99.91282366228025,
        "Count": 349
      },
      {
        "Start": 0.012,
        "End": 0.014,
        "Percent": 99.9569293687651,
        "Count": 767
      },
      {
        "Start": 0.014,
        "End": 0.016,
        "Percent": 99.98775160954202,
        "Count": 536
      },
      {
        "Start": 0.016,
        "End": 0.018000000000000002,
        "Percent": 99.99902242893059,
        "Count": 196
      },
      {
        "Start": 0.018000000000000002,
        "End": 0.02,
        "Percent": 99.99953996655557,
        "Count": 9
      },
      {
        "Start": 0.02,
        "End": 0.02048358,
        "Percent": 100,
        "Count": 8
      }
    ],
    "Percentiles": [
      {
        "Percentile": 50,
        "Value": 0.0005373497145672183
      },
      {
        "Percentile": 75,
        "Value": 0.0007693183386341402
      },
      {
        "Percentile": 90,
        "Value": 0.0009084995130742933
      },
      {
        "Percentile": 99,
        "Value": 0.0009920082177383852
      },
      {
        "Percentile": 99.9,
        "Value": 0.011361020057306792
      }
    ]
  },
  "Exactly": 0,
  "Jitter": true,
  "RetCodes": {
    "200": 1739004
  },
  "Sizes": {
    "Count": 1739004,
    "Min": 75,
    "Max": 75,
    "Sum": 130425300,
    "Avg": 75,
    "StdDev": 0,
    "Data": [
      {
        "Start": 75,
        "End": 75,
        "Percent": 100,
        "Count": 1739004
      }
    ],
    "Percentiles": null
  },
  "HeaderSizes": {
    "Count": 1739004,
    "Min": 75,
    "Max": 75,
    "Sum": 130425300,
    "Avg": 75,
    "StdDev": 0,
    "Data": [
      {
        "Start": 75,
        "End": 75,
        "Percent": 100,
        "Count": 1739004
      }
    ],
    "Percentiles": null
  },
  "URL": "http://fortio-server:8080/echo\\?size\\=128",
  "SocketCount": 4,
  "AbortOn": 0
}
