{
  "RunType": "HTTP",
  "Labels": "1pod-diffnode-nosidecar-2core-conn5-resp2048",
  "StartTime": "2021-03-28T02:24:25.915152357Z",
  "RequestedQPS": "max",
  "RequestedDuration": "1m0s",
  "ActualQPS": 31010.72266101228,
  "ActualDuration": 60010823364,
  "NumThreads": 5,
  "Version": "1.11.3",
  "DurationHistogram": {
    "Count": 1860979,
    "Min": 0.000072534,
    "Max": 0.030566069,
    "Sum": 299.5840573380003,
    "Avg": 0.0001609819655880052,
    "StdDev": 0.0009983167438418477,
    "Data": [
      {
        "Start": 0.000072534,
        "End": 0.001,
        "Percent": 99.83745114802478,
        "Count": 1857954
      },
      {
        "Start": 0.001,
        "End": 0.002,
        "Percent": 99.83825717538994,
        "Count": 15
      },
      {
        "Start": 0.006,
        "End": 0.007,
        "Percent": 99.83847211602065,
        "Count": 4
      },
      {
        "Start": 0.008,
        "End": 0.009000000000000001,
        "Percent": 99.83863332149369,
        "Count": 3
      },
      {
        "Start": 0.01,
        "End": 0.011,
        "Percent": 99.8388482621244,
        "Count": 4
      },
      {
        "Start": 0.011,
        "End": 0.012,
        "Percent": 99.83895573243976,
        "Count": 2
      },
      {
        "Start": 0.012,
        "End": 0.014,
        "Percent": 99.83911693791279,
        "Count": 3
      },
      {
        "Start": 0.018000000000000002,
        "End": 0.02,
        "Percent": 99.83970802464724,
        "Count": 11
      },
      {
        "Start": 0.02,
        "End": 0.025,
        "Percent": 99.92063317210994,
        "Count": 1506
      },
      {
        "Start": 0.025,
        "End": 0.03,
        "Percent": 99.99989252968464,
        "Count": 1475
      },
      {
        "Start": 0.03,
        "End": 0.030566069,
        "Percent": 100,
        "Count": 2
      }
    ],
    "Percentiles": [
      {
        "Percentile": 50,
        "Value": 0.000537021770756849
      },
      {
        "Percentile": 75,
        "Value": 0.0007692659057287779
      },
      {
        "Percentile": 90,
        "Value": 0.000908612386711935
      },
      {
        "Percentile": 99,
        "Value": 0.0009922202753018295
      },
      {
        "Percentile": 99.9,
        "Value": 0.02372516932270978
      }
    ]
  },
  "Exactly": 0,
  "Jitter": true,
  "RetCodes": {
    "200": 1860979
  },
  "Sizes": {
    "Count": 1860979,
    "Min": 75,
    "Max": 75,
    "Sum": 139573425,
    "Avg": 75,
    "StdDev": 0,
    "Data": [
      {
        "Start": 75,
        "End": 75,
        "Percent": 100,
        "Count": 1860979
      }
    ],
    "Percentiles": null
  },
  "HeaderSizes": {
    "Count": 1860979,
    "Min": 75,
    "Max": 75,
    "Sum": 139573425,
    "Avg": 75,
    "StdDev": 0,
    "Data": [
      {
        "Start": 75,
        "End": 75,
        "Percent": 100,
        "Count": 1860979
      }
    ],
    "Percentiles": null
  },
  "URL": "http://fortio-server:8080/echo\\?size\\=2048",
  "SocketCount": 5,
  "AbortOn": 0
}
