{
  "RunType": "HTTP",
  "Labels": "1pod-diffnode-nosidecar-2core-conn6-resp1024",
  "StartTime": "2021-03-28T02:15:49.91459902Z",
  "RequestedQPS": "max",
  "RequestedDuration": "1m0s",
  "ActualQPS": 31718.625128452895,
  "ActualDuration": 60011365319,
  "NumThreads": 6,
  "Version": "1.11.3",
  "DurationHistogram": {
    "Count": 1903478,
    "Min": 0.000073079,
    "Max": 0.038463043,
    "Sum": 359.55813887199884,
    "Avg": 0.00018889534781699543,
    "StdDev": 0.0014339667572560427,
    "Data": [
      {
        "Start": 0.000073079,
        "End": 0.001,
        "Percent": 99.8070899689936,
        "Count": 1899806
      },
      {
        "Start": 0.001,
        "End": 0.002,
        "Percent": 99.81039969991772,
        "Count": 63
      },
      {
        "Start": 0.002,
        "End": 0.003,
        "Percent": 99.8107149123867,
        "Count": 6
      },
      {
        "Start": 0.007,
        "End": 0.008,
        "Percent": 99.81087251862118,
        "Count": 3
      },
      {
        "Start": 0.02,
        "End": 0.025,
        "Percent": 99.81103012485566,
        "Count": 3
      },
      {
        "Start": 0.025,
        "End": 0.03,
        "Percent": 99.8160735243591,
        "Count": 96
      },
      {
        "Start": 0.03,
        "End": 0.035,
        "Percent": 99.97809273340695,
        "Count": 3084
      },
      {
        "Start": 0.035,
        "End": 0.038463043,
        "Percent": 100,
        "Count": 417
      }
    ],
    "Percentiles": [
      {
        "Percentile": 50,
        "Value": 0.0005374350463826552
      },
      {
        "Percentile": 75,
        "Value": 0.0007696133135255988
      },
      {
        "Percentile": 90,
        "Value": 0.0009089202738113649
      },
      {
        "Percentile": 99,
        "Value": 0.0009925044499828246
      },
      {
        "Percentile": 99.9,
        "Value": 0.03259001621271089
      }
    ]
  },
  "Exactly": 0,
  "Jitter": true,
  "RetCodes": {
    "200": 1903478
  },
  "Sizes": {
    "Count": 1903478,
    "Min": 75,
    "Max": 75,
    "Sum": 142760850,
    "Avg": 75,
    "StdDev": 0,
    "Data": [
      {
        "Start": 75,
        "End": 75,
        "Percent": 100,
        "Count": 1903478
      }
    ],
    "Percentiles": null
  },
  "HeaderSizes": {
    "Count": 1903478,
    "Min": 75,
    "Max": 75,
    "Sum": 142760850,
    "Avg": 75,
    "StdDev": 0,
    "Data": [
      {
        "Start": 75,
        "End": 75,
        "Percent": 100,
        "Count": 1903478
      }
    ],
    "Percentiles": null
  },
  "URL": "http://fortio-server:8080/echo\\?size\\=1024",
  "SocketCount": 6,
  "AbortOn": 0
}
