{
  "RunType": "HTTP",
  "Labels": "1pod-diffnode-nosidecar-2core-conn7-resp32",
  "StartTime": "2021-03-28T01:46:58.348723112Z",
  "RequestedQPS": "max",
  "RequestedDuration": "1m0s",
  "ActualQPS": 31996.324126679458,
  "ActualDuration": 60000204786,
  "NumThreads": 7,
  "Version": "1.11.3",
  "DurationHistogram": {
    "Count": 1919786,
    "Min": 0.000073032,
    "Max": 0.044375612,
    "Sum": 419.4808518839985,
    "Avg": 0.0002185039644439529,
    "StdDev": 0.0018670404744984398,
    "Data": [
      {
        "Start": 0.000073032,
        "End": 0.001,
        "Percent": 99.77575625616605,
        "Count": 1915481
      },
      {
        "Start": 0.001,
        "End": 0.002,
        "Percent": 99.77976711987691,
        "Count": 77
      },
      {
        "Start": 0.004,
        "End": 0.005,
        "Percent": 99.78007965471151,
        "Count": 6
      },
      {
        "Start": 0.005,
        "End": 0.006,
        "Percent": 99.78060054610253,
        "Count": 10
      },
      {
        "Start": 0.01,
        "End": 0.011,
        "Percent": 99.78122561577176,
        "Count": 12
      },
      {
        "Start": 0.02,
        "End": 0.025,
        "Percent": 99.78159023974547,
        "Count": 7
      },
      {
        "Start": 0.025,
        "End": 0.03,
        "Percent": 99.78185068544099,
        "Count": 5
      },
      {
        "Start": 0.03,
        "End": 0.035,
        "Percent": 99.78304873564032,
        "Count": 23
      },
      {
        "Start": 0.035,
        "End": 0.04,
        "Percent": 99.88222645649046,
        "Count": 1904
      },
      {
        "Start": 0.04,
        "End": 0.044375612,
        "Percent": 100,
        "Count": 2261
      }
    ],
    "Percentiles": [
      {
        "Percentile": 50,
        "Value": 0.0005375574283291917
      },
      {
        "Percentile": 75,
        "Value": 0.0007698203844613361
      },
      {
        "Percentile": 90,
        "Value": 0.0009091781581406227
      },
      {
        "Percentile": 99,
        "Value": 0.000992792822348195
      },
      {
        "Percentile": 99.9,
        "Value": 0.040660336166726624
      }
    ]
  },
  "Exactly": 0,
  "Jitter": true,
  "RetCodes": {
    "200": 1919786
  },
  "Sizes": {
    "Count": 1919786,
    "Min": 75,
    "Max": 75,
    "Sum": 143983950,
    "Avg": 75,
    "StdDev": 0,
    "Data": [
      {
        "Start": 75,
        "End": 75,
        "Percent": 100,
        "Count": 1919786
      }
    ],
    "Percentiles": null
  },
  "HeaderSizes": {
    "Count": 1919786,
    "Min": 75,
    "Max": 75,
    "Sum": 143983950,
    "Avg": 75,
    "StdDev": 0,
    "Data": [
      {
        "Start": 75,
        "End": 75,
        "Percent": 100,
        "Count": 1919786
      }
    ],
    "Percentiles": null
  },
  "URL": "http://fortio-server:8080/echo\\?size\\=32",
  "SocketCount": 7,
  "AbortOn": 0
}
