{
  "RunType": "HTTP",
  "Labels": "1pod-diffnode-nosidecar-2core-conn4-resp2048",
  "StartTime": "2021-03-28T02:23:25.117283871Z",
  "RequestedQPS": "max",
  "RequestedDuration": "1m0s",
  "ActualQPS": 28917.175356763084,
  "ActualDuration": 60008558187,
  "NumThreads": 4,
  "Version": "1.11.3",
  "DurationHistogram": {
    "Count": 1735278,
    "Min": 0.000072675,
    "Max": 0.022089236,
    "Sum": 239.62630264699794,
    "Avg": 0.0001380910163368624,
    "StdDev": 0.0005176441499268815,
    "Data": [
      {
        "Start": 0.000072675,
        "End": 0.001,
        "Percent": 99.8600800563368,
        "Count": 1732850
      },
      {
        "Start": 0.001,
        "End": 0.002,
        "Percent": 99.86100209879916,
        "Count": 16
      },
      {
        "Start": 0.003,
        "End": 0.004,
        "Percent": 99.86117498176085,
        "Count": 3
      },
      {
        "Start": 0.004,
        "End": 0.005,
        "Percent": 99.86134786472255,
        "Count": 3
      },
      {
        "Start": 0.005,
        "End": 0.006,
        "Percent": 99.86152074768424,
        "Count": 3
      },
      {
        "Start": 0.006,
        "End": 0.007,
        "Percent": 99.86186651360762,
        "Count": 6
      },
      {
        "Start": 0.007,
        "End": 0.008,
        "Percent": 99.86301906668557,
        "Count": 20
      },
      {
        "Start": 0.008,
        "End": 0.009000000000000001,
        "Percent": 99.86618858764993,
        "Count": 55
      },
      {
        "Start": 0.009000000000000001,
        "End": 0.01,
        "Percent": 99.87016489576887,
        "Count": 69
      },
      {
        "Start": 0.01,
        "End": 0.011,
        "Percent": 99.87846327793011,
        "Count": 144
      },
      {
        "Start": 0.011,
        "End": 0.012,
        "Percent": 99.89321595732787,
        "Count": 256
      },
      {
        "Start": 0.012,
        "End": 0.014,
        "Percent": 99.93171123013143,
        "Count": 668
      },
      {
        "Start": 0.014,
        "End": 0.016,
        "Percent": 99.97447094932339,
        "Count": 742
      },
      {
        "Start": 0.016,
        "End": 0.018000000000000002,
        "Percent": 99.99619657484276,
        "Count": 377
      },
      {
        "Start": 0.018000000000000002,
        "End": 0.02,
        "Percent": 99.99971186173052,
        "Count": 61
      },
      {
        "Start": 0.02,
        "End": 0.022089236,
        "Percent": 100,
        "Count": 5
      }
    ],
    "Percentiles": [
      {
        "Percentile": 50,
        "Value": 0.000536986898122687
      },
      {
        "Percentile": 75,
        "Value": 0.0007691431147563924
      },
      {
        "Percentile": 90,
        "Value": 0.0009084368447366158
      },
      {
        "Percentile": 99,
        "Value": 0.0009920130827247497
      },
      {
        "Percentile": 99.9,
        "Value": 0.012352461077844882
      }
    ]
  },
  "Exactly": 0,
  "Jitter": true,
  "RetCodes": {
    "200": 1735278
  },
  "Sizes": {
    "Count": 1735278,
    "Min": 75,
    "Max": 75,
    "Sum": 130145850,
    "Avg": 75,
    "StdDev": 0,
    "Data": [
      {
        "Start": 75,
        "End": 75,
        "Percent": 100,
        "Count": 1735278
      }
    ],
    "Percentiles": null
  },
  "HeaderSizes": {
    "Count": 1735278,
    "Min": 75,
    "Max": 75,
    "Sum": 130145850,
    "Avg": 75,
    "StdDev": 0,
    "Data": [
      {
        "Start": 75,
        "End": 75,
        "Percent": 100,
        "Count": 1735278
      }
    ],
    "Percentiles": null
  },
  "URL": "http://fortio-server:8080/echo\\?size\\=2048",
  "SocketCount": 4,
  "AbortOn": 0
}
