{
  "RunType": "HTTP",
  "Labels": "1pod-diffnode-nosidecar-2core-conn2-resp2048",
  "StartTime": "2021-03-28T02:21:23.651255599Z",
  "RequestedQPS": "max",
  "RequestedDuration": "1m0s",
  "ActualQPS": 17325.947319619234,
  "ActualDuration": 60000124716,
  "NumThreads": 2,
  "Version": "1.11.3",
  "DurationHistogram": {
    "Count": 1039559,
    "Min": 0.000078449,
    "Max": 0.001792715,
    "Sum": 119.8257617829984,
    "Avg": 0.00011526595583607895,
    "StdDev": 0.000016234995843530272,
    "Data": [
      {
        "Start": 0.000078449,
        "End": 0.001,
        "Percent": 99.99942283218172,
        "Count": 1039553
      },
      {
        "Start": 0.001,
        "End": 0.001792715,
        "Percent": 100,
        "Count": 6
      }
    ],
    "Percentiles": [
      {
        "Percentile": 50,
        "Value": 0.0005392267162215071
      },
      {
        "Percentile": 75,
        "Value": 0.0007696160175765618
      },
      {
        "Percentile": 90,
        "Value": 0.0009078495983895948
      },
      {
        "Percentile": 99,
        "Value": 0.0009907897468774147
      },
      {
        "Percentile": 99.9,
        "Value": 0.0009990837617261967
      }
    ]
  },
  "Exactly": 0,
  "Jitter": true,
  "RetCodes": {
    "200": 1039559
  },
  "Sizes": {
    "Count": 1039559,
    "Min": 75,
    "Max": 75,
    "Sum": 77966925,
    "Avg": 75,
    "StdDev": 0,
    "Data": [
      {
        "Start": 75,
        "End": 75,
        "Percent": 100,
        "Count": 1039559
      }
    ],
    "Percentiles": null
  },
  "HeaderSizes": {
    "Count": 1039559,
    "Min": 75,
    "Max": 75,
    "Sum": 77966925,
    "Avg": 75,
    "StdDev": 0,
    "Data": [
      {
        "Start": 75,
        "End": 75,
        "Percent": 100,
        "Count": 1039559
      }
    ],
    "Percentiles": null
  },
  "URL": "http://fortio-server:8080/echo\\?size\\=2048",
  "SocketCount": 2,
  "AbortOn": 0
}
