{
  "RunType": "HTTP",
  "Labels": "1pod-diffnode-nosidecar-2core-conn3-resp2048",
  "StartTime": "2021-03-28T02:22:24.360249413Z",
  "RequestedQPS": "max",
  "RequestedDuration": "1m0s",
  "ActualQPS": 25423.61945373416,
  "ActualDuration": 60000111423,
  "NumThreads": 3,
  "Version": "1.11.3",
  "DurationHistogram": {
    "Count": 1525420,
    "Min": 0.000074959,
    "Max": 0.006268807,
    "Sum": 179.6736585270005,
    "Avg": 0.0001177863529565631,
    "StdDev": 0.00002958494377292948,
    "Data": [
      {
        "Start": 0.000074959,
        "End": 0.001,
        "Percent": 99.98970775261895,
        "Count": 1525263
      },
      {
        "Start": 0.001,
        "End": 0.002,
        "Percent": 99.99659110277825,
        "Count": 105
      },
      {
        "Start": 0.002,
        "End": 0.003,
        "Percent": 99.99908221997876,
        "Count": 38
      },
      {
        "Start": 0.003,
        "End": 0.004,
        "Percent": 99.99967222142098,
        "Count": 9
      },
      {
        "Start": 0.004,
        "End": 0.005,
        "Percent": 99.9999344442842,
        "Count": 4
      },
      {
        "Start": 0.006,
        "End": 0.006268807,
        "Percent": 100,
        "Count": 1
      }
    ],
    "Percentiles": [
      {
        "Percentile": 50,
        "Value": 0.0005375268054452285
      },
      {
        "Percentile": 75,
        "Value": 0.0007688110114078762
      },
      {
        "Percentile": 90,
        "Value": 0.0009075815349854648
      },
      {
        "Percentile": 99,
        "Value": 0.000990843849132018
      },
      {
        "Percentile": 99.9,
        "Value": 0.0009991700805466735
      }
    ]
  },
  "Exactly": 0,
  "Jitter": true,
  "RetCodes": {
    "200": 1525420
  },
  "Sizes": {
    "Count": 1525420,
    "Min": 75,
    "Max": 75,
    "Sum": 114406500,
    "Avg": 75,
    "StdDev": 0,
    "Data": [
      {
        "Start": 75,
        "End": 75,
        "Percent": 100,
        "Count": 1525420
      }
    ],
    "Percentiles": null
  },
  "HeaderSizes": {
    "Count": 1525420,
    "Min": 75,
    "Max": 75,
    "Sum": 114406500,
    "Avg": 75,
    "StdDev": 0,
    "Data": [
      {
        "Start": 75,
        "End": 75,
        "Percent": 100,
        "Count": 1525420
      }
    ],
    "Percentiles": null
  },
  "URL": "http://fortio-server:8080/echo\\?size\\=2048",
  "SocketCount": 3,
  "AbortOn": 0
}
