{
  "RunType": "HTTP",
  "Labels": "1pod-diffnode-nosidecar-2core-conn3-resp128",
  "StartTime": "2021-03-28T01:52:33.328786024Z",
  "RequestedQPS": "max",
  "RequestedDuration": "1m0s",
  "ActualQPS": 25414.526488905703,
  "ActualDuration": 60000173549,
  "NumThreads": 3,
  "Version": "1.11.3",
  "DurationHistogram": {
    "Count": 1524876,
    "Min": 0.000075292,
    "Max": 0.003203015,
    "Sum": 179.6579161550012,
    "Avg": 0.00011781804956927725,
    "StdDev": 0.00002193326479993665,
    "Data": [
      {
        "Start": 0.000075292,
        "End": 0.001,
        "Percent": 99.99796704781241,
        "Count": 1524845
      },
      {
        "Start": 0.001,
        "End": 0.002,
        "Percent": 99.9997376835887,
        "Count": 27
      },
      {
        "Start": 0.002,
        "End": 0.003,
        "Percent": 99.99980326269153,
        "Count": 1
      },
      {
        "Start": 0.003,
        "End": 0.003203015,
        "Percent": 100,
        "Count": 3
      }
    ],
    "Percentiles": [
      {
        "Percentile": 50,
        "Value": 0.0005376550964190435
      },
      {
        "Percentile": 75,
        "Value": 0.0007688369478425335
      },
      {
        "Percentile": 90,
        "Value": 0.0009075460586966274
      },
      {
        "Percentile": 99,
        "Value": 0.0009907715252090838
      },
      {
        "Percentile": 99.9,
        "Value": 0.0009990940718603294
      }
    ]
  },
  "Exactly": 0,
  "Jitter": true,
  "RetCodes": {
    "200": 1524876
  },
  "Sizes": {
    "Count": 1524876,
    "Min": 75,
    "Max": 75,
    "Sum": 114365700,
    "Avg": 75,
    "StdDev": 0,
    "Data": [
      {
        "Start": 75,
        "End": 75,
        "Percent": 100,
        "Count": 1524876
      }
    ],
    "Percentiles": null
  },
  "HeaderSizes": {
    "Count": 1524876,
    "Min": 75,
    "Max": 75,
    "Sum": 114365700,
    "Avg": 75,
    "StdDev": 0,
    "Data": [
      {
        "Start": 75,
        "End": 75,
        "Percent": 100,
        "Count": 1524876
      }
    ],
    "Percentiles": null
  },
  "URL": "http://fortio-server:8080/echo\\?size\\=128",
  "SocketCount": 3,
  "AbortOn": 0
}
