{
  "RunType": "HTTP",
  "Labels": "1pod-diffnode-nosidecar-2core-conn6-resp2048",
  "StartTime": "2021-03-28T02:25:26.569717548Z",
  "RequestedQPS": "max",
  "RequestedDuration": "1m0s",
  "ActualQPS": 31595.082627693548,
  "ActualDuration": 60000191243,
  "NumThreads": 6,
  "Version": "1.11.3",
  "DurationHistogram": {
    "Count": 1895711,
    "Min": 0.000071281,
    "Max": 0.039551242,
    "Sum": 359.5005805659983,
    "Avg": 0.0001896389167789807,
    "StdDev": 0.0014745325060245853,
    "Data": [
      {
        "Start": 0.000071281,
        "End": 0.001,
        "Percent": 99.8058248330046,
        "Count": 1892030
      },
      {
        "Start": 0.001,
        "End": 0.002,
        "Percent": 99.80872611911836,
        "Count": 55
      },
      {
        "Start": 0.003,
        "End": 0.004,
        "Percent": 99.80930637634113,
        "Count": 11
      },
      {
        "Start": 0.004,
        "End": 0.005,
        "Percent": 99.80957012962419,
        "Count": 5
      },
      {
        "Start": 0.008,
        "End": 0.009000000000000001,
        "Percent": 99.80967563093742,
        "Count": 2
      },
      {
        "Start": 0.009000000000000001,
        "End": 0.01,
        "Percent": 99.80972838159403,
        "Count": 1
      },
      {
        "Start": 0.011,
        "End": 0.012,
        "Percent": 99.81025588816017,
        "Count": 10
      },
      {
        "Start": 0.012,
        "End": 0.014,
        "Percent": 99.81041414013,
        "Count": 3
      },
      {
        "Start": 0.016,
        "End": 0.018000000000000002,
        "Percent": 99.81057239209986,
        "Count": 3
      },
      {
        "Start": 0.02,
        "End": 0.025,
        "Percent": 99.81125815063584,
        "Count": 13
      },
      {
        "Start": 0.025,
        "End": 0.03,
        "Percent": 99.81273516902101,
        "Count": 28
      },
      {
        "Start": 0.03,
        "End": 0.035,
        "Percent": 99.95120564263223,
        "Count": 2625
      },
      {
        "Start": 0.035,
        "End": 0.039551242,
        "Percent": 100,
        "Count": 925
      }
    ],
    "Percentiles": [
      {
        "Percentile": 50,
        "Value": 0.0005365436801098186
      },
      {
        "Percentile": 75,
        "Value": 0.0007691752655941056
      },
      {
        "Percentile": 90,
        "Value": 0.0009087542168846779
      },
      {
        "Percentile": 99,
        "Value": 0.0009925015876590213
      },
      {
        "Percentile": 99.9,
        "Value": 0.03315102666666706
      }
    ]
  },
  "Exactly": 0,
  "Jitter": true,
  "RetCodes": {
    "200": 1895711
  },
  "Sizes": {
    "Count": 1895711,
    "Min": 75,
    "Max": 75,
    "Sum": 142178325,
    "Avg": 75,
    "StdDev": 0,
    "Data": [
      {
        "Start": 75,
        "End": 75,
        "Percent": 100,
        "Count": 1895711
      }
    ],
    "Percentiles": null
  },
  "HeaderSizes": {
    "Count": 1895711,
    "Min": 75,
    "Max": 75,
    "Sum": 142178325,
    "Avg": 75,
    "StdDev": 0,
    "Data": [
      {
        "Start": 75,
        "End": 75,
        "Percent": 100,
        "Count": 1895711
      }
    ],
    "Percentiles": null
  },
  "URL": "http://fortio-server:8080/echo\\?size\\=2048",
  "SocketCount": 6,
  "AbortOn": 0
}
