{
  "RunType": "HTTP",
  "Labels": "1pod-diffnode-nosidecar-2core-conn1-resp32",
  "StartTime": "2021-03-28T01:40:53.5437267Z",
  "RequestedQPS": "max",
  "RequestedDuration": "1m0s",
  "ActualQPS": 8404.94378953033,
  "ActualDuration": 60000163312,
  "NumThreads": 1,
  "Version": "1.11.3",
  "DurationHistogram": {
    "Count": 504298,
    "Min": 0.000093277,
    "Max": 0.001825577,
    "Sum": 59.89199170599957,
    "Avg": 0.00011876309584015715,
    "StdDev": 0.000010839928426256746,
    "Data": [
      {
        "Start": 0.000093277,
        "End": 0.001,
        "Percent": 99.99960340909541,
        "Count": 504296
      },
      {
        "Start": 0.001,
        "End": 0.001825577,
        "Percent": 100,
        "Count": 2
      }
    ],
    "Percentiles": [
      {
        "Percentile": 50,
        "Value": 0.000546639399000585
      },
      {
        "Percentile": 75,
        "Value": 0.0007733214975014624
      },
      {
        "Percentile": 90,
        "Value": 0.0009093307566019889
      },
      {
        "Percentile": 99,
        "Value": 0.0009909363120623048
      },
      {
        "Percentile": 99.9,
        "Value": 0.0009990968676083364
      }
    ]
  },
  "Exactly": 0,
  "Jitter": true,
  "RetCodes": {
    "200": 504298
  },
  "Sizes": {
    "Count": 504298,
    "Min": 75,
    "Max": 75,
    "Sum": 37822350,
    "Avg": 75,
    "StdDev": 0,
    "Data": [
      {
        "Start": 75,
        "End": 75,
        "Percent": 100,
        "Count": 504298
      }
    ],
    "Percentiles": null
  },
  "HeaderSizes": {
    "Count": 504298,
    "Min": 75,
    "Max": 75,
    "Sum": 37822350,
    "Avg": 75,
    "StdDev": 0,
    "Data": [
      {
        "Start": 75,
        "End": 75,
        "Percent": 100,
        "Count": 504298
      }
    ],
    "Percentiles": null
  },
  "URL": "http://fortio-server:8080/echo\\?size\\=32",
  "SocketCount": 1,
  "AbortOn": 0
}
