{
  "RunType": "HTTP",
  "Labels": "1pod-diffnode-nosidecar-2core-conn6-resp128",
  "StartTime": "2021-03-28T01:55:35.678693723Z",
  "RequestedQPS": "max",
  "RequestedDuration": "1m0s",
  "ActualQPS": 31792.697382835715,
  "ActualDuration": 60000162208,
  "NumThreads": 6,
  "Version": "1.11.3",
  "DurationHistogram": {
    "Count": 1907567,
    "Min": 0.000073061,
    "Max": 0.037919631,
    "Sum": 359.4911867809998,
    "Avg": 0.00018845533959279008,
    "StdDev": 0.0014353199253674996,
    "Data": [
      {
        "Start": 0.000073061,
        "End": 0.001,
        "Percent": 99.80745106200726,
        "Count": 1903894
      },
      {
        "Start": 0.001,
        "End": 0.002,
        "Percent": 99.81043916150783,
        "Count": 57
      },
      {
        "Start": 0.002,
        "End": 0.003,
        "Percent": 99.81075369829736,
        "Count": 6
      },
      {
        "Start": 0.004,
        "End": 0.005,
        "Percent": 99.81096338949038,
        "Count": 4
      },
      {
        "Start": 0.008,
        "End": 0.009000000000000001,
        "Percent": 99.81112065788516,
        "Count": 3
      },
      {
        "Start": 0.009000000000000001,
        "End": 0.01,
        "Percent": 99.81133034907818,
        "Count": 4
      },
      {
        "Start": 0.012,
        "End": 0.014,
        "Percent": 99.81159246306945,
        "Count": 5
      },
      {
        "Start": 0.02,
        "End": 0.025,
        "Percent": 99.81222153664852,
        "Count": 12
      },
      {
        "Start": 0.025,
        "End": 0.03,
        "Percent": 99.81699201128977,
        "Count": 91
      },
      {
        "Start": 0.03,
        "End": 0.035,
        "Percent": 99.97693396876754,
        "Count": 3051
      },
      {
        "Start": 0.035,
        "End": 0.037919631,
        "Percent": 100,
        "Count": 440
      }
    ],
    "Percentiles": [
      {
        "Percentile": 50,
        "Value": 0.0005374243842697567
      },
      {
        "Percentile": 75,
        "Value": 0.0007696063198371705
      },
      {
        "Percentile": 90,
        "Value": 0.0009089154811776186
      },
      {
        "Percentile": 99,
        "Value": 0.0009925009779818876
      },
      {
        "Percentile": 99.9,
        "Value": 0.03259494100295018
      }
    ]
  },
  "Exactly": 0,
  "Jitter": true,
  "RetCodes": {
    "200": 1907567
  },
  "Sizes": {
    "Count": 1907567,
    "Min": 75,
    "Max": 75,
    "Sum": 143067525,
    "Avg": 75,
    "StdDev": 0,
    "Data": [
      {
        "Start": 75,
        "End": 75,
        "Percent": 100,
        "Count": 1907567
      }
    ],
    "Percentiles": null
  },
  "HeaderSizes": {
    "Count": 1907567,
    "Min": 75,
    "Max": 75,
    "Sum": 143067525,
    "Avg": 75,
    "StdDev": 0,
    "Data": [
      {
        "Start": 75,
        "End": 75,
        "Percent": 100,
        "Count": 1907567
      }
    ],
    "Percentiles": null
  },
  "URL": "http://fortio-server:8080/echo\\?size\\=128",
  "SocketCount": 6,
  "AbortOn": 0
}
