{
  "RunType": "HTTP",
  "Labels": "1pod-diffnode-nosidecar-2core-conn9-resp512",
  "StartTime": "2021-03-28T02:09:15.698113236Z",
  "RequestedQPS": "max",
  "RequestedDuration": "1m0s",
  "ActualQPS": 29719.835936483054,
  "ActualDuration": 60028494229,
  "NumThreads": 9,
  "Version": "1.11.3",
  "DurationHistogram": {
    "Count": 1784037,
    "Min": 0.000073876,
    "Max": 0.054801716,
    "Sum": 539.7493502550009,
    "Avg": 0.0003025438094921803,
    "StdDev": 0.0027643148625649257,
    "Data": [
      {
        "Start": 0.000073876,
        "End": 0.001,
        "Percent": 99.69143016652681,
        "Count": 1778532
      },
      {
        "Start": 0.001,
        "End": 0.002,
        "Percent": 99.69619464170306,
        "Count": 85
      },
      {
        "Start": 0.002,
        "End": 0.003,
        "Percent": 99.69641885229959,
        "Count": 4
      },
      {
        "Start": 0.004,
        "End": 0.005,
        "Percent": 99.69686727349264,
        "Count": 8
      },
      {
        "Start": 0.008,
        "End": 0.009000000000000001,
        "Percent": 99.6973156946857,
        "Count": 8
      },
      {
        "Start": 0.04,
        "End": 0.045,
        "Percent": 99.69821253707183,
        "Count": 16
      },
      {
        "Start": 0.045,
        "End": 0.05,
        "Percent": 99.81726836382877,
        "Count": 2124
      },
      {
        "Start": 0.05,
        "End": 0.054801716,
        "Percent": 100,
        "Count": 3260
      }
    ],
    "Percentiles": [
      {
        "Percentile": 50,
        "Value": 0.0005383710327939181
      },
      {
        "Percentile": 75,
        "Value": 0.0007706188095529401
      },
      {
        "Percentile": 90,
        "Value": 0.0009099674756083532
      },
      {
        "Percentile": 99,
        "Value": 0.000993576675241601
      },
      {
        "Percentile": 99.9,
        "Value": 0.05217397397316216
      }
    ]
  },
  "Exactly": 0,
  "Jitter": true,
  "RetCodes": {
    "200": 1784037
  },
  "Sizes": {
    "Count": 1784037,
    "Min": 75,
    "Max": 75,
    "Sum": 133802775,
    "Avg": 75,
    "StdDev": 0,
    "Data": [
      {
        "Start": 75,
        "End": 75,
        "Percent": 100,
        "Count": 1784037
      }
    ],
    "Percentiles": null
  },
  "HeaderSizes": {
    "Count": 1784037,
    "Min": 75,
    "Max": 75,
    "Sum": 133802775,
    "Avg": 75,
    "StdDev": 0,
    "Data": [
      {
        "Start": 75,
        "End": 75,
        "Percent": 100,
        "Count": 1784037
      }
    ],
    "Percentiles": null
  },
  "URL": "http://fortio-server:8080/echo\\?size\\=512",
  "SocketCount": 9,
  "AbortOn": 0
}
