{
  "RunType": "HTTP",
  "Labels": "1pod-diffnode-nosidecar-2core-conn8-resp512",
  "StartTime": "2021-03-28T02:08:14.853148224Z",
  "RequestedQPS": "max",
  "RequestedDuration": "1m0s",
  "ActualQPS": 30316.448815422573,
  "ActualDuration": 60000134286,
  "NumThreads": 8,
  "Version": "1.11.3",
  "DurationHistogram": {
    "Count": 1818991,
    "Min": 0.000071935,
    "Max": 0.050477684,
    "Sum": 479.4843946239998,
    "Avg": 0.0002635991022627378,
    "StdDev": 0.0023451648045486654,
    "Data": [
      {
        "Start": 0.000071935,
        "End": 0.001,
        "Percent": 99.731004716351,
        "Count": 1814098
      },
      {
        "Start": 0.001,
        "End": 0.002,
        "Percent": 99.73523783240269,
        "Count": 77
      },
      {
        "Start": 0.005,
        "End": 0.006,
        "Percent": 99.7356776366678,
        "Count": 8
      },
      {
        "Start": 0.008,
        "End": 0.009000000000000001,
        "Percent": 99.73573261220093,
        "Count": 1
      },
      {
        "Start": 0.009000000000000001,
        "End": 0.01,
        "Percent": 99.73611744093292,
        "Count": 7
      },
      {
        "Start": 0.016,
        "End": 0.018000000000000002,
        "Percent": 99.73655724519803,
        "Count": 8
      },
      {
        "Start": 0.035,
        "End": 0.04,
        "Percent": 99.73677714733059,
        "Count": 4
      },
      {
        "Start": 0.04,
        "End": 0.045,
        "Percent": 99.80753065848045,
        "Count": 1287
      },
      {
        "Start": 0.045,
        "End": 0.05,
        "Percent": 99.99950522020175,
        "Count": 3492
      },
      {
        "Start": 0.05,
        "End": 0.050477684,
        "Percent": 100,
        "Count": 9
      }
    ],
    "Percentiles": [
      {
        "Percentile": 50,
        "Value": 0.000537218837161133
      },
      {
        "Percentile": 75,
        "Value": 0.0007698610115342509
      },
      {
        "Percentile": 90,
        "Value": 0.0009094463161581216
      },
      {
        "Percentile": 99,
        "Value": 0.000993197498932444
      },
      {
        "Percentile": 99.9,
        "Value": 0.047408374856815635
      }
    ]
  },
  "Exactly": 0,
  "Jitter": true,
  "RetCodes": {
    "200": 1818991
  },
  "Sizes": {
    "Count": 1818991,
    "Min": 75,
    "Max": 75,
    "Sum": 136424325,
    "Avg": 75,
    "StdDev": 0,
    "Data": [
      {
        "Start": 75,
        "End": 75,
        "Percent": 100,
        "Count": 1818991
      }
    ],
    "Percentiles": null
  },
  "HeaderSizes": {
    "Count": 1818991,
    "Min": 75,
    "Max": 75,
    "Sum": 136424325,
    "Avg": 75,
    "StdDev": 0,
    "Data": [
      {
        "Start": 75,
        "End": 75,
        "Percent": 100,
        "Count": 1818991
      }
    ],
    "Percentiles": null
  },
  "URL": "http://fortio-server:8080/echo\\?size\\=512",
  "SocketCount": 8,
  "AbortOn": 0
}
