{
  "RunType": "HTTP",
  "Labels": "1pod-diffnode-nosidecar-2core-conn3-resp32",
  "StartTime": "2021-03-28T01:42:55.192578496Z",
  "RequestedQPS": "max",
  "RequestedDuration": "1m0s",
  "ActualQPS": 25543.1639528135,
  "ActualDuration": 60000123823,
  "NumThreads": 3,
  "Version": "1.11.3",
  "DurationHistogram": {
    "Count": 1532593,
    "Min": 0.000074073,
    "Max": 0.002378409,
    "Sum": 179.65842766300062,
    "Avg": 0.0001172251391354395,
    "StdDev": 0.000020825481168784295,
    "Data": [
      {
        "Start": 0.000074073,
        "End": 0.001,
        "Percent": 99.99843402651585,
        "Count": 1532569
      },
      {
        "Start": 0.001,
        "End": 0.002,
        "Percent": 99.99960850662896,
        "Count": 18
      },
      {
        "Start": 0.002,
        "End": 0.002378409,
        "Percent": 100,
        "Count": 6
      }
    ],
    "Percentiles": [
      {
        "Percentile": 50,
        "Value": 0.0005370434479204185
      },
      {
        "Percentile": 75,
        "Value": 0.0007685289739641243
      },
      {
        "Percentile": 90,
        "Value": 0.0009074202895903476
      },
      {
        "Percentile": 99,
        "Value": 0.0009907550789660818
      },
      {
        "Percentile": 99.9,
        "Value": 0.000999088557903655
      }
    ]
  },
  "Exactly": 0,
  "Jitter": true,
  "RetCodes": {
    "200": 1532593
  },
  "Sizes": {
    "Count": 1532593,
    "Min": 75,
    "Max": 75,
    "Sum": 114944475,
    "Avg": 75,
    "StdDev": 0,
    "Data": [
      {
        "Start": 75,
        "End": 75,
        "Percent": 100,
        "Count": 1532593
      }
    ],
    "Percentiles": null
  },
  "HeaderSizes": {
    "Count": 1532593,
    "Min": 75,
    "Max": 75,
    "Sum": 114944475,
    "Avg": 75,
    "StdDev": 0,
    "Data": [
      {
        "Start": 75,
        "End": 75,
        "Percent": 100,
        "Count": 1532593
      }
    ],
    "Percentiles": null
  },
  "URL": "http://fortio-server:8080/echo\\?size\\=32",
  "SocketCount": 3,
  "AbortOn": 0
}
