{
  "RunType": "HTTP",
  "Labels": "1pod-diffnode-nosidecar-2core-conn1-resp1024",
  "StartTime": "2021-03-28T02:10:46.507193993Z",
  "RequestedQPS": "max",
  "RequestedDuration": "1m0s",
  "ActualQPS": 8303.814209926002,
  "ActualDuration": 60000138178,
  "NumThreads": 1,
  "Version": "1.11.3",
  "DurationHistogram": {
    "Count": 498230,
    "Min": 0.000091843,
    "Max": 0.001249979,
    "Sum": 59.8949719890009,
    "Avg": 0.00012021550687232985,
    "StdDev": 0.000011912603456313186,
    "Data": [
      {
        "Start": 0.000091843,
        "End": 0.001,
        "Percent": 99.99979928948477,
        "Count": 498229
      },
      {
        "Start": 0.001,
        "End": 0.001249979,
        "Percent": 100,
        "Count": 1
      }
    ],
    "Percentiles": [
      {
        "Percentile": 50,
        "Value": 0.0005459215000000002
      },
      {
        "Percentile": 75,
        "Value": 0.0007729616613869554
      },
      {
        "Percentile": 90,
        "Value": 0.0009091857582191286
      },
      {
        "Percentile": 99,
        "Value": 0.0009909202163184327
      },
      {
        "Percentile": 99.9,
        "Value": 0.0009990936621283631
      }
    ]
  },
  "Exactly": 0,
  "Jitter": true,
  "RetCodes": {
    "200": 498230
  },
  "Sizes": {
    "Count": 498230,
    "Min": 75,
    "Max": 75,
    "Sum": 37367250,
    "Avg": 75,
    "StdDev": 0,
    "Data": [
      {
        "Start": 75,
        "End": 75,
        "Percent": 100,
        "Count": 498230
      }
    ],
    "Percentiles": null
  },
  "HeaderSizes": {
    "Count": 498230,
    "Min": 75,
    "Max": 75,
    "Sum": 37367250,
    "Avg": 75,
    "StdDev": 0,
    "Data": [
      {
        "Start": 75,
        "End": 75,
        "Percent": 100,
        "Count": 498230
      }
    ],
    "Percentiles": null
  },
  "URL": "http://fortio-server:8080/echo\\?size\\=1024",
  "SocketCount": 1,
  "AbortOn": 0
}
