{
  "RunType": "HTTP",
  "Labels": "1pod-diffnode-nosidecar-2core-conn6-resp512",
  "StartTime": "2021-03-28T02:06:13.250811031Z",
  "RequestedQPS": "max",
  "RequestedDuration": "1m0s",
  "ActualQPS": 31629.779766113228,
  "ActualDuration": 60001808866,
  "NumThreads": 6,
  "Version": "1.11.3",
  "DurationHistogram": {
    "Count": 1897844,
    "Min": 0.000073581,
    "Max": 0.038247018,
    "Sum": 359.4993833509982,
    "Avg": 0.00018942514945959635,
    "StdDev": 0.0014500162790929976,
    "Data": [
      {
        "Start": 0.000073581,
        "End": 0.001,
        "Percent": 99.80467309220357,
        "Count": 1894137
      },
      {
        "Start": 0.001,
        "End": 0.002,
        "Percent": 99.80667536425544,
        "Count": 38
      },
      {
        "Start": 0.002,
        "End": 0.003,
        "Percent": 99.80878301904687,
        "Count": 40
      },
      {
        "Start": 0.003,
        "End": 0.004,
        "Percent": 99.80967877233324,
        "Count": 17
      },
      {
        "Start": 0.005,
        "End": 0.006,
        "Percent": 99.81010030329152,
        "Count": 8
      },
      {
        "Start": 0.006,
        "End": 0.007,
        "Percent": 99.81031106877067,
        "Count": 4
      },
      {
        "Start": 0.009000000000000001,
        "End": 0.01,
        "Percent": 99.8105745256196,
        "Count": 5
      },
      {
        "Start": 0.01,
        "End": 0.011,
        "Percent": 99.81062721698939,
        "Count": 1
      },
      {
        "Start": 0.02,
        "End": 0.025,
        "Percent": 99.81073259972895,
        "Count": 2
      },
      {
        "Start": 0.025,
        "End": 0.03,
        "Percent": 99.81484252657226,
        "Count": 78
      },
      {
        "Start": 0.03,
        "End": 0.035,
        "Percent": 99.96659367155573,
        "Count": 2880
      },
      {
        "Start": 0.035,
        "End": 0.038247018,
        "Percent": 100,
        "Count": 634
      }
    ],
    "Percentiles": [
      {
        "Percentile": 50,
        "Value": 0.0005376967994457632
      },
      {
        "Percentile": 75,
        "Value": 0.0007697549437178746
      },
      {
        "Percentile": 90,
        "Value": 0.0009089898302811414
      },
      {
        "Percentile": 99,
        "Value": 0.0009925307622191016
      },
      {
        "Percentile": 99.9,
        "Value": 0.0328058263888889
      }
    ]
  },
  "Exactly": 0,
  "Jitter": true,
  "RetCodes": {
    "200": 1897844
  },
  "Sizes": {
    "Count": 1897844,
    "Min": 75,
    "Max": 75,
    "Sum": 142338300,
    "Avg": 75,
    "StdDev": 0,
    "Data": [
      {
        "Start": 75,
        "End": 75,
        "Percent": 100,
        "Count": 1897844
      }
    ],
    "Percentiles": null
  },
  "HeaderSizes": {
    "Count": 1897844,
    "Min": 75,
    "Max": 75,
    "Sum": 142338300,
    "Avg": 75,
    "StdDev": 0,
    "Data": [
      {
        "Start": 75,
        "End": 75,
        "Percent": 100,
        "Count": 1897844
      }
    ],
    "Percentiles": null
  },
  "URL": "http://fortio-server:8080/echo\\?size\\=512",
  "SocketCount": 6,
  "AbortOn": 0
}
