{
  "RunType": "HTTP",
  "Labels": "1pod-diffnode-nosidecar-2core-conn4-resp32",
  "StartTime": "2021-03-28T01:43:55.934905405Z",
  "RequestedQPS": "max",
  "RequestedDuration": "1m0s",
  "ActualQPS": 29225.00950901098,
  "ActualDuration": 60000151564,
  "NumThreads": 4,
  "Version": "1.11.3",
  "DurationHistogram": {
    "Count": 1753505,
    "Min": 0.00007467,
    "Max": 0.018526723,
    "Sum": 239.58196857399994,
    "Avg": 0.00013663033100789557,
    "StdDev": 0.0004624130097954519,
    "Data": [
      {
        "Start": 0.00007467,
        "End": 0.001,
        "Percent": 99.86187664135545,
        "Count": 1751083
      },
      {
        "Start": 0.001,
        "End": 0.002,
        "Percent": 99.8629031568202,
        "Count": 18
      },
      {
        "Start": 0.002,
        "End": 0.003,
        "Percent": 99.86307424273099,
        "Count": 3
      },
      {
        "Start": 0.003,
        "End": 0.004,
        "Percent": 99.86324532864178,
        "Count": 3
      },
      {
        "Start": 0.004,
        "End": 0.005,
        "Percent": 99.86387264364801,
        "Count": 11
      },
      {
        "Start": 0.005,
        "End": 0.006,
        "Percent": 99.8646140159281,
        "Count": 13
      },
      {
        "Start": 0.006,
        "End": 0.007,
        "Percent": 99.86678110413143,
        "Count": 38
      },
      {
        "Start": 0.007,
        "End": 0.008,
        "Percent": 99.87083013735347,
        "Count": 71
      },
      {
        "Start": 0.008,
        "End": 0.009000000000000001,
        "Percent": 99.8796125474407,
        "Count": 154
      },
      {
        "Start": 0.009000000000000001,
        "End": 0.01,
        "Percent": 99.89033393118355,
        "Count": 188
      },
      {
        "Start": 0.01,
        "End": 0.011,
        "Percent": 99.90265211676044,
        "Count": 216
      },
      {
        "Start": 0.011,
        "End": 0.012,
        "Percent": 99.92050208011953,
        "Count": 313
      },
      {
        "Start": 0.012,
        "End": 0.014,
        "Percent": 99.96395790146022,
        "Count": 762
      },
      {
        "Start": 0.014,
        "End": 0.016,
        "Percent": 99.98910753034636,
        "Count": 441
      },
      {
        "Start": 0.016,
        "End": 0.018000000000000002,
        "Percent": 99.99954377090457,
        "Count": 183
      },
      {
        "Start": 0.018000000000000002,
        "End": 0.018526723,
        "Percent": 100,
        "Count": 8
      }
    ],
    "Percentiles": [
      {
        "Percentile": 50,
        "Value": 0.0005379746684821157
      },
      {
        "Percentile": 75,
        "Value": 0.0007696272669398121
      },
      {
        "Percentile": 90,
        "Value": 0.00090861882601443
      },
      {
        "Percentile": 99,
        "Value": 0.0009920137614592007
      },
      {
        "Percentile": 99.9,
        "Value": 0.010784699074074172
      }
    ]
  },
  "Exactly": 0,
  "Jitter": true,
  "RetCodes": {
    "200": 1753505
  },
  "Sizes": {
    "Count": 1753505,
    "Min": 75,
    "Max": 75,
    "Sum": 131512875,
    "Avg": 75,
    "StdDev": 0,
    "Data": [
      {
        "Start": 75,
        "End": 75,
        "Percent": 100,
        "Count": 1753505
      }
    ],
    "Percentiles": null
  },
  "HeaderSizes": {
    "Count": 1753505,
    "Min": 75,
    "Max": 75,
    "Sum": 131512875,
    "Avg": 75,
    "StdDev": 0,
    "Data": [
      {
        "Start": 75,
        "End": 75,
        "Percent": 100,
        "Count": 1753505
      }
    ],
    "Percentiles": null
  },
  "URL": "http://fortio-server:8080/echo\\?size\\=32",
  "SocketCount": 4,
  "AbortOn": 0
}
