{
  "RunType": "HTTP",
  "Labels": "1pod-diffnode-nosidecar-2core-conn2-resp512",
  "StartTime": "2021-03-28T02:02:10.344227881Z",
  "RequestedQPS": "max",
  "RequestedDuration": "1m0s",
  "ActualQPS": 17142.500388175336,
  "ActualDuration": 60000173645,
  "NumThreads": 2,
  "Version": "1.11.3",
  "DurationHistogram": {
    "Count": 1028553,
    "Min": 0.000077653,
    "Max": 0.001548306,
    "Sum": 119.82462852099859,
    "Avg": 0.0001164982538780195,
    "StdDev": 0.000016441556025500633,
    "Data": [
      {
        "Start": 0.000077653,
        "End": 0.001,
        "Percent": 99.99902776035849,
        "Count": 1028543
      },
      {
        "Start": 0.001,
        "End": 0.001548306,
        "Percent": 100,
        "Count": 10
      }
    ],
    "Percentiles": [
      {
        "Percentile": 50,
        "Value": 0.0005388305353835818
      },
      {
        "Percentile": 75,
        "Value": 0.0007694197514513262
      },
      {
        "Percentile": 90,
        "Value": 0.0009077732810919729
      },
      {
        "Percentile": 99,
        "Value": 0.0009907853988763609
      },
      {
        "Percentile": 99.9,
        "Value": 0.0009990866106547997
      }
    ]
  },
  "Exactly": 0,
  "Jitter": true,
  "RetCodes": {
    "200": 1028553
  },
  "Sizes": {
    "Count": 1028553,
    "Min": 75,
    "Max": 75,
    "Sum": 77141475,
    "Avg": 75,
    "StdDev": 0,
    "Data": [
      {
        "Start": 75,
        "End": 75,
        "Percent": 100,
        "Count": 1028553
      }
    ],
    "Percentiles": null
  },
  "HeaderSizes": {
    "Count": 1028553,
    "Min": 75,
    "Max": 75,
    "Sum": 77141475,
    "Avg": 75,
    "StdDev": 0,
    "Data": [
      {
        "Start": 75,
        "End": 75,
        "Percent": 100,
        "Count": 1028553
      }
    ],
    "Percentiles": null
  },
  "URL": "http://fortio-server:8080/echo\\?size\\=512",
  "SocketCount": 2,
  "AbortOn": 0
}
