{
  "RunType": "HTTP",
  "Labels": "1pod-diffnode-nosidecar-2core-conn1-resp2048",
  "StartTime": "2021-03-28T02:20:22.998959084Z",
  "RequestedQPS": "max",
  "RequestedDuration": "1m0s",
  "ActualQPS": 8435.784704094578,
  "ActualDuration": 60000108793,
  "NumThreads": 1,
  "Version": "1.11.3",
  "DurationHistogram": {
    "Count": 506148,
    "Min": 0.000092647,
    "Max": 0.001523432,
    "Sum": 59.89419191800038,
    "Avg": 0.00011833335687980667,
    "StdDev": 0.000012555791787339706,
    "Data": [
      {
        "Start": 0.000092647,
        "End": 0.001,
        "Percent": 99.99920971731588,
        "Count": 506144
      },
      {
        "Start": 0.001,
        "End": 0.001523432,
        "Percent": 100,
        "Count": 4
      }
    ],
    "Percentiles": [
      {
        "Percentile": 50,
        "Value": 0.0005463261890216797
      },
      {
        "Percentile": 75,
        "Value": 0.0007731666798730794
      },
      {
        "Percentile": 90,
        "Value": 0.0009092709743839193
      },
      {
        "Percentile": 99,
        "Value": 0.0009909335510904231
      },
      {
        "Percentile": 99.9,
        "Value": 0.0009990998087610736
      }
    ]
  },
  "Exactly": 0,
  "Jitter": true,
  "RetCodes": {
    "200": 506148
  },
  "Sizes": {
    "Count": 506148,
    "Min": 75,
    "Max": 75,
    "Sum": 37961100,
    "Avg": 75,
    "StdDev": 0,
    "Data": [
      {
        "Start": 75,
        "End": 75,
        "Percent": 100,
        "Count": 506148
      }
    ],
    "Percentiles": null
  },
  "HeaderSizes": {
    "Count": 506148,
    "Min": 75,
    "Max": 75,
    "Sum": 37961100,
    "Avg": 75,
    "StdDev": 0,
    "Data": [
      {
        "Start": 75,
        "End": 75,
        "Percent": 100,
        "Count": 506148
      }
    ],
    "Percentiles": null
  },
  "URL": "http://fortio-server:8080/echo\\?size\\=2048",
  "SocketCount": 1,
  "AbortOn": 0
}
