{
  "RunType": "HTTP",
  "Labels": "1pod-diffnode-nosidecar-2core-conn8-resp32",
  "StartTime": "2021-03-28T01:47:58.9887216Z",
  "RequestedQPS": "max",
  "RequestedDuration": "1m0s",
  "ActualQPS": 30478.26938366336,
  "ActualDuration": 60044813469,
  "NumThreads": 8,
  "Version": "1.11.3",
  "DurationHistogram": {
    "Count": 1830062,
    "Min": 0.0000736,
    "Max": 0.049807161,
    "Sum": 479.5330440820002,
    "Avg": 0.0002620310372446399,
    "StdDev": 0.0023358866539634755,
    "Data": [
      {
        "Start": 0.0000736,
        "End": 0.001,
        "Percent": 99.73405272608251,
        "Count": 1825195
      },
      {
        "Start": 0.001,
        "End": 0.002,
        "Percent": 99.73727666057215,
        "Count": 59
      },
      {
        "Start": 0.005,
        "End": 0.006,
        "Percent": 99.73771380423177,
        "Count": 8
      },
      {
        "Start": 0.014,
        "End": 0.016,
        "Percent": 99.73809630493393,
        "Count": 7
      },
      {
        "Start": 0.03,
        "End": 0.035,
        "Percent": 99.73847880563609,
        "Count": 7
      },
      {
        "Start": 0.04,
        "End": 0.045,
        "Percent": 99.80678250245073,
        "Count": 1250
      },
      {
        "Start": 0.045,
        "End": 0.049807161,
        "Percent": 100,
        "Count": 3536
      }
    ],
    "Percentiles": [
      {
        "Percentile": 50,
        "Value": 0.0005380348995230095
      },
      {
        "Percentile": 75,
        "Value": 0.0007702526030657563
      },
      {
        "Percentile": 90,
        "Value": 0.0009095832251914042
      },
      {
        "Percentile": 99,
        "Value": 0.0009931815984667931
      },
      {
        "Percentile": 99.9,
        "Value": 0.047319207755095814
      }
    ]
  },
  "Exactly": 0,
  "Jitter": true,
  "RetCodes": {
    "200": 1830062
  },
  "Sizes": {
    "Count": 1830062,
    "Min": 75,
    "Max": 75,
    "Sum": 137254650,
    "Avg": 75,
    "StdDev": 0,
    "Data": [
      {
        "Start": 75,
        "End": 75,
        "Percent": 100,
        "Count": 1830062
      }
    ],
    "Percentiles": null
  },
  "HeaderSizes": {
    "Count": 1830062,
    "Min": 75,
    "Max": 75,
    "Sum": 137254650,
    "Avg": 75,
    "StdDev": 0,
    "Data": [
      {
        "Start": 75,
        "End": 75,
        "Percent": 100,
        "Count": 1830062
      }
    ],
    "Percentiles": null
  },
  "URL": "http://fortio-server:8080/echo\\?size\\=32",
  "SocketCount": 8,
  "AbortOn": 0
}
