{
  "RunType": "HTTP",
  "Labels": "1pod-diffnode-nosidecar-2core-conn7-resp128",
  "StartTime": "2021-03-28T01:56:36.336743335Z",
  "RequestedQPS": "max",
  "RequestedDuration": "1m0s",
  "ActualQPS": 31891.81777811269,
  "ActualDuration": 60000186045,
  "NumThreads": 7,
  "Version": "1.11.3",
  "DurationHistogram": {
    "Count": 1913515,
    "Min": 0.000072462,
    "Max": 0.045342954,
    "Sum": 419.4781540360002,
    "Avg": 0.00021921863901563365,
    "StdDev": 0.0018822255374293005,
    "Data": [
      {
        "Start": 0.000072462,
        "End": 0.001,
        "Percent": 99.77763435353263,
        "Count": 1909260
      },
      {
        "Start": 0.001,
        "End": 0.002,
        "Percent": 99.77946344815693,
        "Count": 35
      },
      {
        "Start": 0.002,
        "End": 0.003,
        "Percent": 99.78019508600664,
        "Count": 14
      },
      {
        "Start": 0.005,
        "End": 0.006,
        "Percent": 99.78035186554587,
        "Count": 3
      },
      {
        "Start": 0.009000000000000001,
        "End": 0.01,
        "Percent": 99.78050864508509,
        "Count": 3
      },
      {
        "Start": 0.025,
        "End": 0.03,
        "Percent": 99.78066542462432,
        "Count": 3
      },
      {
        "Start": 0.03,
        "End": 0.035,
        "Percent": 99.7811880230884,
        "Count": 10
      },
      {
        "Start": 0.035,
        "End": 0.04,
        "Percent": 99.86846196659027,
        "Count": 1670
      },
      {
        "Start": 0.04,
        "End": 0.045,
        "Percent": 99.99932062199669,
        "Count": 2504
      },
      {
        "Start": 0.045,
        "End": 0.045342954,
        "Percent": 100,
        "Count": 13
      }
    ],
    "Percentiles": [
      {
        "Percentile": 50,
        "Value": 0.0005372643188561637
      },
      {
        "Percentile": 75,
        "Value": 0.0007696657211894772
      },
      {
        "Percentile": 90,
        "Value": 0.0009091065625894654
      },
      {
        "Percentile": 99,
        "Value": 0.0009927710674294582
      },
      {
        "Percentile": 99.9,
        "Value": 0.04120504193290777
      }
    ]
  },
  "Exactly": 0,
  "Jitter": true,
  "RetCodes": {
    "200": 1913515
  },
  "Sizes": {
    "Count": 1913515,
    "Min": 75,
    "Max": 75,
    "Sum": 143513625,
    "Avg": 75,
    "StdDev": 0,
    "Data": [
      {
        "Start": 75,
        "End": 75,
        "Percent": 100,
        "Count": 1913515
      }
    ],
    "Percentiles": null
  },
  "HeaderSizes": {
    "Count": 1913515,
    "Min": 75,
    "Max": 75,
    "Sum": 143513625,
    "Avg": 75,
    "StdDev": 0,
    "Data": [
      {
        "Start": 75,
        "End": 75,
        "Percent": 100,
        "Count": 1913515
      }
    ],
    "Percentiles": null
  },
  "URL": "http://fortio-server:8080/echo\\?size\\=128",
  "SocketCount": 7,
  "AbortOn": 0
}
