{
  "RunType": "HTTP",
  "Labels": "1pod-diffnode-nosidecar-2core-conn5-resp1024",
  "StartTime": "2021-03-28T02:14:49.285896271Z",
  "RequestedQPS": "max",
  "RequestedDuration": "1m0s",
  "ActualQPS": 30784.808637846094,
  "ActualDuration": 60001347474,
  "NumThreads": 5,
  "Version": "1.11.3",
  "DurationHistogram": {
    "Count": 1847130,
    "Min": 0.000073826,
    "Max": 0.029702881,
    "Sum": 299.52866130599864,
    "Avg": 0.0001621589499959389,
    "StdDev": 0.0009870510839335553,
    "Data": [
      {
        "Start": 0.000073826,
        "End": 0.001,
        "Percent": 99.83607001131485,
        "Count": 1844102
      },
      {
        "Start": 0.001,
        "End": 0.002,
        "Percent": 99.8366655297678,
        "Count": 11
      },
      {
        "Start": 0.002,
        "End": 0.003,
        "Percent": 99.83720691017957,
        "Count": 10
      },
      {
        "Start": 0.003,
        "End": 0.004,
        "Percent": 99.83742346234429,
        "Count": 4
      },
      {
        "Start": 0.007,
        "End": 0.008,
        "Percent": 99.83785656667371,
        "Count": 8
      },
      {
        "Start": 0.01,
        "End": 0.011,
        "Percent": 99.83801898079723,
        "Count": 3
      },
      {
        "Start": 0.012,
        "End": 0.014,
        "Percent": 99.83812725687959,
        "Count": 2
      },
      {
        "Start": 0.018000000000000002,
        "End": 0.02,
        "Percent": 99.83964312203256,
        "Count": 28
      },
      {
        "Start": 0.02,
        "End": 0.025,
        "Percent": 99.93351848543416,
        "Count": 1734
      },
      {
        "Start": 0.025,
        "End": 0.029702881,
        "Percent": 100,
        "Count": 1228
      }
    ],
    "Percentiles": [
      {
        "Percentile": 50,
        "Value": 0.0005376731342599998
      },
      {
        "Percentile": 75,
        "Value": 0.0007695969525080243
      },
      {
        "Percentile": 90,
        "Value": 0.000908751243456839
      },
      {
        "Percentile": 99,
        "Value": 0.0009922438180261276
      },
      {
        "Percentile": 99.9,
        "Value": 0.02321473471741663
      }
    ]
  },
  "Exactly": 0,
  "Jitter": true,
  "RetCodes": {
    "200": 1847130
  },
  "Sizes": {
    "Count": 1847130,
    "Min": 75,
    "Max": 75,
    "Sum": 138534750,
    "Avg": 75,
    "StdDev": 0,
    "Data": [
      {
        "Start": 75,
        "End": 75,
        "Percent": 100,
        "Count": 1847130
      }
    ],
    "Percentiles": null
  },
  "HeaderSizes": {
    "Count": 1847130,
    "Min": 75,
    "Max": 75,
    "Sum": 138534750,
    "Avg": 75,
    "StdDev": 0,
    "Data": [
      {
        "Start": 75,
        "End": 75,
        "Percent": 100,
        "Count": 1847130
      }
    ],
    "Percentiles": null
  },
  "URL": "http://fortio-server:8080/echo\\?size\\=1024",
  "SocketCount": 5,
  "AbortOn": 0
}
