{
  "RunType": "HTTP",
  "Labels": "1pod-diffnode-nosidecar-2core-conn7-resp2048",
  "StartTime": "2021-03-28T02:26:27.533910679Z",
  "RequestedQPS": "max",
  "RequestedDuration": "1m0s",
  "ActualQPS": 31248.435506499,
  "ActualDuration": 60001307893,
  "NumThreads": 7,
  "Version": "1.11.3",
  "DurationHistogram": {
    "Count": 1874947,
    "Min": 0.000073144,
    "Max": 0.046318177,
    "Sum": 419.4987758079974,
    "Avg": 0.00022373900478680057,
    "StdDev": 0.0019597971891790905,
    "Data": [
      {
        "Start": 0.000073144,
        "End": 0.001,
        "Percent": 99.77060684915361,
        "Count": 1870646
      },
      {
        "Start": 0.001,
        "End": 0.002,
        "Percent": 99.77423361833695,
        "Count": 68
      },
      {
        "Start": 0.002,
        "End": 0.003,
        "Percent": 99.77599366808768,
        "Count": 33
      },
      {
        "Start": 0.03,
        "End": 0.035,
        "Percent": 99.7763670119742,
        "Count": 7
      },
      {
        "Start": 0.035,
        "End": 0.04,
        "Percent": 99.80655453194143,
        "Count": 566
      },
      {
        "Start": 0.04,
        "End": 0.045,
        "Percent": 99.9982932850902,
        "Count": 3595
      },
      {
        "Start": 0.045,
        "End": 0.046318177,
        "Percent": 100,
        "Count": 32
      }
    ],
    "Percentiles": [
      {
        "Percentile": 50,
        "Value": 0.0005376372691451343
      },
      {
        "Percentile": 75,
        "Value": 0.0007698841514547121
      },
      {
        "Percentile": 90,
        "Value": 0.0009092322808404588
      },
      {
        "Percentile": 99,
        "Value": 0.0009928411584719068
      },
      {
        "Percentile": 99.9,
        "Value": 0.042436791376912524
      }
    ]
  },
  "Exactly": 0,
  "Jitter": true,
  "RetCodes": {
    "200": 1874947
  },
  "Sizes": {
    "Count": 1874947,
    "Min": 75,
    "Max": 75,
    "Sum": 140621025,
    "Avg": 75,
    "StdDev": 0,
    "Data": [
      {
        "Start": 75,
        "End": 75,
        "Percent": 100,
        "Count": 1874947
      }
    ],
    "Percentiles": null
  },
  "HeaderSizes": {
    "Count": 1874947,
    "Min": 75,
    "Max": 75,
    "Sum": 140621025,
    "Avg": 75,
    "StdDev": 0,
    "Data": [
      {
        "Start": 75,
        "End": 75,
        "Percent": 100,
        "Count": 1874947
      }
    ],
    "Percentiles": null
  },
  "URL": "http://fortio-server:8080/echo\\?size\\=2048",
  "SocketCount": 7,
  "AbortOn": 0
}
