{
  "RunType": "HTTP",
  "Labels": "1pod-diffnode-nosidecar-2core-conn3-resp1024",
  "StartTime": "2021-03-28T02:12:47.91672161Z",
  "RequestedQPS": "max",
  "RequestedDuration": "1m0s",
  "ActualQPS": 25419.65226189305,
  "ActualDuration": 60000112680,
  "NumThreads": 3,
  "Version": "1.11.3",
  "DurationHistogram": {
    "Count": 1525182,
    "Min": 0.000073834,
    "Max": 0.004263192,
    "Sum": 179.64673268000013,
    "Avg": 0.00011778707897155888,
    "StdDev": 0.00002419274176135012,
    "Data": [
      {
        "Start": 0.000073834,
        "End": 0.001,
        "Percent": 99.9950169881365,
        "Count": 1525106
      },
      {
        "Start": 0.001,
        "End": 0.002,
        "Percent": 99.99888537892527,
        "Count": 59
      },
      {
        "Start": 0.002,
        "End": 0.003,
        "Percent": 99.99980330216329,
        "Count": 14
      },
      {
        "Start": 0.003,
        "End": 0.004,
        "Percent": 99.99993443405442,
        "Count": 2
      },
      {
        "Start": 0.004,
        "End": 0.004263192,
        "Percent": 100,
        "Count": 1
      }
    ],
    "Percentiles": [
      {
        "Percentile": 50,
        "Value": 0.000536939773005793
      },
      {
        "Percentile": 75,
        "Value": 0.0007684929631487666
      },
      {
        "Percentile": 90,
        "Value": 0.000907424877234551
      },
      {
        "Percentile": 99,
        "Value": 0.0009907840256860216
      },
      {
        "Percentile": 99.9,
        "Value": 0.0009991199405311687
      }
    ]
  },
  "Exactly": 0,
  "Jitter": true,
  "RetCodes": {
    "200": 1525182
  },
  "Sizes": {
    "Count": 1525182,
    "Min": 75,
    "Max": 75,
    "Sum": 114388650,
    "Avg": 75,
    "StdDev": 0,
    "Data": [
      {
        "Start": 75,
        "End": 75,
        "Percent": 100,
        "Count": 1525182
      }
    ],
    "Percentiles": null
  },
  "HeaderSizes": {
    "Count": 1525182,
    "Min": 75,
    "Max": 75,
    "Sum": 114388650,
    "Avg": 75,
    "StdDev": 0,
    "Data": [
      {
        "Start": 75,
        "End": 75,
        "Percent": 100,
        "Count": 1525182
      }
    ],
    "Percentiles": null
  },
  "URL": "http://fortio-server:8080/echo\\?size\\=1024",
  "SocketCount": 3,
  "AbortOn": 0
}
