{
  "RunType": "HTTP",
  "Labels": "1pod-diffnode-nosidecar-2core-conn9-resp32",
  "StartTime": "2021-03-28T01:48:59.881563109Z",
  "RequestedQPS": "max",
  "RequestedDuration": "1m0s",
  "ActualQPS": 29877.33280208392,
  "ActualDuration": 60000201888,
  "NumThreads": 9,
  "Version": "1.11.3",
  "DurationHistogram": {
    "Count": 1792646,
    "Min": 0.000073563,
    "Max": 0.054514417,
    "Sum": 539.4826314999973,
    "Avg": 0.00030094208867785234,
    "StdDev": 0.0027471631729720962,
    "Data": [
      {
        "Start": 0.000073563,
        "End": 0.001,
        "Percent": 99.69168480558906,
        "Count": 1787119
      },
      {
        "Start": 0.001,
        "End": 0.002,
        "Percent": 99.69731893524991,
        "Count": 101
      },
      {
        "Start": 0.002,
        "End": 0.003,
        "Percent": 99.69865773833763,
        "Count": 24
      },
      {
        "Start": 0.003,
        "End": 0.004,
        "Percent": 99.6987693052616,
        "Count": 2
      },
      {
        "Start": 0.004,
        "End": 0.005,
        "Percent": 99.6992713564195,
        "Count": 9
      },
      {
        "Start": 0.045,
        "End": 0.05,
        "Percent": 99.81870374853708,
        "Count": 2141
      },
      {
        "Start": 0.05,
        "End": 0.054514417,
        "Percent": 100,
        "Count": 3250
      }
    ],
    "Percentiles": [
      {
        "Percentile": 50,
        "Value": 0.0005382138315142033
      },
      {
        "Percentile": 75,
        "Value": 0.0007705395064699142
      },
      {
        "Percentile": 90,
        "Value": 0.0009099349114433407
      },
      {
        "Percentile": 99,
        "Value": 0.0009935721544273965
      },
      {
        "Percentile": 99.9,
        "Value": 0.05202433959157496
      }
    ]
  },
  "Exactly": 0,
  "Jitter": true,
  "RetCodes": {
    "200": 1792646
  },
  "Sizes": {
    "Count": 1792646,
    "Min": 75,
    "Max": 75,
    "Sum": 134448450,
    "Avg": 75,
    "StdDev": 0,
    "Data": [
      {
        "Start": 75,
        "End": 75,
        "Percent": 100,
        "Count": 1792646
      }
    ],
    "Percentiles": null
  },
  "HeaderSizes": {
    "Count": 1792646,
    "Min": 75,
    "Max": 75,
    "Sum": 134448450,
    "Avg": 75,
    "StdDev": 0,
    "Data": [
      {
        "Start": 75,
        "End": 75,
        "Percent": 100,
        "Count": 1792646
      }
    ],
    "Percentiles": null
  },
  "URL": "http://fortio-server:8080/echo\\?size\\=32",
  "SocketCount": 9,
  "AbortOn": 0
}
