{
  "RunType": "HTTP",
  "Labels": "1pod-diffnode-nosidecar-2core-conn6-resp32",
  "StartTime": "2021-03-28T01:45:57.516098735Z",
  "RequestedQPS": "max",
  "RequestedDuration": "1m0s",
  "ActualQPS": 32075.67474230562,
  "ActualDuration": 60017225373,
  "NumThreads": 6,
  "Version": "1.11.3",
  "DurationHistogram": {
    "Count": 1925093,
    "Min": 0.000073287,
    "Max": 0.037389177,
    "Sum": 359.5927946959992,
    "Avg": 0.00018679242753259152,
    "StdDev": 0.001405532163274383,
    "Data": [
      {
        "Start": 0.000073287,
        "End": 0.001,
        "Percent": 99.80806122093841,
        "Count": 1921398
      },
      {
        "Start": 0.001,
        "End": 0.002,
        "Percent": 99.81050266142987,
        "Count": 47
      },
      {
        "Start": 0.002,
        "End": 0.003,
        "Percent": 99.812061027701,
        "Count": 30
      },
      {
        "Start": 0.006,
        "End": 0.007,
        "Percent": 99.81252853758234,
        "Count": 9
      },
      {
        "Start": 0.008,
        "End": 0.009000000000000001,
        "Percent": 99.81284021083657,
        "Count": 6
      },
      {
        "Start": 0.009000000000000001,
        "End": 0.01,
        "Percent": 99.81299604746368,
        "Count": 3
      },
      {
        "Start": 0.02,
        "End": 0.025,
        "Percent": 99.81361939397213,
        "Count": 12
      },
      {
        "Start": 0.025,
        "End": 0.03,
        "Percent": 99.82291764605658,
        "Count": 179
      },
      {
        "Start": 0.03,
        "End": 0.035,
        "Percent": 99.98826030742411,
        "Count": 3183
      },
      {
        "Start": 0.035,
        "End": 0.037389177,
        "Percent": 100,
        "Count": 226
      }
    ],
    "Percentiles": [
      {
        "Percentile": 50,
        "Value": 0.0005375343304275483
      },
      {
        "Percentile": 75,
        "Value": 0.0007696582367973668
      },
      {
        "Percentile": 90,
        "Value": 0.0009089325806192577
      },
      {
        "Percentile": 99,
        "Value": 0.0009924971869123924
      },
      {
        "Percentile": 99.9,
        "Value": 0.03233098806157723
      }
    ]
  },
  "Exactly": 0,
  "Jitter": true,
  "RetCodes": {
    "200": 1925093
  },
  "Sizes": {
    "Count": 1925093,
    "Min": 75,
    "Max": 75,
    "Sum": 144381975,
    "Avg": 75,
    "StdDev": 0,
    "Data": [
      {
        "Start": 75,
        "End": 75,
        "Percent": 100,
        "Count": 1925093
      }
    ],
    "Percentiles": null
  },
  "HeaderSizes": {
    "Count": 1925093,
    "Min": 75,
    "Max": 75,
    "Sum": 144381975,
    "Avg": 75,
    "StdDev": 0,
    "Data": [
      {
        "Start": 75,
        "End": 75,
        "Percent": 100,
        "Count": 1925093
      }
    ],
    "Percentiles": null
  },
  "URL": "http://fortio-server:8080/echo\\?size\\=32",
  "SocketCount": 6,
  "AbortOn": 0
}
