{
  "RunType": "HTTP",
  "Labels": "1pod-diffnode-nosidecar-2core-conn9-resp128",
  "StartTime": "2021-03-28T01:58:37.893576089Z",
  "RequestedQPS": "max",
  "RequestedDuration": "1m0s",
  "ActualQPS": 29989.596661171785,
  "ActualDuration": 60036119203,
  "NumThreads": 9,
  "Version": "1.11.3",
  "DurationHistogram": {
    "Count": 1800459,
    "Min": 0.000073089,
    "Max": 0.054096778,
    "Sum": 539.8079342819985,
    "Avg": 0.00029981684352823284,
    "StdDev": 0.0027254769731404893,
    "Data": [
      {
        "Start": 0.000073089,
        "End": 0.001,
        "Percent": 99.69591087605994,
        "Count": 1794984
      },
      {
        "Start": 0.001,
        "End": 0.002,
        "Percent": 99.69940998378746,
        "Count": 63
      },
      {
        "Start": 0.006,
        "End": 0.007,
        "Percent": 99.69990985631998,
        "Count": 9
      },
      {
        "Start": 0.009000000000000001,
        "End": 0.01,
        "Percent": 99.70007648049747,
        "Count": 3
      },
      {
        "Start": 0.035,
        "End": 0.04,
        "Percent": 99.70018756328247,
        "Count": 2
      },
      {
        "Start": 0.04,
        "End": 0.045,
        "Percent": 99.70074297720748,
        "Count": 10
      },
      {
        "Start": 0.045,
        "End": 0.05,
        "Percent": 99.84998269885624,
        "Count": 2687
      },
      {
        "Start": 0.05,
        "End": 0.054096778,
        "Percent": 100,
        "Count": 2701
      }
    ],
    "Percentiles": [
      {
        "Percentile": 50,
        "Value": 0.0005379578590162135
      },
      {
        "Percentile": 75,
        "Value": 0.0007703925467192448
      },
      {
        "Percentile": 90,
        "Value": 0.0009098533593410634
      },
      {
        "Percentile": 99,
        "Value": 0.0009935298469141546
      },
      {
        "Percentile": 99.9,
        "Value": 0.05136590764787055
      }
    ]
  },
  "Exactly": 0,
  "Jitter": true,
  "RetCodes": {
    "200": 1800459
  },
  "Sizes": {
    "Count": 1800459,
    "Min": 75,
    "Max": 75,
    "Sum": 135034425,
    "Avg": 75,
    "StdDev": 0,
    "Data": [
      {
        "Start": 75,
        "End": 75,
        "Percent": 100,
        "Count": 1800459
      }
    ],
    "Percentiles": null
  },
  "HeaderSizes": {
    "Count": 1800459,
    "Min": 75,
    "Max": 75,
    "Sum": 135034425,
    "Avg": 75,
    "StdDev": 0,
    "Data": [
      {
        "Start": 75,
        "End": 75,
        "Percent": 100,
        "Count": 1800459
      }
    ],
    "Percentiles": null
  },
  "URL": "http://fortio-server:8080/echo\\?size\\=128",
  "SocketCount": 9,
  "AbortOn": 0
}
