{
  "RunType": "HTTP",
  "Labels": "1pod-diffnode-nosidecar-2core-conn7-resp1024",
  "StartTime": "2021-03-28T02:16:50.642632825Z",
  "RequestedQPS": "max",
  "RequestedDuration": "1m0s",
  "ActualQPS": 31556.080822430336,
  "ActualDuration": 60001494186,
  "NumThreads": 7,
  "Version": "1.11.3",
  "DurationHistogram": {
    "Count": 1893412,
    "Min": 0.000074247,
    "Max": 0.045919162,
    "Sum": 419.48034133299757,
    "Avg": 0.00022154731317483863,
    "StdDev": 0.0019099438149629486,
    "Data": [
      {
        "Start": 0.000074247,
        "End": 0.001,
        "Percent": 99.77469245996117,
        "Count": 1889146
      },
      {
        "Start": 0.001,
        "End": 0.002,
        "Percent": 99.77765008355287,
        "Count": 56
      },
      {
        "Start": 0.002,
        "End": 0.003,
        "Percent": 99.77801978650183,
        "Count": 7
      },
      {
        "Start": 0.009000000000000001,
        "End": 0.01,
        "Percent": 99.77817823062281,
        "Count": 3
      },
      {
        "Start": 0.02,
        "End": 0.025,
        "Percent": 99.77854793357177,
        "Count": 7
      },
      {
        "Start": 0.03,
        "End": 0.035,
        "Percent": 99.77870637769276,
        "Count": 3
      },
      {
        "Start": 0.035,
        "End": 0.04,
        "Percent": 99.84662609088777,
        "Count": 1286
      },
      {
        "Start": 0.04,
        "End": 0.045,
        "Percent": 99.99963029705104,
        "Count": 2897
      },
      {
        "Start": 0.045,
        "End": 0.045919162,
        "Percent": 100,
        "Count": 7
      }
    ],
    "Percentiles": [
      {
        "Percentile": 50,
        "Value": 0.0005381685062184216
      },
      {
        "Percentile": 75,
        "Value": 0.0007701295043466754
      },
      {
        "Percentile": 90,
        "Value": 0.0009093061032236277
      },
      {
        "Percentile": 99,
        "Value": 0.000992812062549799
      },
      {
        "Percentile": 99.9,
        "Value": 0.041744197445633686
      }
    ]
  },
  "Exactly": 0,
  "Jitter": true,
  "RetCodes": {
    "200": 1893412
  },
  "Sizes": {
    "Count": 1893412,
    "Min": 75,
    "Max": 75,
    "Sum": 142005900,
    "Avg": 75,
    "StdDev": 0,
    "Data": [
      {
        "Start": 75,
        "End": 75,
        "Percent": 100,
        "Count": 1893412
      }
    ],
    "Percentiles": null
  },
  "HeaderSizes": {
    "Count": 1893412,
    "Min": 75,
    "Max": 75,
    "Sum": 142005900,
    "Avg": 75,
    "StdDev": 0,
    "Data": [
      {
        "Start": 75,
        "End": 75,
        "Percent": 100,
        "Count": 1893412
      }
    ],
    "Percentiles": null
  },
  "URL": "http://fortio-server:8080/echo\\?size\\=1024",
  "SocketCount": 7,
  "AbortOn": 0
}
