{
  "RunType": "HTTP",
  "Labels": "1pod-diffnode-nosidecar-2core-conn10-resp128",
  "StartTime": "2021-03-28T01:59:38.742367303Z",
  "RequestedQPS": "max",
  "RequestedDuration": "1m0s",
  "ActualQPS": 29183.122449928607,
  "ActualDuration": 60000193708,
  "NumThreads": 10,
  "Version": "1.11.3",
  "DurationHistogram": {
    "Count": 1750993,
    "Min": 0.000073646,
    "Max": 0.059623795,
    "Sum": 599.477535898,
    "Avg": 0.00034236432464207457,
    "StdDev": 0.0031488547210979374,
    "Data": [
      {
        "Start": 0.000073646,
        "End": 0.001,
        "Percent": 99.64848517384135,
        "Count": 1744838
      },
      {
        "Start": 0.001,
        "End": 0.002,
        "Percent": 99.65716596239962,
        "Count": 152
      },
      {
        "Start": 0.002,
        "End": 0.003,
        "Percent": 99.65728018330171,
        "Count": 2
      },
      {
        "Start": 0.003,
        "End": 0.004,
        "Percent": 99.65733729375275,
        "Count": 1
      },
      {
        "Start": 0.035,
        "End": 0.04,
        "Percent": 99.65790839826316,
        "Count": 10
      },
      {
        "Start": 0.045,
        "End": 0.05,
        "Percent": 99.65916482818606,
        "Count": 22
      },
      {
        "Start": 0.05,
        "End": 0.059623795,
        "Percent": 100,
        "Count": 5968
      }
    ],
    "Percentiles": [
      {
        "Percentile": 50,
        "Value": 0.0005384566146344903
      },
      {
        "Percentile": 75,
        "Value": 0.0007708621874074771
      },
      {
        "Percentile": 90,
        "Value": 0.0009103055310712692
      },
      {
        "Percentile": 99,
        "Value": 0.0009939715372695444
      },
      {
        "Percentile": 99.9,
        "Value": 0.05680020289570475
      }
    ]
  },
  "Exactly": 0,
  "Jitter": true,
  "RetCodes": {
    "200": 1750993
  },
  "Sizes": {
    "Count": 1750993,
    "Min": 75,
    "Max": 75,
    "Sum": 131324475,
    "Avg": 75,
    "StdDev": 0,
    "Data": [
      {
        "Start": 75,
        "End": 75,
        "Percent": 100,
        "Count": 1750993
      }
    ],
    "Percentiles": null
  },
  "HeaderSizes": {
    "Count": 1750993,
    "Min": 75,
    "Max": 75,
    "Sum": 131324475,
    "Avg": 75,
    "StdDev": 0,
    "Data": [
      {
        "Start": 75,
        "End": 75,
        "Percent": 100,
        "Count": 1750993
      }
    ],
    "Percentiles": null
  },
  "URL": "http://fortio-server:8080/echo\\?size\\=128",
  "SocketCount": 10,
  "AbortOn": 0
}
