{
  "RunType": "HTTP",
  "Labels": "1pod-diffnode-nosidecar-2core-conn4-resp1024",
  "StartTime": "2021-03-28T02:13:48.537048792Z",
  "RequestedQPS": "max",
  "RequestedDuration": "1m0s",
  "ActualQPS": 28864.423487845455,
  "ActualDuration": 60000228334,
  "NumThreads": 4,
  "Version": "1.11.3",
  "DurationHistogram": {
    "Count": 1731872,
    "Min": 0.000072289,
    "Max": 0.019483287,
    "Sum": 239.5881051260005,
    "Avg": 0.00013834053851901324,
    "StdDev": 0.0004961706862226325,
    "Data": [
      {
        "Start": 0.000072289,
        "End": 0.001,
        "Percent": 99.86044003251972,
        "Count": 1729455
      },
      {
        "Start": 0.001,
        "End": 0.002,
        "Percent": 99.86107518338538,
        "Count": 11
      },
      {
        "Start": 0.002,
        "End": 0.003,
        "Percent": 99.86124840634874,
        "Count": 3
      },
      {
        "Start": 0.003,
        "End": 0.004,
        "Percent": 99.86165259326324,
        "Count": 7
      },
      {
        "Start": 0.004,
        "End": 0.005,
        "Percent": 99.8618258162266,
        "Count": 3
      },
      {
        "Start": 0.005,
        "End": 0.006,
        "Percent": 99.86199903918997,
        "Count": 3
      },
      {
        "Start": 0.006,
        "End": 0.007,
        "Percent": 99.86263419005562,
        "Count": 11
      },
      {
        "Start": 0.007,
        "End": 0.008,
        "Percent": 99.86436641968922,
        "Count": 30
      },
      {
        "Start": 0.008,
        "End": 0.009000000000000001,
        "Percent": 99.86754217401747,
        "Count": 55
      },
      {
        "Start": 0.009000000000000001,
        "End": 0.01,
        "Percent": 99.87672299107555,
        "Count": 159
      },
      {
        "Start": 0.01,
        "End": 0.011,
        "Percent": 99.88931052641304,
        "Count": 218
      },
      {
        "Start": 0.011,
        "End": 0.012,
        "Percent": 99.90772990151697,
        "Count": 319
      },
      {
        "Start": 0.012,
        "End": 0.014,
        "Percent": 99.94705151419966,
        "Count": 681
      },
      {
        "Start": 0.014,
        "End": 0.016,
        "Percent": 99.98175384785942,
        "Count": 601
      },
      {
        "Start": 0.016,
        "End": 0.018000000000000002,
        "Percent": 99.9974016555496,
        "Count": 271
      },
      {
        "Start": 0.018000000000000002,
        "End": 0.019483287,
        "Percent": 100,
        "Count": 45
      }
    ],
    "Percentiles": [
      {
        "Percentile": 50,
        "Value": 0.0005367924934638331
      },
      {
        "Percentile": 75,
        "Value": 0.0007690445084049648
      },
      {
        "Percentile": 90,
        "Value": 0.0009083957173696439
      },
      {
        "Percentile": 99,
        "Value": 0.0009920064427484513
      },
      {
        "Percentile": 99.9,
        "Value": 0.011580338557993902
      }
    ]
  },
  "Exactly": 0,
  "Jitter": true,
  "RetCodes": {
    "200": 1731872
  },
  "Sizes": {
    "Count": 1731872,
    "Min": 75,
    "Max": 75,
    "Sum": 129890400,
    "Avg": 75,
    "StdDev": 0,
    "Data": [
      {
        "Start": 75,
        "End": 75,
        "Percent": 100,
        "Count": 1731872
      }
    ],
    "Percentiles": null
  },
  "HeaderSizes": {
    "Count": 1731872,
    "Min": 75,
    "Max": 75,
    "Sum": 129890400,
    "Avg": 75,
    "StdDev": 0,
    "Data": [
      {
        "Start": 75,
        "End": 75,
        "Percent": 100,
        "Count": 1731872
      }
    ],
    "Percentiles": null
  },
  "URL": "http://fortio-server:8080/echo\\?size\\=1024",
  "SocketCount": 4,
  "AbortOn": 0
}
