{
  "RunType": "HTTP",
  "Labels": "1pod-diffnode-nosidecar-2core-conn7-resp512",
  "StartTime": "2021-03-28T02:07:13.92701692Z",
  "RequestedQPS": "max",
  "RequestedDuration": "1m0s",
  "ActualQPS": 31469.143809411707,
  "ActualDuration": 60002172650,
  "NumThreads": 7,
  "Version": "1.11.3",
  "DurationHistogram": {
    "Count": 1888217,
    "Min": 0.000073279,
    "Max": 0.046512869,
    "Sum": 419.4822589000032,
    "Avg": 0.00022215786580673895,
    "StdDev": 0.0019217279604525365,
    "Data": [
      {
        "Start": 0.000073279,
        "End": 0.001,
        "Percent": 99.77258969705282,
        "Count": 1883923
      },
      {
        "Start": 0.001,
        "End": 0.002,
        "Percent": 99.776138018035,
        "Count": 67
      },
      {
        "Start": 0.002,
        "End": 0.003,
        "Percent": 99.77677353821092,
        "Count": 12
      },
      {
        "Start": 0.003,
        "End": 0.004,
        "Percent": 99.77725017834285,
        "Count": 9
      },
      {
        "Start": 0.007,
        "End": 0.008,
        "Percent": 99.7775679384308,
        "Count": 6
      },
      {
        "Start": 0.03,
        "End": 0.035,
        "Percent": 99.77788569851876,
        "Count": 6
      },
      {
        "Start": 0.035,
        "End": 0.04,
        "Percent": 99.83820715521574,
        "Count": 1139
      },
      {
        "Start": 0.04,
        "End": 0.045,
        "Percent": 99.99920559978011,
        "Count": 3040
      },
      {
        "Start": 0.045,
        "End": 0.046512869,
        "Percent": 100,
        "Count": 15
      }
    ],
    "Percentiles": [
      {
        "Percentile": 50,
        "Value": 0.0005376953858734598
      },
      {
        "Percentile": 75,
        "Value": 0.0007699038247654361
      },
      {
        "Percentile": 90,
        "Value": 0.0009092288881006221
      },
      {
        "Percentile": 99,
        "Value": 0.0009928239261017336
      },
      {
        "Percentile": 99.9,
        "Value": 0.041919050986842246
      }
    ]
  },
  "Exactly": 0,
  "Jitter": true,
  "RetCodes": {
    "200": 1888217
  },
  "Sizes": {
    "Count": 1888217,
    "Min": 75,
    "Max": 75,
    "Sum": 141616275,
    "Avg": 75,
    "StdDev": 0,
    "Data": [
      {
        "Start": 75,
        "End": 75,
        "Percent": 100,
        "Count": 1888217
      }
    ],
    "Percentiles": null
  },
  "HeaderSizes": {
    "Count": 1888217,
    "Min": 75,
    "Max": 75,
    "Sum": 141616275,
    "Avg": 75,
    "StdDev": 0,
    "Data": [
      {
        "Start": 75,
        "End": 75,
        "Percent": 100,
        "Count": 1888217
      }
    ],
    "Percentiles": null
  },
  "URL": "http://fortio-server:8080/echo\\?size\\=512",
  "SocketCount": 7,
  "AbortOn": 0
}
