{
  "RunType": "HTTP",
  "Labels": "1pod-diffnode-nosidecar-2core-conn3-resp512",
  "StartTime": "2021-03-28T02:03:10.976622073Z",
  "RequestedQPS": "max",
  "RequestedDuration": "1m0s",
  "ActualQPS": 25342.35122438475,
  "ActualDuration": 60000233859,
  "NumThreads": 3,
  "Version": "1.11.3",
  "DurationHistogram": {
    "Count": 1520547,
    "Min": 0.000073549,
    "Max": 0.003485673,
    "Sum": 179.6638980510013,
    "Avg": 0.00011815741180706765,
    "StdDev": 0.000025098548671152978,
    "Data": [
      {
        "Start": 0.000073549,
        "End": 0.001,
        "Percent": 99.99309459030204,
        "Count": 1520442
      },
      {
        "Start": 0.001,
        "End": 0.002,
        "Percent": 99.99835585483382,
        "Count": 80
      },
      {
        "Start": 0.002,
        "End": 0.003,
        "Percent": 99.99993423419335,
        "Count": 24
      },
      {
        "Start": 0.003,
        "End": 0.003485673,
        "Percent": 100,
        "Count": 1
      }
    ],
    "Percentiles": [
      {
        "Percentile": 50,
        "Value": 0.0005368061851834435
      },
      {
        "Percentile": 75,
        "Value": 0.0007684350824403907
      },
      {
        "Percentile": 90,
        "Value": 0.000907412420794559
      },
      {
        "Percentile": 99,
        "Value": 0.0009907988238070599
      },
      {
        "Percentile": 99.9,
        "Value": 0.0009991374641083101
      }
    ]
  },
  "Exactly": 0,
  "Jitter": true,
  "RetCodes": {
    "200": 1520547
  },
  "Sizes": {
    "Count": 1520547,
    "Min": 75,
    "Max": 75,
    "Sum": 114041025,
    "Avg": 75,
    "StdDev": 7.919542960120023e-7,
    "Data": [
      {
        "Start": 75,
        "End": 75,
        "Percent": 100,
        "Count": 1520547
      }
    ],
    "Percentiles": null
  },
  "HeaderSizes": {
    "Count": 1520547,
    "Min": 75,
    "Max": 75,
    "Sum": 114041025,
    "Avg": 75,
    "StdDev": 7.919542960120023e-7,
    "Data": [
      {
        "Start": 75,
        "End": 75,
        "Percent": 100,
        "Count": 1520547
      }
    ],
    "Percentiles": null
  },
  "URL": "http://fortio-server:8080/echo\\?size\\=512",
  "SocketCount": 3,
  "AbortOn": 0
}
