{
  "RunType": "HTTP",
  "Labels": "1pod-diffnode-nosidecar-2core-conn5-resp32",
  "StartTime": "2021-03-28T01:44:56.678034171Z",
  "RequestedQPS": "max",
  "RequestedDuration": "1m0s",
  "ActualQPS": 31362.97570462823,
  "ActualDuration": 60000174018,
  "NumThreads": 5,
  "Version": "1.11.3",
  "DurationHistogram": {
    "Count": 1881784,
    "Min": 0.000073351,
    "Max": 0.029349732,
    "Sum": 299.51885793900124,
    "Avg": 0.00015916750165747038,
    "StdDev": 0.0009378509104525177,
    "Data": [
      {
        "Start": 0.000073351,
        "End": 0.001,
        "Percent": 99.83871687717613,
        "Count": 1878749
      },
      {
        "Start": 0.001,
        "End": 0.002,
        "Percent": 99.83988598053762,
        "Count": 22
      },
      {
        "Start": 0.002,
        "End": 0.003,
        "Percent": 99.84004540372328,
        "Count": 3
      },
      {
        "Start": 0.004,
        "End": 0.005,
        "Percent": 99.84025796797081,
        "Count": 4
      },
      {
        "Start": 0.005,
        "End": 0.006,
        "Percent": 99.84031110903271,
        "Count": 1
      },
      {
        "Start": 0.006,
        "End": 0.007,
        "Percent": 99.84047053221836,
        "Count": 3
      },
      {
        "Start": 0.008,
        "End": 0.009000000000000001,
        "Percent": 99.84062995540403,
        "Count": 3
      },
      {
        "Start": 0.009000000000000001,
        "End": 0.01,
        "Percent": 99.84078937858968,
        "Count": 3
      },
      {
        "Start": 0.01,
        "End": 0.011,
        "Percent": 99.84084251965156,
        "Count": 1
      },
      {
        "Start": 0.011,
        "End": 0.012,
        "Percent": 99.84089566071346,
        "Count": 1
      },
      {
        "Start": 0.012,
        "End": 0.014,
        "Percent": 99.84110822496099,
        "Count": 4
      },
      {
        "Start": 0.014,
        "End": 0.016,
        "Percent": 99.84137393027042,
        "Count": 5
      },
      {
        "Start": 0.016,
        "End": 0.018000000000000002,
        "Percent": 99.84217104619871,
        "Count": 15
      },
      {
        "Start": 0.018000000000000002,
        "End": 0.02,
        "Percent": 99.84482809929301,
        "Count": 50
      },
      {
        "Start": 0.02,
        "End": 0.025,
        "Percent": 99.96274811561794,
        "Count": 2219
      },
      {
        "Start": 0.025,
        "End": 0.029349732,
        "Percent": 100,
        "Count": 701
      }
    ],
    "Percentiles": [
      {
        "Percentile": 50,
        "Value": 0.0005374237251653761
      },
      {
        "Percentile": 75,
        "Value": 0.0007694603343615003
      },
      {
        "Percentile": 90,
        "Value": 0.0009086822998791749
      },
      {
        "Percentile": 99,
        "Value": 0.0009922154791897795
      },
      {
        "Percentile": 99.9,
        "Value": 0.022339378098242785
      }
    ]
  },
  "Exactly": 0,
  "Jitter": true,
  "RetCodes": {
    "200": 1881784
  },
  "Sizes": {
    "Count": 1881784,
    "Min": 75,
    "Max": 75,
    "Sum": 141133800,
    "Avg": 75,
    "StdDev": 0,
    "Data": [
      {
        "Start": 75,
        "End": 75,
        "Percent": 100,
        "Count": 1881784
      }
    ],
    "Percentiles": null
  },
  "HeaderSizes": {
    "Count": 1881784,
    "Min": 75,
    "Max": 75,
    "Sum": 141133800,
    "Avg": 75,
    "StdDev": 0,
    "Data": [
      {
        "Start": 75,
        "End": 75,
        "Percent": 100,
        "Count": 1881784
      }
    ],
    "Percentiles": null
  },
  "URL": "http://fortio-server:8080/echo\\?size\\=32",
  "SocketCount": 5,
  "AbortOn": 0
}
