{
  "RunType": "HTTP",
  "Labels": "1pod-diffnode-nosidecar-2core-conn2-resp32",
  "StartTime": "2021-03-28T01:41:54.375587552Z",
  "RequestedQPS": "max",
  "RequestedDuration": "1m0s",
  "ActualQPS": 17174.609176526475,
  "ActualDuration": 60000142618,
  "NumThreads": 2,
  "Version": "1.11.3",
  "DurationHistogram": {
    "Count": 1030479,
    "Min": 0.000078088,
    "Max": 0.002898672,
    "Sum": 119.8210016969987,
    "Avg": 0.0001162769951614722,
    "StdDev": 0.000015745057175334473,
    "Data": [
      {
        "Start": 0.000078088,
        "End": 0.001,
        "Percent": 99.99932070425501,
        "Count": 1030472
      },
      {
        "Start": 0.001,
        "End": 0.002,
        "Percent": 99.99980591550143,
        "Count": 5
      },
      {
        "Start": 0.002,
        "End": 0.002898672,
        "Percent": 100,
        "Count": 2
      }
    ],
    "Percentiles": [
      {
        "Percentile": 50,
        "Value": 0.0005390466839532602
      },
      {
        "Percentile": 75,
        "Value": 0.0007695264732554336
      },
      {
        "Percentile": 90,
        "Value": 0.0009078143468367378
      },
      {
        "Percentile": 99,
        "Value": 0.0009907870709855201
      },
      {
        "Percentile": 99.9,
        "Value": 0.0009990843434003985
      }
    ]
  },
  "Exactly": 0,
  "Jitter": true,
  "RetCodes": {
    "200": 1030479
  },
  "Sizes": {
    "Count": 1030479,
    "Min": 75,
    "Max": 75,
    "Sum": 77285925,
    "Avg": 75,
    "StdDev": 0,
    "Data": [
      {
        "Start": 75,
        "End": 75,
        "Percent": 100,
        "Count": 1030479
      }
    ],
    "Percentiles": null
  },
  "HeaderSizes": {
    "Count": 1030479,
    "Min": 75,
    "Max": 75,
    "Sum": 77285925,
    "Avg": 75,
    "StdDev": 0,
    "Data": [
      {
        "Start": 75,
        "End": 75,
        "Percent": 100,
        "Count": 1030479
      }
    ],
    "Percentiles": null
  },
  "URL": "http://fortio-server:8080/echo\\?size\\=32",
  "SocketCount": 2,
  "AbortOn": 0
}
