{
  "RunType": "HTTP",
  "Labels": "1pod-diffnode-nosidecar-2core-conn5-resp512",
  "StartTime": "2021-03-28T02:05:12.625814128Z",
  "RequestedQPS": "max",
  "RequestedDuration": "1m0s",
  "ActualQPS": 30883.45999523789,
  "ActualDuration": 60002991902,
  "NumThreads": 5,
  "Version": "1.11.3",
  "DurationHistogram": {
    "Count": 1853100,
    "Min": 0.000072588,
    "Max": 0.029710858,
    "Sum": 299.5213430589985,
    "Avg": 0.0001616325848896436,
    "StdDev": 0.00099527639898124,
    "Data": [
      {
        "Start": 0.000072588,
        "End": 0.001,
        "Percent": 99.83363013329016,
        "Count": 1850017
      },
      {
        "Start": 0.001,
        "End": 0.002,
        "Percent": 99.83568075117371,
        "Count": 38
      },
      {
        "Start": 0.002,
        "End": 0.003,
        "Percent": 99.83670606011549,
        "Count": 19
      },
      {
        "Start": 0.003,
        "End": 0.004,
        "Percent": 99.8375155145432,
        "Count": 15
      },
      {
        "Start": 0.004,
        "End": 0.005,
        "Percent": 99.83767740542874,
        "Count": 3
      },
      {
        "Start": 0.006,
        "End": 0.007,
        "Percent": 99.83794722357132,
        "Count": 5
      },
      {
        "Start": 0.007,
        "End": 0.008,
        "Percent": 99.83810911445686,
        "Count": 3
      },
      {
        "Start": 0.012,
        "End": 0.014,
        "Percent": 99.83821704171389,
        "Count": 2
      },
      {
        "Start": 0.014,
        "End": 0.016,
        "Percent": 99.8382710053424,
        "Count": 1
      },
      {
        "Start": 0.018000000000000002,
        "End": 0.02,
        "Percent": 99.83935027791269,
        "Count": 20
      },
      {
        "Start": 0.02,
        "End": 0.025,
        "Percent": 99.92434299282284,
        "Count": 1575
      },
      {
        "Start": 0.025,
        "End": 0.029710858,
        "Percent": 100,
        "Count": 1402
      }
    ],
    "Percentiles": [
      {
        "Percentile": 50,
        "Value": 0.0005370665024497087
      },
      {
        "Percentile": 75,
        "Value": 0.000769306004324287
      },
      {
        "Percentile": 90,
        "Value": 0.0009086497054490341
      },
      {
        "Percentile": 99,
        "Value": 0.0009922559261238823
      },
      {
        "Percentile": 99.9,
        "Value": 0.02356793650793659
      }
    ]
  },
  "Exactly": 0,
  "Jitter": true,
  "RetCodes": {
    "200": 1853100
  },
  "Sizes": {
    "Count": 1853100,
    "Min": 75,
    "Max": 75,
    "Sum": 138982500,
    "Avg": 75,
    "StdDev": 0,
    "Data": [
      {
        "Start": 75,
        "End": 75,
        "Percent": 100,
        "Count": 1853100
      }
    ],
    "Percentiles": null
  },
  "HeaderSizes": {
    "Count": 1853100,
    "Min": 75,
    "Max": 75,
    "Sum": 138982500,
    "Avg": 75,
    "StdDev": 0,
    "Data": [
      {
        "Start": 75,
        "End": 75,
        "Percent": 100,
        "Count": 1853100
      }
    ],
    "Percentiles": null
  },
  "URL": "http://fortio-server:8080/echo\\?size\\=512",
  "SocketCount": 5,
  "AbortOn": 0
}
