{
  "RunType": "HTTP",
  "Labels": "1pod-diffnode-nosidecar-2core-conn8-resp2048",
  "StartTime": "2021-03-28T02:27:28.288452305Z",
  "RequestedQPS": "max",
  "RequestedDuration": "1m0s",
  "ActualQPS": 30272.344775630554,
  "ActualDuration": 60037139953,
  "NumThreads": 8,
  "Version": "1.11.3",
  "DurationHistogram": {
    "Count": 1817465,
    "Min": 0.00007293,
    "Max": 0.051534971,
    "Sum": 479.7806487680029,
    "Avg": 0.00026398343229058215,
    "StdDev": 0.002397526623016206,
    "Data": [
      {
        "Start": 0.00007293,
        "End": 0.001,
        "Percent": 99.72929327387322,
        "Count": 1812545
      },
      {
        "Start": 0.001,
        "End": 0.002,
        "Percent": 99.73292470556517,
        "Count": 66
      },
      {
        "Start": 0.002,
        "End": 0.003,
        "Percent": 99.73490548648805,
        "Count": 36
      },
      {
        "Start": 0.005,
        "End": 0.006,
        "Percent": 99.73534566002647,
        "Count": 8
      },
      {
        "Start": 0.006,
        "End": 0.007,
        "Percent": 99.73551072510337,
        "Count": 3
      },
      {
        "Start": 0.009000000000000001,
        "End": 0.01,
        "Percent": 99.73589587694948,
        "Count": 7
      },
      {
        "Start": 0.035,
        "End": 0.04,
        "Percent": 99.73644609387252,
        "Count": 10
      },
      {
        "Start": 0.04,
        "End": 0.045,
        "Percent": 99.76307659294677,
        "Count": 484
      },
      {
        "Start": 0.045,
        "End": 0.05,
        "Percent": 99.99625852492345,
        "Count": 4238
      },
      {
        "Start": 0.05,
        "End": 0.051534971,
        "Percent": 100,
        "Count": 68
      }
    ],
    "Percentiles": [
      {
        "Percentile": 50,
        "Value": 0.0005377229714837268
      },
      {
        "Percentile": 75,
        "Value": 0.0007701197129628301
      },
      {
        "Percentile": 90,
        "Value": 0.0009095577578502923
      },
      {
        "Percentile": 99,
        "Value": 0.0009932205847827695
      },
      {
        "Percentile": 99.9,
        "Value": 0.047935978055686765
      }
    ]
  },
  "Exactly": 0,
  "Jitter": true,
  "RetCodes": {
    "200": 1817465
  },
  "Sizes": {
    "Count": 1817465,
    "Min": 75,
    "Max": 75,
    "Sum": 136309875,
    "Avg": 75,
    "StdDev": 0,
    "Data": [
      {
        "Start": 75,
        "End": 75,
        "Percent": 100,
        "Count": 1817465
      }
    ],
    "Percentiles": null
  },
  "HeaderSizes": {
    "Count": 1817465,
    "Min": 75,
    "Max": 75,
    "Sum": 136309875,
    "Avg": 75,
    "StdDev": 0,
    "Data": [
      {
        "Start": 75,
        "End": 75,
        "Percent": 100,
        "Count": 1817465
      }
    ],
    "Percentiles": null
  },
  "URL": "http://fortio-server:8080/echo\\?size\\=2048",
  "SocketCount": 8,
  "AbortOn": 0
}
