{
  "RunType": "HTTP",
  "Labels": "1pod-diffnode-nosidecar-2core-conn2-resp128",
  "StartTime": "2021-03-28T01:51:32.593114853Z",
  "RequestedQPS": "max",
  "RequestedDuration": "1m0s",
  "ActualQPS": 17053.215304380803,
  "ActualDuration": 60000122073,
  "NumThreads": 2,
  "Version": "1.11.3",
  "DurationHistogram": {
    "Count": 1023195,
    "Min": 0.000078132,
    "Max": 0.001364745,
    "Sum": 119.8205780499988,
    "Avg": 0.00011710434281832769,
    "StdDev": 0.000015802224454044413,
    "Data": [
      {
        "Start": 0.000078132,
        "End": 0.001,
        "Percent": 99.99921813535055,
        "Count": 1023187
      },
      {
        "Start": 0.001,
        "End": 0.001364745,
        "Percent": 100,
        "Count": 8
      }
    ],
    "Percentiles": [
      {
        "Percentile": 50,
        "Value": 0.0005390691534227403
      },
      {
        "Percentile": 75,
        "Value": 0.0007695381806230734
      },
      {
        "Percentile": 90,
        "Value": 0.0009078195969432733
      },
      {
        "Percentile": 99,
        "Value": 0.0009907884467353933
      },
      {
        "Percentile": 99.9,
        "Value": 0.0009990853317146053
      }
    ]
  },
  "Exactly": 0,
  "Jitter": true,
  "RetCodes": {
    "200": 1023195
  },
  "Sizes": {
    "Count": 1023195,
    "Min": 75,
    "Max": 75,
    "Sum": 76739625,
    "Avg": 75,
    "StdDev": 0,
    "Data": [
      {
        "Start": 75,
        "End": 75,
        "Percent": 100,
        "Count": 1023195
      }
    ],
    "Percentiles": null
  },
  "HeaderSizes": {
    "Count": 1023195,
    "Min": 75,
    "Max": 75,
    "Sum": 76739625,
    "Avg": 75,
    "StdDev": 0,
    "Data": [
      {
        "Start": 75,
        "End": 75,
        "Percent": 100,
        "Count": 1023195
      }
    ],
    "Percentiles": null
  },
  "URL": "http://fortio-server:8080/echo\\?size\\=128",
  "SocketCount": 2,
  "AbortOn": 0
}
