{
  "RunType": "HTTP",
  "Labels": "1pod-diffnode-nosidecar-2core-conn2-resp1024",
  "StartTime": "2021-03-28T02:11:47.280286893Z",
  "RequestedQPS": "max",
  "RequestedDuration": "1m0s",
  "ActualQPS": 17050.36515985218,
  "ActualDuration": 60000122602,
  "NumThreads": 2,
  "Version": "1.11.3",
  "DurationHistogram": {
    "Count": 1023024,
    "Min": 0.000077766,
    "Max": 0.001703494,
    "Sum": 119.82258889999773,
    "Avg": 0.0001171258825794876,
    "StdDev": 0.000016586845198302365,
    "Data": [
      {
        "Start": 0.000077766,
        "End": 0.001,
        "Percent": 99.99941350349552,
        "Count": 1023018
      },
      {
        "Start": 0.001,
        "End": 0.001703494,
        "Percent": 100,
        "Count": 6
      }
    ],
    "Percentiles": [
      {
        "Percentile": 50,
        "Value": 0.0005388852537113265
      },
      {
        "Percentile": 75,
        "Value": 0.0007694453313092551
      },
      {
        "Percentile": 90,
        "Value": 0.0009077813778680121
      },
      {
        "Percentile": 99,
        "Value": 0.0009907830058032664
      },
      {
        "Percentile": 99.9,
        "Value": 0.0009990831685967917
      }
    ]
  },
  "Exactly": 0,
  "Jitter": true,
  "RetCodes": {
    "200": 1023024
  },
  "Sizes": {
    "Count": 1023024,
    "Min": 75,
    "Max": 75,
    "Sum": 76726800,
    "Avg": 75,
    "StdDev": 0,
    "Data": [
      {
        "Start": 75,
        "End": 75,
        "Percent": 100,
        "Count": 1023024
      }
    ],
    "Percentiles": null
  },
  "HeaderSizes": {
    "Count": 1023024,
    "Min": 75,
    "Max": 75,
    "Sum": 76726800,
    "Avg": 75,
    "StdDev": 0,
    "Data": [
      {
        "Start": 75,
        "End": 75,
        "Percent": 100,
        "Count": 1023024
      }
    ],
    "Percentiles": null
  },
  "URL": "http://fortio-server:8080/echo\\?size\\=1024",
  "SocketCount": 2,
  "AbortOn": 0
}
