{
  "RunType": "HTTP",
  "Labels": "1pod-diffnode-nosidecar-2core-conn5-resp128",
  "StartTime": "2021-03-28T01:54:34.821577373Z",
  "RequestedQPS": "max",
  "RequestedDuration": "1m0s",
  "ActualQPS": 31004.76397471837,
  "ActualDuration": 60010035926,
  "NumThreads": 5,
  "Version": "1.11.3",
  "DurationHistogram": {
    "Count": 1860597,
    "Min": 0.000073714,
    "Max": 0.028775038,
    "Sum": 299.5798285210012,
    "Avg": 0.00016101274403914508,
    "StdDev": 0.0009630998406615463,
    "Data": [
      {
        "Start": 0.000073714,
        "End": 0.001,
        "Percent": 99.83714904409713,
        "Count": 1857567
      },
      {
        "Start": 0.001,
        "End": 0.002,
        "Percent": 99.83790149075807,
        "Count": 14
      },
      {
        "Start": 0.002,
        "End": 0.003,
        "Percent": 99.83806272932827,
        "Count": 3
      },
      {
        "Start": 0.003,
        "End": 0.004,
        "Percent": 99.83811647551835,
        "Count": 1
      },
      {
        "Start": 0.007,
        "End": 0.008,
        "Percent": 99.83827771408855,
        "Count": 3
      },
      {
        "Start": 0.008,
        "End": 0.009000000000000001,
        "Percent": 99.83843895265875,
        "Count": 3
      },
      {
        "Start": 0.009000000000000001,
        "End": 0.01,
        "Percent": 99.83854644503887,
        "Count": 2
      },
      {
        "Start": 0.01,
        "End": 0.011,
        "Percent": 99.83876142979915,
        "Count": 4
      },
      {
        "Start": 0.011,
        "End": 0.012,
        "Percent": 99.83903016074947,
        "Count": 5
      },
      {
        "Start": 0.012,
        "End": 0.014,
        "Percent": 99.83940638407995,
        "Count": 7
      },
      {
        "Start": 0.016,
        "End": 0.018000000000000002,
        "Percent": 99.83951387646009,
        "Count": 2
      },
      {
        "Start": 0.018000000000000002,
        "End": 0.02,
        "Percent": 99.84118000835215,
        "Count": 31
      },
      {
        "Start": 0.02,
        "End": 0.025,
        "Percent": 99.9479736880152,
        "Count": 1987
      },
      {
        "Start": 0.025,
        "End": 0.028775038,
        "Percent": 100,
        "Count": 968
      }
    ],
    "Percentiles": [
      {
        "Percentile": 50,
        "Value": 0.0005376122141603583
      },
      {
        "Percentile": 75,
        "Value": 0.0007695615705684214
      },
      {
        "Percentile": 90,
        "Value": 0.0009087311844132592
      },
      {
        "Percentile": 99,
        "Value": 0.0009922329527201619
      },
      {
        "Percentile": 99.9,
        "Value": 0.022753907901359043
      }
    ]
  },
  "Exactly": 0,
  "Jitter": true,
  "RetCodes": {
    "200": 1860597
  },
  "Sizes": {
    "Count": 1860597,
    "Min": 75,
    "Max": 75,
    "Sum": 139544775,
    "Avg": 75,
    "StdDev": 0,
    "Data": [
      {
        "Start": 75,
        "End": 75,
        "Percent": 100,
        "Count": 1860597
      }
    ],
    "Percentiles": null
  },
  "HeaderSizes": {
    "Count": 1860597,
    "Min": 75,
    "Max": 75,
    "Sum": 139544775,
    "Avg": 75,
    "StdDev": 0,
    "Data": [
      {
        "Start": 75,
        "End": 75,
        "Percent": 100,
        "Count": 1860597
      }
    ],
    "Percentiles": null
  },
  "URL": "http://fortio-server:8080/echo\\?size\\=128",
  "SocketCount": 5,
  "AbortOn": 0
}
