{
  "RunType": "HTTP",
  "Labels": "1pod-diffnode-nosidecar-2core-conn4-resp512",
  "StartTime": "2021-03-28T02:04:11.693380883Z",
  "RequestedQPS": "max",
  "RequestedDuration": "1m0s",
  "ActualQPS": 29028.013586022553,
  "ActualDuration": 60000178615,
  "NumThreads": 4,
  "Version": "1.11.3",
  "DurationHistogram": {
    "Count": 1741686,
    "Min": 0.000074155,
    "Max": 0.019682677,
    "Sum": 239.58890203399972,
    "Avg": 0.00013756147895430045,
    "StdDev": 0.00048425399546264957,
    "Data": [
      {
        "Start": 0.000074155,
        "End": 0.001,
        "Percent": 99.85984844570146,
        "Count": 1739245
      },
      {
        "Start": 0.001,
        "End": 0.002,
        "Percent": 99.86042260200747,
        "Count": 10
      },
      {
        "Start": 0.002,
        "End": 0.003,
        "Percent": 99.86220248655613,
        "Count": 31
      },
      {
        "Start": 0.003,
        "End": 0.004,
        "Percent": 99.86237473344794,
        "Count": 3
      },
      {
        "Start": 0.004,
        "End": 0.005,
        "Percent": 99.86260439597034,
        "Count": 4
      },
      {
        "Start": 0.005,
        "End": 0.006,
        "Percent": 99.86317855227635,
        "Count": 10
      },
      {
        "Start": 0.006,
        "End": 0.007,
        "Percent": 99.86426944925779,
        "Count": 19
      },
      {
        "Start": 0.007,
        "End": 0.008,
        "Percent": 99.86616416506764,
        "Count": 33
      },
      {
        "Start": 0.008,
        "End": 0.009000000000000001,
        "Percent": 99.87104449366878,
        "Count": 85
      },
      {
        "Start": 0.009000000000000001,
        "End": 0.01,
        "Percent": 99.88178121659128,
        "Count": 187
      },
      {
        "Start": 0.01,
        "End": 0.011,
        "Percent": 99.89441265532363,
        "Count": 220
      },
      {
        "Start": 0.011,
        "End": 0.012,
        "Percent": 99.91221150081013,
        "Count": 310
      },
      {
        "Start": 0.012,
        "End": 0.014,
        "Percent": 99.94947424507058,
        "Count": 649
      },
      {
        "Start": 0.014,
        "End": 0.016,
        "Percent": 99.98306238897253,
        "Count": 585
      },
      {
        "Start": 0.016,
        "End": 0.018000000000000002,
        "Percent": 99.99885168738797,
        "Count": 275
      },
      {
        "Start": 0.018000000000000002,
        "End": 0.019682677,
        "Percent": 100,
        "Count": 20
      }
    ],
    "Percentiles": [
      {
        "Percentile": 50,
        "Value": 0.0005377269378592078
      },
      {
        "Percentile": 75,
        "Value": 0.0007695131729518687
      },
      {
        "Percentile": 90,
        "Value": 0.0009085849140074655
      },
      {
        "Percentile": 99,
        "Value": 0.0009920279586408233
      },
      {
        "Percentile": 99.9,
        "Value": 0.01131391612903266
      }
    ]
  },
  "Exactly": 0,
  "Jitter": true,
  "RetCodes": {
    "200": 1741686
  },
  "Sizes": {
    "Count": 1741686,
    "Min": 75,
    "Max": 75,
    "Sum": 130626450,
    "Avg": 75,
    "StdDev": 0,
    "Data": [
      {
        "Start": 75,
        "End": 75,
        "Percent": 100,
        "Count": 1741686
      }
    ],
    "Percentiles": null
  },
  "HeaderSizes": {
    "Count": 1741686,
    "Min": 75,
    "Max": 75,
    "Sum": 130626450,
    "Avg": 75,
    "StdDev": 0,
    "Data": [
      {
        "Start": 75,
        "End": 75,
        "Percent": 100,
        "Count": 1741686
      }
    ],
    "Percentiles": null
  },
  "URL": "http://fortio-server:8080/echo\\?size\\=512",
  "SocketCount": 4,
  "AbortOn": 0
}
