{
  "RunType": "HTTP",
  "Labels": "1pod-diffnode-nosidecar-2core-conn9-resp1024",
  "StartTime": "2021-03-28T02:18:52.009674925Z",
  "RequestedQPS": "max",
  "RequestedDuration": "1m0s",
  "ActualQPS": 29738.523821150615,
  "ActualDuration": 60016260751,
  "NumThreads": 9,
  "Version": "1.11.3",
  "DurationHistogram": {
    "Count": 1784795,
    "Min": 0.000073378,
    "Max": 0.055831886,
    "Sum": 539.6359591980021,
    "Avg": 0.000302351787851267,
    "StdDev": 0.002793040868087752,
    "Data": [
      {
        "Start": 0.000073378,
        "End": 0.001,
        "Percent": 99.69161724455749,
        "Count": 1779291
      },
      {
        "Start": 0.001,
        "End": 0.002,
        "Percent": 99.69643572511129,
        "Count": 86
      },
      {
        "Start": 0.002,
        "End": 0.003,
        "Percent": 99.69693998470413,
        "Count": 9
      },
      {
        "Start": 0.006,
        "End": 0.007,
        "Percent": 99.69744424429696,
        "Count": 9
      },
      {
        "Start": 0.04,
        "End": 0.045,
        "Percent": 99.6979485038898,
        "Count": 9
      },
      {
        "Start": 0.045,
        "End": 0.05,
        "Percent": 99.77033776988394,
        "Count": 1292
      },
      {
        "Start": 0.05,
        "End": 0.055831886,
        "Percent": 100,
        "Count": 4099
      }
    ],
    "Percentiles": [
      {
        "Percentile": 50,
        "Value": 0.0005381219313563276
      },
      {
        "Percentile": 75,
        "Value": 0.0007704941574254338
      },
      {
        "Percentile": 90,
        "Value": 0.0009099174930668975
      },
      {
        "Percentile": 99,
        "Value": 0.0009935714944517757
      },
      {
        "Percentile": 99.9,
        "Value": 0.0532925542182558
      }
    ]
  },
  "Exactly": 0,
  "Jitter": true,
  "RetCodes": {
    "200": 1784795
  },
  "Sizes": {
    "Count": 1784795,
    "Min": 75,
    "Max": 75,
    "Sum": 133859625,
    "Avg": 75,
    "StdDev": 0,
    "Data": [
      {
        "Start": 75,
        "End": 75,
        "Percent": 100,
        "Count": 1784795
      }
    ],
    "Percentiles": null
  },
  "HeaderSizes": {
    "Count": 1784795,
    "Min": 75,
    "Max": 75,
    "Sum": 133859625,
    "Avg": 75,
    "StdDev": 0,
    "Data": [
      {
        "Start": 75,
        "End": 75,
        "Percent": 100,
        "Count": 1784795
      }
    ],
    "Percentiles": null
  },
  "URL": "http://fortio-server:8080/echo\\?size\\=1024",
  "SocketCount": 9,
  "AbortOn": 0
}
