{
  "RunType": "HTTP",
  "Labels": "1pod-diffnode-nosidecar-2core-conn1-resp128",
  "StartTime": "2021-03-28T01:50:30.675484705Z",
  "RequestedQPS": "max",
  "RequestedDuration": "1m0s",
  "ActualQPS": 8296.14704420487,
  "ActualDuration": 60000141915,
  "NumThreads": 1,
  "Version": "1.11.3",
  "DurationHistogram": {
    "Count": 497770,
    "Min": 0.000096966,
    "Max": 0.001839865,
    "Sum": 59.89636649099977,
    "Avg": 0.00012032940211543437,
    "StdDev": 0.00001191524421975348,
    "Data": [
      {
        "Start": 0.000096966,
        "End": 0.001,
        "Percent": 99.99979910400386,
        "Count": 497769
      },
      {
        "Start": 0.001,
        "End": 0.001839865,
        "Percent": 100,
        "Count": 1
      }
    ],
    "Percentiles": [
      {
        "Percentile": 50,
        "Value": 0.000548483
      },
      {
        "Percentile": 75,
        "Value": 0.0007742424070832195
      },
      {
        "Percentile": 90,
        "Value": 0.0009096980513331513
      },
      {
        "Percentile": 99,
        "Value": 0.0009909714378831102
      },
      {
        "Percentile": 99.9,
        "Value": 0.0009990987765381063
      }
    ]
  },
  "Exactly": 0,
  "Jitter": true,
  "RetCodes": {
    "200": 497770
  },
  "Sizes": {
    "Count": 497770,
    "Min": 75,
    "Max": 75,
    "Sum": 37332750,
    "Avg": 75,
    "StdDev": 0,
    "Data": [
      {
        "Start": 75,
        "End": 75,
        "Percent": 100,
        "Count": 497770
      }
    ],
    "Percentiles": null
  },
  "HeaderSizes": {
    "Count": 497770,
    "Min": 75,
    "Max": 75,
    "Sum": 37332750,
    "Avg": 75,
    "StdDev": 0,
    "Data": [
      {
        "Start": 75,
        "End": 75,
        "Percent": 100,
        "Count": 497770
      }
    ],
    "Percentiles": null
  },
  "URL": "http://fortio-server:8080/echo\\?size\\=128",
  "SocketCount": 1,
  "AbortOn": 0
}
