{
  "RunType": "HTTP",
  "Labels": "1pod-diffnode-nosidecar-2core-conn1-resp512",
  "StartTime": "2021-03-28T02:01:09.695608061Z",
  "RequestedQPS": "max",
  "RequestedDuration": "1m0s",
  "ActualQPS": 8301.432371078217,
  "ActualDuration": 60000127416,
  "NumThreads": 1,
  "Version": "1.11.3",
  "DurationHistogram": {
    "Count": 498087,
    "Min": 0.000094703,
    "Max": 0.001767931,
    "Sum": 59.894189640999166,
    "Avg": 0.00012024844985112875,
    "StdDev": 0.00001233729955379032,
    "Data": [
      {
        "Start": 0.000094703,
        "End": 0.001,
        "Percent": 99.9993976955833,
        "Count": 498084
      },
      {
        "Start": 0.001,
        "End": 0.001767931,
        "Percent": 100,
        "Count": 3
      }
    ],
    "Percentiles": [
      {
        "Percentile": 50,
        "Value": 0.0005473533175625349
      },
      {
        "Percentile": 75,
        "Value": 0.0007736793851250696
      },
      {
        "Percentile": 90,
        "Value": 0.0009094750256625904
      },
      {
        "Percentile": 99,
        "Value": 0.000990952409985103
      },
      {
        "Percentile": 99.9,
        "Value": 0.000999100148417354
      }
    ]
  },
  "Exactly": 0,
  "Jitter": true,
  "RetCodes": {
    "200": 498087
  },
  "Sizes": {
    "Count": 498087,
    "Min": 75,
    "Max": 75,
    "Sum": 37356525,
    "Avg": 75,
    "StdDev": 0,
    "Data": [
      {
        "Start": 75,
        "End": 75,
        "Percent": 100,
        "Count": 498087
      }
    ],
    "Percentiles": null
  },
  "HeaderSizes": {
    "Count": 498087,
    "Min": 75,
    "Max": 75,
    "Sum": 37356525,
    "Avg": 75,
    "StdDev": 0,
    "Data": [
      {
        "Start": 75,
        "End": 75,
        "Percent": 100,
        "Count": 498087
      }
    ],
    "Percentiles": null
  },
  "URL": "http://fortio-server:8080/echo\\?size\\=512",
  "SocketCount": 1,
  "AbortOn": 0
}
