{
  "RunType": "HTTP",
  "Labels": "2pod-diffnode-nosidecar-maxcore-conn461-resp512",
  "StartTime": "2021-03-28T10:51:44.709801801Z",
  "RequestedQPS": "max",
  "RequestedDuration": "1m0s",
  "ActualQPS": 296277.69513807335,
  "ActualDuration": 60003065677,
  "NumThreads": 461,
  "Version": "1.11.3",
  "DurationHistogram": {
    "Count": 17777570,
    "Min": 0.000116127,
    "Max": 0.009313514,
    "Sum": 27654.465120811,
    "Avg": 0.0015555818439084194,
    "StdDev": 0.00040488122697588237,
    "Data": [
      {
        "Start": 0.000116127,
        "End": 0.001,
        "Percent": 2.410650049472453,
        "Count": 428555
      },
      {
        "Start": 0.001,
        "End": 0.002,
        "Percent": 90.14534607373224,
        "Count": 15597097
      },
      {
        "Start": 0.002,
        "End": 0.003,
        "Percent": 98.68930905629959,
        "Count": 1518909
      },
      {
        "Start": 0.003,
        "End": 0.004,
        "Percent": 99.94760251260436,
        "Count": 223694
      },
      {
        "Start": 0.004,
        "End": 0.005,
        "Percent": 99.99024051093598,
        "Count": 7580
      },
      {
        "Start": 0.005,
        "End": 0.006,
        "Percent": 99.99794685100382,
        "Count": 1370
      },
      {
        "Start": 0.006,
        "End": 0.007,
        "Percent": 99.9997637472388,
        "Count": 323
      },
      {
        "Start": 0.007,
        "End": 0.008,
        "Percent": 99.99994374934258,
        "Count": 32
      },
      {
        "Start": 0.008,
        "End": 0.009000000000000001,
        "Percent": 99.99999437493426,
        "Count": 9
      },
      {
        "Start": 0.009000000000000001,
        "End": 0.009313514,
        "Percent": 100,
        "Count": 1
      }
    ],
    "Percentiles": [
      {
        "Percentile": 50,
        "Value": 0.0015424233753242671
      },
      {
        "Percentile": 75,
        "Value": 0.0018273733567214464
      },
      {
        "Percentile": 90,
        "Value": 0.001998343345559754
      },
      {
        "Percentile": 99,
        "Value": 0.0032469145350344695
      },
      {
        "Percentile": 99.9,
        "Value": 0.00396216898978069
      }
    ]
  },
  "Exactly": 0,
  "Jitter": true,
  "RetCodes": {
    "200": 17777570
  },
  "Sizes": {
    "Count": 17777570,
    "Min": 75,
    "Max": 75,
    "Sum": 1333317750,
    "Avg": 75,
    "StdDev": 0,
    "Data": [
      {
        "Start": 75,
        "End": 75,
        "Percent": 100,
        "Count": 17777570
      }
    ],
    "Percentiles": null
  },
  "HeaderSizes": {
    "Count": 17777570,
    "Min": 75,
    "Max": 75,
    "Sum": 1333317750,
    "Avg": 75,
    "StdDev": 0,
    "Data": [
      {
        "Start": 75,
        "End": 75,
        "Percent": 100,
        "Count": 17777570
      }
    ],
    "Percentiles": null
  },
  "URL": "http://fortio-server:8080/echo\\?size\\=512",
  "SocketCount": 461,
  "AbortOn": 0
}
