{
  "RunType": "HTTP",
  "Labels": "2pod-diffnode-nosidecar-maxcore-conn27-resp32",
  "StartTime": "2021-03-28T09:54:38.567411791Z",
  "RequestedQPS": "max",
  "RequestedDuration": "1m0s",
  "ActualQPS": 150977.87897835457,
  "ActualDuration": 60000359399,
  "NumThreads": 27,
  "Version": "1.11.3",
  "DurationHistogram": {
    "Count": 9058727,
    "Min": 0.000077225,
    "Max": 0.007007406,
    "Sum": 1617.222640525998,
    "Avg": 0.00017852647955126565,
    "StdDev": 0.00007104602513852697,
    "Data": [
      {
        "Start": 0.000077225,
        "End": 0.001,
        "Percent": 99.99066093944546,
        "Count": 9057881
      },
      {
        "Start": 0.001,
        "End": 0.002,
        "Percent": 99.99878570134634,
        "Count": 736
      },
      {
        "Start": 0.002,
        "End": 0.003,
        "Percent": 99.99983441381995,
        "Count": 95
      },
      {
        "Start": 0.006,
        "End": 0.007,
        "Percent": 99.99998896092133,
        "Count": 14
      },
      {
        "Start": 0.007,
        "End": 0.007007406,
        "Percent": 100,
        "Count": 1
      }
    ],
    "Percentiles": [
      {
        "Percentile": 50,
        "Value": 0.0005386555423495896
      },
      {
        "Percentile": 75,
        "Value": 0.0007693708644620762
      },
      {
        "Percentile": 90,
        "Value": 0.000907800057729568
      },
      {
        "Percentile": 99,
        "Value": 0.0009908575736900633
      },
      {
        "Percentile": 99.9,
        "Value": 0.0009991633252861127
      }
    ]
  },
  "Exactly": 0,
  "Jitter": true,
  "RetCodes": {
    "200": 9058727
  },
  "Sizes": {
    "Count": 9058727,
    "Min": 75,
    "Max": 75,
    "Sum": 679404525,
    "Avg": 75,
    "StdDev": 0,
    "Data": [
      {
        "Start": 75,
        "End": 75,
        "Percent": 100,
        "Count": 9058727
      }
    ],
    "Percentiles": null
  },
  "HeaderSizes": {
    "Count": 9058727,
    "Min": 75,
    "Max": 75,
    "Sum": 679404525,
    "Avg": 75,
    "StdDev": 0,
    "Data": [
      {
        "Start": 75,
        "End": 75,
        "Percent": 100,
        "Count": 9058727
      }
    ],
    "Percentiles": null
  },
  "URL": "http://fortio-server:8080/echo\\?size\\=32",
  "SocketCount": 27,
  "AbortOn": 0
}
