{
  "RunType": "HTTP",
  "Labels": "2pod-diffnode-nosidecar-maxcore-conn8-resp32",
  "StartTime": "2021-03-28T09:35:22.752150723Z",
  "RequestedQPS": "max",
  "RequestedDuration": "1m0s",
  "ActualQPS": 65366.85415159388,
  "ActualDuration": 60000149172,
  "NumThreads": 8,
  "Version": "1.11.3",
  "DurationHistogram": {
    "Count": 3922021,
    "Min": 0.000073807,
    "Max": 0.006442895,
    "Sum": 478.9367940370034,
    "Avg": 0.00012211479592715168,
    "StdDev": 0.000027913253555601284,
    "Data": [
      {
        "Start": 0.000073807,
        "End": 0.001,
        "Percent": 99.99760327647404,
        "Count": 3921927
      },
      {
        "Start": 0.001,
        "End": 0.002,
        "Percent": 99.9996175441182,
        "Count": 79
      },
      {
        "Start": 0.002,
        "End": 0.003,
        "Percent": 99.99987251470607,
        "Count": 10
      },
      {
        "Start": 0.006,
        "End": 0.006442895,
        "Percent": 100,
        "Count": 5
      }
    ],
    "Percentiles": [
      {
        "Percentile": 50,
        "Value": 0.0005369144813327687
      },
      {
        "Percentile": 75,
        "Value": 0.0007684683400780001
      },
      {
        "Percentile": 90,
        "Value": 0.0009074006553251388
      },
      {
        "Percentile": 99,
        "Value": 0.0009907600444734222
      },
      {
        "Percentile": 99.9,
        "Value": 0.0009990959833882506
      }
    ]
  },
  "Exactly": 0,
  "Jitter": true,
  "RetCodes": {
    "200": 3922021
  },
  "Sizes": {
    "Count": 3922021,
    "Min": 75,
    "Max": 75,
    "Sum": 294151575,
    "Avg": 75,
    "StdDev": 0,
    "Data": [
      {
        "Start": 75,
        "End": 75,
        "Percent": 100,
        "Count": 3922021
      }
    ],
    "Percentiles": null
  },
  "HeaderSizes": {
    "Count": 3922021,
    "Min": 75,
    "Max": 75,
    "Sum": 294151575,
    "Avg": 75,
    "StdDev": 0,
    "Data": [
      {
        "Start": 75,
        "End": 75,
        "Percent": 100,
        "Count": 3922021
      }
    ],
    "Percentiles": null
  },
  "URL": "http://fortio-server:8080/echo\\?size\\=32",
  "SocketCount": 8,
  "AbortOn": 0
}
