{
  "RunType": "HTTP",
  "Labels": "2pod-diffnode-nosidecar-maxcore-conn2-resp32",
  "StartTime": "2021-03-28T09:29:18.155590364Z",
  "RequestedQPS": "max",
  "RequestedDuration": "1m0s",
  "ActualQPS": 17452.421473912134,
  "ActualDuration": 60000155369,
  "NumThreads": 2,
  "Version": "1.11.3",
  "DurationHistogram": {
    "Count": 1047148,
    "Min": 0.000075803,
    "Max": 0.001798221,
    "Sum": 119.83365189100041,
    "Avg": 0.00011443812325573884,
    "StdDev": 0.000014441050795112258,
    "Data": [
      {
        "Start": 0.000075803,
        "End": 0.001,
        "Percent": 99.99971350754622,
        "Count": 1047145
      },
      {
        "Start": 0.001,
        "End": 0.001798221,
        "Percent": 100,
        "Count": 3
      }
    ],
    "Percentiles": [
      {
        "Percentile": 50,
        "Value": 0.0005379023825882591
      },
      {
        "Percentile": 75,
        "Value": 0.0007689525151765181
      },
      {
        "Percentile": 90,
        "Value": 0.0009075825947294737
      },
      {
        "Percentile": 99,
        "Value": 0.000990760642461247
      },
      {
        "Percentile": 99.9,
        "Value": 0.0009990784472344242
      }
    ]
  },
  "Exactly": 0,
  "Jitter": true,
  "RetCodes": {
    "200": 1047148
  },
  "Sizes": {
    "Count": 1047148,
    "Min": 75,
    "Max": 75,
    "Sum": 78536100,
    "Avg": 75,
    "StdDev": 0,
    "Data": [
      {
        "Start": 75,
        "End": 75,
        "Percent": 100,
        "Count": 1047148
      }
    ],
    "Percentiles": null
  },
  "HeaderSizes": {
    "Count": 1047148,
    "Min": 75,
    "Max": 75,
    "Sum": 78536100,
    "Avg": 75,
    "StdDev": 0,
    "Data": [
      {
        "Start": 75,
        "End": 75,
        "Percent": 100,
        "Count": 1047148
      }
    ],
    "Percentiles": null
  },
  "URL": "http://fortio-server:8080/echo\\?size\\=32",
  "SocketCount": 2,
  "AbortOn": 0
}
