{
  "RunType": "HTTP",
  "Labels": "2pod-diffnode-nosidecar-maxcore-conn5-resp2048",
  "StartTime": "2021-03-28T11:36:21.989230161Z",
  "RequestedQPS": "max",
  "RequestedDuration": "1m0s",
  "ActualQPS": 42485.42646656583,
  "ActualDuration": 60000127385,
  "NumThreads": 5,
  "Version": "1.11.3",
  "DurationHistogram": {
    "Count": 2549131,
    "Min": 0.000072913,
    "Max": 0.002910087,
    "Sum": 299.3474076760043,
    "Avg": 0.00011743115896201659,
    "StdDev": 0.000022664756894712784,
    "Data": [
      {
        "Start": 0.000072913,
        "End": 0.001,
        "Percent": 99.99835237969332,
        "Count": 2549089
      },
      {
        "Start": 0.001,
        "End": 0.002,
        "Percent": 99.99976462567048,
        "Count": 36
      },
      {
        "Start": 0.002,
        "End": 0.002910087,
        "Percent": 100,
        "Count": 6
      }
    ],
    "Percentiles": [
      {
        "Percentile": 50,
        "Value": 0.0005364639557188689
      },
      {
        "Percentile": 75,
        "Value": 0.000768239615425105
      },
      {
        "Percentile": 90,
        "Value": 0.0009073050112488466
      },
      {
        "Percentile": 99,
        "Value": 0.0009907442487430917
      },
      {
        "Percentile": 99.9,
        "Value": 0.0009990881724925163
      }
    ]
  },
  "Exactly": 0,
  "Jitter": true,
  "RetCodes": {
    "200": 2549131
  },
  "Sizes": {
    "Count": 2549131,
    "Min": 75,
    "Max": 75,
    "Sum": 191184825,
    "Avg": 75,
    "StdDev": 0,
    "Data": [
      {
        "Start": 75,
        "End": 75,
        "Percent": 100,
        "Count": 2549131
      }
    ],
    "Percentiles": null
  },
  "HeaderSizes": {
    "Count": 2549131,
    "Min": 75,
    "Max": 75,
    "Sum": 191184825,
    "Avg": 75,
    "StdDev": 0,
    "Data": [
      {
        "Start": 75,
        "End": 75,
        "Percent": 100,
        "Count": 2549131
      }
    ],
    "Percentiles": null
  },
  "URL": "http://fortio-server:8080/echo\\?size\\=2048",
  "SocketCount": 5,
  "AbortOn": 0
}
