{
  "RunType": "HTTP",
  "Labels": "2pod-diffnode-nosidecar-maxcore-conn10-resp1024",
  "StartTime": "2021-03-28T11:08:29.361278223Z",
  "RequestedQPS": "max",
  "RequestedDuration": "1m0s",
  "ActualQPS": 78499.58692433433,
  "ActualDuration": 60000201078,
  "NumThreads": 10,
  "Version": "1.11.3",
  "DurationHistogram": {
    "Count": 4709991,
    "Min": 0.000072816,
    "Max": 0.002339162,
    "Sum": 598.6969640970027,
    "Avg": 0.00012711212486329649,
    "StdDev": 0.0000334030637691262,
    "Data": [
      {
        "Start": 0.000072816,
        "End": 0.001,
        "Percent": 99.99692143785413,
        "Count": 4709846
      },
      {
        "Start": 0.001,
        "End": 0.002,
        "Percent": 99.99987261122155,
        "Count": 139
      },
      {
        "Start": 0.002,
        "End": 0.002339162,
        "Percent": 100,
        "Count": 6
      }
    ],
    "Percentiles": [
      {
        "Percentile": 50,
        "Value": 0.0005364221739798231
      },
      {
        "Percentile": 75,
        "Value": 0.00076822535940015
      },
      {
        "Percentile": 90,
        "Value": 0.0009073072706523463
      },
      {
        "Percentile": 99,
        "Value": 0.0009907564174036641
      },
      {
        "Percentile": 99.9,
        "Value": 0.000999101332078796
      }
    ]
  },
  "Exactly": 0,
  "Jitter": true,
  "RetCodes": {
    "200": 4709991
  },
  "Sizes": {
    "Count": 4709991,
    "Min": 75,
    "Max": 75,
    "Sum": 353249325,
    "Avg": 75,
    "StdDev": 0,
    "Data": [
      {
        "Start": 75,
        "End": 75,
        "Percent": 100,
        "Count": 4709991
      }
    ],
    "Percentiles": null
  },
  "HeaderSizes": {
    "Count": 4709991,
    "Min": 75,
    "Max": 75,
    "Sum": 353249325,
    "Avg": 75,
    "StdDev": 0,
    "Data": [
      {
        "Start": 75,
        "End": 75,
        "Percent": 100,
        "Count": 4709991
      }
    ],
    "Percentiles": null
  },
  "URL": "http://fortio-server:8080/echo\\?size\\=1024",
  "SocketCount": 10,
  "AbortOn": 0
}
