{
  "RunType": "HTTP",
  "Labels": "2pod-diffnode-nosidecar-maxcore-conn28-resp32",
  "StartTime": "2021-03-28T09:55:39.188222147Z",
  "RequestedQPS": "max",
  "RequestedDuration": "1m0s",
  "ActualQPS": 152200.46227734332,
  "ActualDuration": 60000389377,
  "NumThreads": 28,
  "Version": "1.11.3",
  "DurationHistogram": {
    "Count": 9132087,
    "Min": 0.000075173,
    "Max": 0.003141131,
    "Sum": 1677.2472943639941,
    "Avg": 0.00018366527764836167,
    "StdDev": 0.000075495919806352,
    "Data": [
      {
        "Start": 0.000075173,
        "End": 0.001,
        "Percent": 99.9872646854985,
        "Count": 9130924
      },
      {
        "Start": 0.001,
        "End": 0.002,
        "Percent": 99.99856549767868,
        "Count": 1032
      },
      {
        "Start": 0.002,
        "End": 0.003,
        "Percent": 99.9999014464054,
        "Count": 122
      },
      {
        "Start": 0.003,
        "End": 0.003141131,
        "Percent": 100,
        "Count": 9
      }
    ],
    "Percentiles": [
      {
        "Percentile": 50,
        "Value": 0.0005376453466781507
      },
      {
        "Percentile": 75,
        "Value": 0.0007688815706598063
      },
      {
        "Percentile": 90,
        "Value": 0.0009076233050487996
      },
      {
        "Percentile": 99,
        "Value": 0.0009908683456821955
      },
      {
        "Percentile": 99.9,
        "Value": 0.0009991928497455353
      }
    ]
  },
  "Exactly": 0,
  "Jitter": true,
  "RetCodes": {
    "200": 9132087
  },
  "Sizes": {
    "Count": 9132087,
    "Min": 75,
    "Max": 75,
    "Sum": 684906525,
    "Avg": 75,
    "StdDev": 0,
    "Data": [
      {
        "Start": 75,
        "End": 75,
        "Percent": 100,
        "Count": 9132087
      }
    ],
    "Percentiles": null
  },
  "HeaderSizes": {
    "Count": 9132087,
    "Min": 75,
    "Max": 75,
    "Sum": 684906525,
    "Avg": 75,
    "StdDev": 0,
    "Data": [
      {
        "Start": 75,
        "End": 75,
        "Percent": 100,
        "Count": 9132087
      }
    ],
    "Percentiles": null
  },
  "URL": "http://fortio-server:8080/echo\\?size\\=32",
  "SocketCount": 28,
  "AbortOn": 0
}
