{
  "RunType": "HTTP",
  "Labels": "2pod-diffnode-nosidecar-maxcore-conn467-resp512",
  "StartTime": "2021-03-28T10:57:51.617983483Z",
  "RequestedQPS": "max",
  "RequestedDuration": "1m0s",
  "ActualQPS": 296817.3835143899,
  "ActualDuration": 60002860308,
  "NumThreads": 467,
  "Version": "1.11.3",
  "DurationHistogram": {
    "Count": 17809892,
    "Min": 0.000103956,
    "Max": 0.007345765,
    "Sum": 28014.59869615999,
    "Avg": 0.0015729797067921573,
    "StdDev": 0.0004081349032238212,
    "Data": [
      {
        "Start": 0.000103956,
        "End": 0.001,
        "Percent": 2.587112824715613,
        "Count": 460762
      },
      {
        "Start": 0.001,
        "End": 0.002,
        "Percent": 89.76419396591513,
        "Count": 15526144
      },
      {
        "Start": 0.002,
        "End": 0.003,
        "Percent": 98.66536529250149,
        "Count": 1585289
      },
      {
        "Start": 0.003,
        "End": 0.004,
        "Percent": 99.94209959274318,
        "Count": 227385
      },
      {
        "Start": 0.004,
        "End": 0.005,
        "Percent": 99.9895563656422,
        "Count": 8452
      },
      {
        "Start": 0.005,
        "End": 0.006,
        "Percent": 99.99745085483954,
        "Count": 1406
      },
      {
        "Start": 0.006,
        "End": 0.007,
        "Percent": 99.99986524342764,
        "Count": 430
      },
      {
        "Start": 0.007,
        "End": 0.007345765,
        "Percent": 100,
        "Count": 24
      }
    ],
    "Percentiles": [
      {
        "Percentile": 50,
        "Value": 0.0015438687158897922
      },
      {
        "Percentile": 75,
        "Value": 0.001830641336316345
      },
      {
        "Percentile": 90,
        "Value": 0.0020264915734607377
      },
      {
        "Percentile": 99,
        "Value": 0.0032621020735756553
      },
      {
        "Percentile": 99.9,
        "Value": 0.0039670255645711085
      }
    ]
  },
  "Exactly": 0,
  "Jitter": true,
  "RetCodes": {
    "200": 17809892
  },
  "Sizes": {
    "Count": 17809892,
    "Min": 75,
    "Max": 75,
    "Sum": 1335741900,
    "Avg": 75,
    "StdDev": 0,
    "Data": [
      {
        "Start": 75,
        "End": 75,
        "Percent": 100,
        "Count": 17809892
      }
    ],
    "Percentiles": null
  },
  "HeaderSizes": {
    "Count": 17809892,
    "Min": 75,
    "Max": 75,
    "Sum": 1335741900,
    "Avg": 75,
    "StdDev": 0,
    "Data": [
      {
        "Start": 75,
        "End": 75,
        "Percent": 100,
        "Count": 17809892
      }
    ],
    "Percentiles": null
  },
  "URL": "http://fortio-server:8080/echo\\?size\\=512",
  "SocketCount": 467,
  "AbortOn": 0
}
