{
  "RunType": "HTTP",
  "Labels": "2pod-diffnode-nosidecar-maxcore-conn23-resp1024",
  "StartTime": "2021-03-28T11:21:39.180825501Z",
  "RequestedQPS": "max",
  "RequestedDuration": "1m0s",
  "ActualQPS": 123303.97763083955,
  "ActualDuration": 60000456937,
  "NumThreads": 23,
  "Version": "1.11.3",
  "DurationHistogram": {
    "Count": 7398295,
    "Min": 0.000071626,
    "Max": 0.006556927,
    "Sum": 1377.7865655939966,
    "Avg": 0.0001862302821925858,
    "StdDev": 0.0000916330378463046,
    "Data": [
      {
        "Start": 0.000071626,
        "End": 0.001,
        "Percent": 99.98763228554687,
        "Count": 7397380
      },
      {
        "Start": 0.001,
        "End": 0.002,
        "Percent": 99.9988510866355,
        "Count": 830
      },
      {
        "Start": 0.002,
        "End": 0.003,
        "Percent": 99.9993106519813,
        "Count": 34
      },
      {
        "Start": 0.003,
        "End": 0.004,
        "Percent": 99.99954043465421,
        "Count": 17
      },
      {
        "Start": 0.006,
        "End": 0.006556927,
        "Percent": 100,
        "Count": 34
      }
    ],
    "Percentiles": [
      {
        "Percentile": 50,
        "Value": 0.0005358703536813513
      },
      {
        "Percentile": 75,
        "Value": 0.0007679925932722253
      },
      {
        "Percentile": 90,
        "Value": 0.0009072659370267497
      },
      {
        "Percentile": 99,
        "Value": 0.0009908299432794644
      },
      {
        "Percentile": 99.9,
        "Value": 0.0009991863439047358
      }
    ]
  },
  "Exactly": 0,
  "Jitter": true,
  "RetCodes": {
    "200": 7398295
  },
  "Sizes": {
    "Count": 7398295,
    "Min": 75,
    "Max": 75,
    "Sum": 554872125,
    "Avg": 75,
    "StdDev": 0,
    "Data": [
      {
        "Start": 75,
        "End": 75,
        "Percent": 100,
        "Count": 7398295
      }
    ],
    "Percentiles": null
  },
  "HeaderSizes": {
    "Count": 7398295,
    "Min": 75,
    "Max": 75,
    "Sum": 554872125,
    "Avg": 75,
    "StdDev": 0,
    "Data": [
      {
        "Start": 75,
        "End": 75,
        "Percent": 100,
        "Count": 7398295
      }
    ],
    "Percentiles": null
  },
  "URL": "http://fortio-server:8080/echo\\?size\\=1024",
  "SocketCount": 23,
  "AbortOn": 0
}
