{
  "RunType": "HTTP",
  "Labels": "2pod-diffnode-nosidecar-maxcore-conn30-resp2048",
  "StartTime": "2021-03-28T12:01:41.248334264Z",
  "RequestedQPS": "max",
  "RequestedDuration": "1m0s",
  "ActualQPS": 156294.5682015453,
  "ActualDuration": 60000300125,
  "NumThreads": 30,
  "Version": "1.11.3",
  "DurationHistogram": {
    "Count": 9377721,
    "Min": 0.000075826,
    "Max": 0.004386008,
    "Sum": 1797.1319096419973,
    "Avg": 0.0001916384492183119,
    "StdDev": 0.00008076457083519152,
    "Data": [
      {
        "Start": 0.000075826,
        "End": 0.001,
        "Percent": 99.98825940758954,
        "Count": 9376620
      },
      {
        "Start": 0.001,
        "End": 0.002,
        "Percent": 99.9983471463909,
        "Count": 946
      },
      {
        "Start": 0.002,
        "End": 0.003,
        "Percent": 99.9998507099966,
        "Count": 141
      },
      {
        "Start": 0.004,
        "End": 0.004386008,
        "Percent": 100,
        "Count": 14
      }
    ],
    "Percentiles": [
      {
        "Percentile": 50,
        "Value": 0.0005379672088464937
      },
      {
        "Percentile": 75,
        "Value": 0.0007690378625505099
      },
      {
        "Percentile": 90,
        "Value": 0.0009076802547729198
      },
      {
        "Percentile": 99,
        "Value": 0.0009908656901063658
      },
      {
        "Percentile": 99.9,
        "Value": 0.0009991842336397104
      }
    ]
  },
  "Exactly": 0,
  "Jitter": true,
  "RetCodes": {
    "200": 9377721
  },
  "Sizes": {
    "Count": 9377721,
    "Min": 75,
    "Max": 75,
    "Sum": 703329075,
    "Avg": 75,
    "StdDev": 0,
    "Data": [
      {
        "Start": 75,
        "End": 75,
        "Percent": 100,
        "Count": 9377721
      }
    ],
    "Percentiles": null
  },
  "HeaderSizes": {
    "Count": 9377721,
    "Min": 75,
    "Max": 75,
    "Sum": 703329075,
    "Avg": 75,
    "StdDev": 0,
    "Data": [
      {
        "Start": 75,
        "End": 75,
        "Percent": 100,
        "Count": 9377721
      }
    ],
    "Percentiles": null
  },
  "URL": "http://fortio-server:8080/echo\\?size\\=2048",
  "SocketCount": 30,
  "AbortOn": 0
}
