{
  "RunType": "HTTP",
  "Labels": "2pod-diffnode-nosidecar-maxcore-conn1-resp2048",
  "StartTime": "2021-03-28T11:32:19.362301034Z",
  "RequestedQPS": "max",
  "RequestedDuration": "1m0s",
  "ActualQPS": 8525.132444905184,
  "ActualDuration": 60000123553,
  "NumThreads": 1,
  "Version": "1.11.3",
  "DurationHistogram": {
    "Count": 511509,
    "Min": 0.000092435,
    "Max": 0.001441165,
    "Sum": 59.89482355499942,
    "Avg": 0.00011709436892605881,
    "StdDev": 0.000013491418175071992,
    "Data": [
      {
        "Start": 0.000092435,
        "End": 0.001,
        "Percent": 99.9992180000743,
        "Count": 511505
      },
      {
        "Start": 0.001,
        "End": 0.001441165,
        "Percent": 100,
        "Count": 4
      }
    ],
    "Percentiles": [
      {
        "Percentile": 50,
        "Value": 0.0005462201614601254
      },
      {
        "Percentile": 75,
        "Value": 0.0007731136293435632
      },
      {
        "Percentile": 90,
        "Value": 0.000909249710073626
      },
      {
        "Percentile": 99,
        "Value": 0.0009909313585116637
      },
      {
        "Percentile": 99.9,
        "Value": 0.0009990995233554675
      }
    ]
  },
  "Exactly": 0,
  "Jitter": true,
  "RetCodes": {
    "200": 511509
  },
  "Sizes": {
    "Count": 511509,
    "Min": 75,
    "Max": 75,
    "Sum": 38363175,
    "Avg": 75,
    "StdDev": 0,
    "Data": [
      {
        "Start": 75,
        "End": 75,
        "Percent": 100,
        "Count": 511509
      }
    ],
    "Percentiles": null
  },
  "HeaderSizes": {
    "Count": 511509,
    "Min": 75,
    "Max": 75,
    "Sum": 38363175,
    "Avg": 75,
    "StdDev": 0,
    "Data": [
      {
        "Start": 75,
        "End": 75,
        "Percent": 100,
        "Count": 511509
      }
    ],
    "Percentiles": null
  },
  "URL": "http://fortio-server:8080/echo\\?size\\=2048",
  "SocketCount": 1,
  "AbortOn": 0
}
