{
  "RunType": "HTTP",
  "Labels": "2pod-diffnode-nosidecar-maxcore-conn447-resp128",
  "StartTime": "2021-03-28T10:03:21.912868744Z",
  "RequestedQPS": "max",
  "RequestedDuration": "1m0s",
  "ActualQPS": 293395.9999104152,
  "ActualDuration": 60003013011,
  "NumThreads": 447,
  "Version": "1.11.3",
  "DurationHistogram": {
    "Count": 17604644,
    "Min": 0.000105083,
    "Max": 0.010336718,
    "Sum": 26814.654806103008,
    "Avg": 0.0015231580261494074,
    "StdDev": 0.00041412775511612666,
    "Data": [
      {
        "Start": 0.000105083,
        "End": 0.001,
        "Percent": 2.8714809569565847,
        "Count": 505514
      },
      {
        "Start": 0.001,
        "End": 0.002,
        "Percent": 90.29872458653523,
        "Count": 15391255
      },
      {
        "Start": 0.002,
        "End": 0.003,
        "Percent": 98.74401322741886,
        "Count": 1486763
      },
      {
        "Start": 0.003,
        "End": 0.004,
        "Percent": 99.94807620080248,
        "Count": 211971
      },
      {
        "Start": 0.004,
        "End": 0.005,
        "Percent": 99.99205323322641,
        "Count": 7742
      },
      {
        "Start": 0.005,
        "End": 0.006,
        "Percent": 99.9971655206433,
        "Count": 900
      },
      {
        "Start": 0.006,
        "End": 0.007,
        "Percent": 99.99836406802659,
        "Count": 211
      },
      {
        "Start": 0.007,
        "End": 0.008,
        "Percent": 99.99981822978073,
        "Count": 256
      },
      {
        "Start": 0.008,
        "End": 0.009000000000000001,
        "Percent": 99.99999431968065,
        "Count": 31
      },
      {
        "Start": 0.01,
        "End": 0.010336718,
        "Percent": 100,
        "Count": 1
      }
    ],
    "Percentiles": [
      {
        "Percentile": 50,
        "Value": 0.001539059875234346
      },
      {
        "Percentile": 75,
        "Value": 0.0018250119304761047
      },
      {
        "Percentile": 90,
        "Value": 0.0019965831636211606
      },
      {
        "Percentile": 99,
        "Value": 0.0032126024786409417
      },
      {
        "Percentile": 99.9,
        "Value": 0.003960071689051804
      }
    ]
  },
  "Exactly": 0,
  "Jitter": true,
  "RetCodes": {
    "200": 17604644
  },
  "Sizes": {
    "Count": 17604644,
    "Min": 75,
    "Max": 75,
    "Sum": 1320348300,
    "Avg": 75,
    "StdDev": 0,
    "Data": [
      {
        "Start": 75,
        "End": 75,
        "Percent": 100,
        "Count": 17604644
      }
    ],
    "Percentiles": null
  },
  "HeaderSizes": {
    "Count": 17604644,
    "Min": 75,
    "Max": 75,
    "Sum": 1320348300,
    "Avg": 75,
    "StdDev": 0,
    "Data": [
      {
        "Start": 75,
        "End": 75,
        "Percent": 100,
        "Count": 17604644
      }
    ],
    "Percentiles": null
  },
  "URL": "http://fortio-server:8080/echo\\?size\\=128",
  "SocketCount": 447,
  "AbortOn": 0
}
