{
  "RunType": "HTTP",
  "Labels": "2pod-diffnode-nosidecar-maxcore-conn445-resp512",
  "StartTime": "2021-03-28T10:35:25.181267696Z",
  "RequestedQPS": "max",
  "RequestedDuration": "1m0s",
  "ActualQPS": 293480.4356631688,
  "ActualDuration": 60002650467,
  "NumThreads": 445,
  "Version": "1.11.3",
  "DurationHistogram": {
    "Count": 17609604,
    "Min": 0.000101774,
    "Max": 0.007321609,
    "Sum": 26694.744655895007,
    "Avg": 0.0015159196456601186,
    "StdDev": 0.00041616864384304617,
    "Data": [
      {
        "Start": 0.000101774,
        "End": 0.001,
        "Percent": 3.091154122489069,
        "Count": 544340
      },
      {
        "Start": 0.001,
        "End": 0.002,
        "Percent": 90.28904908934919,
        "Count": 15355204
      },
      {
        "Start": 0.002,
        "End": 0.003,
        "Percent": 98.76072170617806,
        "Count": 1491828
      },
      {
        "Start": 0.003,
        "End": 0.004,
        "Percent": 99.95386040481092,
        "Count": 210107
      },
      {
        "Start": 0.004,
        "End": 0.005,
        "Percent": 99.99282209866843,
        "Count": 6861
      },
      {
        "Start": 0.005,
        "End": 0.006,
        "Percent": 99.99967063427434,
        "Count": 1206
      },
      {
        "Start": 0.006,
        "End": 0.007,
        "Percent": 99.9999943212806,
        "Count": 57
      },
      {
        "Start": 0.007,
        "End": 0.007321609,
        "Percent": 100,
        "Count": 1
      }
    ],
    "Percentiles": [
      {
        "Percentile": 50,
        "Value": 0.0015379584667191658
      },
      {
        "Percentile": 75,
        "Value": 0.0018246626355468806
      },
      {
        "Percentile": 90,
        "Value": 0.0019966851368435094
      },
      {
        "Percentile": 99,
        "Value": 0.0032005452459937076
      },
      {
        "Percentile": 99.9,
        "Value": 0.003954858219859406
      }
    ]
  },
  "Exactly": 0,
  "Jitter": true,
  "RetCodes": {
    "200": 17609604
  },
  "Sizes": {
    "Count": 17609604,
    "Min": 75,
    "Max": 75,
    "Sum": 1320720300,
    "Avg": 75,
    "StdDev": 0,
    "Data": [
      {
        "Start": 75,
        "End": 75,
        "Percent": 100,
        "Count": 17609604
      }
    ],
    "Percentiles": null
  },
  "HeaderSizes": {
    "Count": 17609604,
    "Min": 75,
    "Max": 75,
    "Sum": 1320720300,
    "Avg": 75,
    "StdDev": 0,
    "Data": [
      {
        "Start": 75,
        "End": 75,
        "Percent": 100,
        "Count": 17609604
      }
    ],
    "Percentiles": null
  },
  "URL": "http://fortio-server:8080/echo\\?size\\=512",
  "SocketCount": 445,
  "AbortOn": 0
}
