{
  "RunType": "HTTP",
  "Labels": "2pod-diffnode-nosidecar-maxcore-conn450-resp128",
  "StartTime": "2021-03-28T10:06:25.250851534Z",
  "RequestedQPS": "max",
  "RequestedDuration": "1m0s",
  "ActualQPS": 293246.5090969968,
  "ActualDuration": 60003783350,
  "NumThreads": 450,
  "Version": "1.11.3",
  "DurationHistogram": {
    "Count": 17595900,
    "Min": 0.000111173,
    "Max": 0.009531563,
    "Sum": 26994.687317909018,
    "Avg": 0.0015341464385401724,
    "StdDev": 0.00041183902806553085,
    "Data": [
      {
        "Start": 0.000111173,
        "End": 0.001,
        "Percent": 2.678396671951989,
        "Count": 471288
      },
      {
        "Start": 0.001,
        "End": 0.002,
        "Percent": 90.2382770986423,
        "Count": 15406949
      },
      {
        "Start": 0.002,
        "End": 0.003,
        "Percent": 98.73128399229365,
        "Count": 1494421
      },
      {
        "Start": 0.003,
        "End": 0.004,
        "Percent": 99.94239567171898,
        "Count": 213106
      },
      {
        "Start": 0.004,
        "End": 0.005,
        "Percent": 99.98781534334702,
        "Count": 7992
      },
      {
        "Start": 0.005,
        "End": 0.006,
        "Percent": 99.99760171403565,
        "Count": 1722
      },
      {
        "Start": 0.006,
        "End": 0.007,
        "Percent": 99.99980677316874,
        "Count": 388
      },
      {
        "Start": 0.007,
        "End": 0.008,
        "Percent": 99.9999886337158,
        "Count": 32
      },
      {
        "Start": 0.008,
        "End": 0.009000000000000001,
        "Percent": 99.99999431685791,
        "Count": 1
      },
      {
        "Start": 0.009000000000000001,
        "End": 0.009531563,
        "Percent": 100,
        "Count": 1
      }
    ],
    "Percentiles": [
      {
        "Percentile": 50,
        "Value": 0.0015404484690641866
      },
      {
        "Percentile": 75,
        "Value": 0.0018259673605721678
      },
      {
        "Percentile": 90,
        "Value": 0.0019972786954769563
      },
      {
        "Percentile": 99,
        "Value": 0.0032218754985781748
      },
      {
        "Percentile": 99.9,
        "Value": 0.003964994415924471
      }
    ]
  },
  "Exactly": 0,
  "Jitter": true,
  "RetCodes": {
    "200": 17595900
  },
  "Sizes": {
    "Count": 17595900,
    "Min": 75,
    "Max": 75,
    "Sum": 1319692500,
    "Avg": 75,
    "StdDev": 0,
    "Data": [
      {
        "Start": 75,
        "End": 75,
        "Percent": 100,
        "Count": 17595900
      }
    ],
    "Percentiles": null
  },
  "HeaderSizes": {
    "Count": 17595900,
    "Min": 75,
    "Max": 75,
    "Sum": 1319692500,
    "Avg": 75,
    "StdDev": 0,
    "Data": [
      {
        "Start": 75,
        "End": 75,
        "Percent": 100,
        "Count": 17595900
      }
    ],
    "Percentiles": null
  },
  "URL": "http://fortio-server:8080/echo\\?size\\=128",
  "SocketCount": 450,
  "AbortOn": 0
}
