{
  "RunType": "HTTP",
  "Labels": "2pod-diffnode-nosidecar-maxcore-conn4-resp32",
  "StartTime": "2021-03-28T09:31:19.604562091Z",
  "RequestedQPS": "max",
  "RequestedDuration": "1m0s",
  "ActualQPS": 34274.846387042104,
  "ActualDuration": 60000239732,
  "NumThreads": 4,
  "Version": "1.11.3",
  "DurationHistogram": {
    "Count": 2056499,
    "Min": 0.000072942,
    "Max": 0.001806206,
    "Sum": 239.52527333900636,
    "Avg": 0.00011647235099020537,
    "StdDev": 0.000018969255077633146,
    "Data": [
      {
        "Start": 0.000072942,
        "End": 0.001,
        "Percent": 99.9993678577038,
        "Count": 2056486
      },
      {
        "Start": 0.001,
        "End": 0.001806206,
        "Percent": 100,
        "Count": 13
      }
    ],
    "Percentiles": [
      {
        "Percentile": 50,
        "Value": 0.000536473704784134
      },
      {
        "Percentile": 75,
        "Value": 0.0007682397825748789
      },
      {
        "Percentile": 90,
        "Value": 0.0009072994292493258
      },
      {
        "Percentile": 99,
        "Value": 0.000990735217253994
      },
      {
        "Percentile": 99.9,
        "Value": 0.0009990787960544609
      }
    ]
  },
  "Exactly": 0,
  "Jitter": true,
  "RetCodes": {
    "200": 2056499
  },
  "Sizes": {
    "Count": 2056499,
    "Min": 75,
    "Max": 75,
    "Sum": 154237425,
    "Avg": 75,
    "StdDev": 0,
    "Data": [
      {
        "Start": 75,
        "End": 75,
        "Percent": 100,
        "Count": 2056499
      }
    ],
    "Percentiles": null
  },
  "HeaderSizes": {
    "Count": 2056499,
    "Min": 75,
    "Max": 75,
    "Sum": 154237425,
    "Avg": 75,
    "StdDev": 0,
    "Data": [
      {
        "Start": 75,
        "End": 75,
        "Percent": 100,
        "Count": 2056499
      }
    ],
    "Percentiles": null
  },
  "URL": "http://fortio-server:8080/echo\\?size\\=32",
  "SocketCount": 4,
  "AbortOn": 0
}
