{
  "RunType": "HTTP",
  "Labels": "2pod-diffnode-nosidecar-maxcore-conn21-resp32",
  "StartTime": "2021-03-28T09:48:34.071672577Z",
  "RequestedQPS": "max",
  "RequestedDuration": "1m0s",
  "ActualQPS": 135091.2288622147,
  "ActualDuration": 60000261070,
  "NumThreads": 21,
  "Version": "1.11.3",
  "DurationHistogram": {
    "Count": 8105509,
    "Min": 0.000075181,
    "Max": 0.004738751,
    "Sum": 1257.533659202003,
    "Avg": 0.00015514555090889457,
    "StdDev": 0.00005144661315322514,
    "Data": [
      {
        "Start": 0.000075181,
        "End": 0.001,
        "Percent": 99.99321449152669,
        "Count": 8104959
      },
      {
        "Start": 0.001,
        "End": 0.002,
        "Percent": 99.99959286949161,
        "Count": 517
      },
      {
        "Start": 0.002,
        "End": 0.003,
        "Percent": 99.99987662711867,
        "Count": 23
      },
      {
        "Start": 0.004,
        "End": 0.004738751,
        "Percent": 100,
        "Count": 10
      }
    ],
    "Percentiles": [
      {
        "Percentile": 50,
        "Value": 0.0005376218219162271
      },
      {
        "Percentile": 75,
        "Value": 0.0007688422899270114
      },
      {
        "Percentile": 90,
        "Value": 0.0009075745707334819
      },
      {
        "Percentile": 99,
        "Value": 0.0009908139392173641
      },
      {
        "Percentile": 99.9,
        "Value": 0.0009991378760657525
      }
    ]
  },
  "Exactly": 0,
  "Jitter": true,
  "RetCodes": {
    "200": 8105509
  },
  "Sizes": {
    "Count": 8105509,
    "Min": 75,
    "Max": 75,
    "Sum": 607913175,
    "Avg": 75,
    "StdDev": 0,
    "Data": [
      {
        "Start": 75,
        "End": 75,
        "Percent": 100,
        "Count": 8105509
      }
    ],
    "Percentiles": null
  },
  "HeaderSizes": {
    "Count": 8105509,
    "Min": 75,
    "Max": 75,
    "Sum": 607913175,
    "Avg": 75,
    "StdDev": 0,
    "Data": [
      {
        "Start": 75,
        "End": 75,
        "Percent": 100,
        "Count": 8105509
      }
    ],
    "Percentiles": null
  },
  "URL": "http://fortio-server:8080/echo\\?size\\=32",
  "SocketCount": 21,
  "AbortOn": 0
}
