{
  "RunType": "HTTP",
  "Labels": "2pod-diffnode-nosidecar-maxcore-conn31-resp1024",
  "StartTime": "2021-03-28T11:29:46.90078386Z",
  "RequestedQPS": "max",
  "RequestedDuration": "1m0s",
  "ActualQPS": 154965.428291035,
  "ActualDuration": 60000460119,
  "NumThreads": 31,
  "Version": "1.11.3",
  "DurationHistogram": {
    "Count": 9297997,
    "Min": 0.000074577,
    "Max": 0.006774679,
    "Sum": 1857.1223277909994,
    "Avg": 0.00019973359077132412,
    "StdDev": 0.00009025615500505675,
    "Data": [
      {
        "Start": 0.000074577,
        "End": 0.001,
        "Percent": 99.98619057416344,
        "Count": 9296713
      },
      {
        "Start": 0.001,
        "End": 0.002,
        "Percent": 99.99785975409543,
        "Count": 1085
      },
      {
        "Start": 0.002,
        "End": 0.003,
        "Percent": 99.99881694949998,
        "Count": 89
      },
      {
        "Start": 0.003,
        "End": 0.004,
        "Percent": 99.99897827456817,
        "Count": 15
      },
      {
        "Start": 0.004,
        "End": 0.005,
        "Percent": 99.99931167970908,
        "Count": 31
      },
      {
        "Start": 0.005,
        "End": 0.006,
        "Percent": 99.99963432984545,
        "Count": 30
      },
      {
        "Start": 0.006,
        "End": 0.006774679,
        "Percent": 100,
        "Count": 34
      }
    ],
    "Percentiles": [
      {
        "Percentile": 50,
        "Value": 0.0005373523568619206
      },
      {
        "Percentile": 75,
        "Value": 0.0007687400850644024
      },
      {
        "Percentile": 90,
        "Value": 0.0009075727219858914
      },
      {
        "Percentile": 99,
        "Value": 0.0009908723041387847
      },
      {
        "Percentile": 99.9,
        "Value": 0.000999202262354074
      }
    ]
  },
  "Exactly": 0,
  "Jitter": true,
  "RetCodes": {
    "200": 9297997
  },
  "Sizes": {
    "Count": 9297997,
    "Min": 75,
    "Max": 75,
    "Sum": 697349775,
    "Avg": 75,
    "StdDev": 0,
    "Data": [
      {
        "Start": 75,
        "End": 75,
        "Percent": 100,
        "Count": 9297997
      }
    ],
    "Percentiles": null
  },
  "HeaderSizes": {
    "Count": 9297997,
    "Min": 75,
    "Max": 75,
    "Sum": 697349775,
    "Avg": 75,
    "StdDev": 0,
    "Data": [
      {
        "Start": 75,
        "End": 75,
        "Percent": 100,
        "Count": 9297997
      }
    ],
    "Percentiles": null
  },
  "URL": "http://fortio-server:8080/echo\\?size\\=1024",
  "SocketCount": 31,
  "AbortOn": 0
}
