{
  "RunType": "HTTP",
  "Labels": "2pod-diffnode-nosidecar-maxcore-conn9-resp2048",
  "StartTime": "2021-03-28T11:40:25.020609902Z",
  "RequestedQPS": "max",
  "RequestedDuration": "1m0s",
  "ActualQPS": 72379.55472726717,
  "ActualDuration": 60000175690,
  "NumThreads": 9,
  "Version": "1.11.3",
  "DurationHistogram": {
    "Count": 4342786,
    "Min": 0.000070941,
    "Max": 0.004158647,
    "Sum": 538.7471417430039,
    "Avg": 0.00012405565039193825,
    "StdDev": 0.00003099974694001113,
    "Data": [
      {
        "Start": 0.000070941,
        "End": 0.001,
        "Percent": 99.99686836975158,
        "Count": 4342650
      },
      {
        "Start": 0.001,
        "End": 0.002,
        "Percent": 99.99970065299097,
        "Count": 123
      },
      {
        "Start": 0.002,
        "End": 0.003,
        "Percent": 99.99990789322798,
        "Count": 9
      },
      {
        "Start": 0.004,
        "End": 0.004158647,
        "Percent": 100,
        "Count": 4
      }
    ],
    "Percentiles": [
      {
        "Percentile": 50,
        "Value": 0.0005354849408361118
      },
      {
        "Percentile": 75,
        "Value": 0.0007677570182233241
      },
      {
        "Percentile": 90,
        "Value": 0.0009071202646556514
      },
      {
        "Percentile": 99,
        "Value": 0.0009907382125150478
      },
      {
        "Percentile": 99.9,
        "Value": 0.0009991000073009875
      }
    ]
  },
  "Exactly": 0,
  "Jitter": true,
  "RetCodes": {
    "200": 4342786
  },
  "Sizes": {
    "Count": 4342786,
    "Min": 75,
    "Max": 75,
    "Sum": 325708950,
    "Avg": 75,
    "StdDev": 0,
    "Data": [
      {
        "Start": 75,
        "End": 75,
        "Percent": 100,
        "Count": 4342786
      }
    ],
    "Percentiles": null
  },
  "HeaderSizes": {
    "Count": 4342786,
    "Min": 75,
    "Max": 75,
    "Sum": 325708950,
    "Avg": 75,
    "StdDev": 0,
    "Data": [
      {
        "Start": 75,
        "End": 75,
        "Percent": 100,
        "Count": 4342786
      }
    ],
    "Percentiles": null
  },
  "URL": "http://fortio-server:8080/echo\\?size\\=2048",
  "SocketCount": 9,
  "AbortOn": 0
}
