{
  "RunType": "HTTP",
  "Labels": "2pod-diffnode-nosidecar-maxcore-conn31-resp32",
  "StartTime": "2021-03-28T09:58:41.393047945Z",
  "RequestedQPS": "max",
  "RequestedDuration": "1m0s",
  "ActualQPS": 132936.33998249596,
  "ActualDuration": 60000433298,
  "NumThreads": 31,
  "Version": "1.11.3",
  "DurationHistogram": {
    "Count": 7976238,
    "Min": 0.0000754,
    "Max": 0.006438596,
    "Sum": 1857.574817945998,
    "Avg": 0.00023288858957643915,
    "StdDev": 0.00013381443114976536,
    "Data": [
      {
        "Start": 0.0000754,
        "End": 0.001,
        "Percent": 99.9593166603103,
        "Count": 7972993
      },
      {
        "Start": 0.001,
        "End": 0.002,
        "Percent": 99.995862711218,
        "Count": 2915
      },
      {
        "Start": 0.002,
        "End": 0.003,
        "Percent": 99.99867105269426,
        "Count": 224
      },
      {
        "Start": 0.003,
        "End": 0.004,
        "Percent": 99.99983701589646,
        "Count": 93
      },
      {
        "Start": 0.005,
        "End": 0.006,
        "Percent": 99.99989970209013,
        "Count": 5
      },
      {
        "Start": 0.006,
        "End": 0.006438596,
        "Percent": 100,
        "Count": 8
      }
    ],
    "Percentiles": [
      {
        "Percentile": 50,
        "Value": 0.0005378880976677263
      },
      {
        "Percentile": 75,
        "Value": 0.0007691322044848408
      },
      {
        "Percentile": 90,
        "Value": 0.0009078786685751095
      },
      {
        "Percentile": 99,
        "Value": 0.0009911265470292708
      },
      {
        "Percentile": 99.9,
        "Value": 0.000999451334874687
      }
    ]
  },
  "Exactly": 0,
  "Jitter": true,
  "RetCodes": {
    "200": 7976238
  },
  "Sizes": {
    "Count": 7976238,
    "Min": 75,
    "Max": 75,
    "Sum": 598217850,
    "Avg": 75,
    "StdDev": 0,
    "Data": [
      {
        "Start": 75,
        "End": 75,
        "Percent": 100,
        "Count": 7976238
      }
    ],
    "Percentiles": null
  },
  "HeaderSizes": {
    "Count": 7976238,
    "Min": 75,
    "Max": 75,
    "Sum": 598217850,
    "Avg": 75,
    "StdDev": 0,
    "Data": [
      {
        "Start": 75,
        "End": 75,
        "Percent": 100,
        "Count": 7976238
      }
    ],
    "Percentiles": null
  },
  "URL": "http://fortio-server:8080/echo\\?size\\=32",
  "SocketCount": 31,
  "AbortOn": 0
}
