{
  "RunType": "HTTP",
  "Labels": "2pod-diffnode-nosidecar-maxcore-conn12-resp512",
  "StartTime": "2021-03-28T10:20:06.634151199Z",
  "RequestedQPS": "max",
  "RequestedDuration": "1m0s",
  "ActualQPS": 83217.22946221678,
  "ActualDuration": 60000146992,
  "NumThreads": 12,
  "Version": "1.11.3",
  "DurationHistogram": {
    "Count": 4993046,
    "Min": 0.000074853,
    "Max": 0.006600375,
    "Sum": 718.5694541759959,
    "Avg": 0.00014391404649105895,
    "StdDev": 0.00005053012282901887,
    "Data": [
      {
        "Start": 0.000074853,
        "End": 0.001,
        "Percent": 99.9957340669403,
        "Count": 4992833
      },
      {
        "Start": 0.001,
        "End": 0.002,
        "Percent": 99.9995994429052,
        "Count": 193
      },
      {
        "Start": 0.002,
        "End": 0.003,
        "Percent": 99.99979972145259,
        "Count": 10
      },
      {
        "Start": 0.006,
        "End": 0.006600375,
        "Percent": 100,
        "Count": 10
      }
    ],
    "Percentiles": [
      {
        "Percentile": 50,
        "Value": 0.0005374461412741306
      },
      {
        "Percentile": 75,
        "Value": 0.0007687428045587154
      },
      {
        "Percentile": 90,
        "Value": 0.0009075208025294663
      },
      {
        "Percentile": 99,
        "Value": 0.0009907876013119168
      },
      {
        "Percentile": 99.9,
        "Value": 0.0009991142811901618
      }
    ]
  },
  "Exactly": 0,
  "Jitter": true,
  "RetCodes": {
    "200": 4993046
  },
  "Sizes": {
    "Count": 4993046,
    "Min": 75,
    "Max": 75,
    "Sum": 374478450,
    "Avg": 75,
    "StdDev": 0,
    "Data": [
      {
        "Start": 75,
        "End": 75,
        "Percent": 100,
        "Count": 4993046
      }
    ],
    "Percentiles": null
  },
  "HeaderSizes": {
    "Count": 4993046,
    "Min": 75,
    "Max": 75,
    "Sum": 374478450,
    "Avg": 75,
    "StdDev": 0,
    "Data": [
      {
        "Start": 75,
        "End": 75,
        "Percent": 100,
        "Count": 4993046
      }
    ],
    "Percentiles": null
  },
  "URL": "http://fortio-server:8080/echo\\?size\\=512",
  "SocketCount": 12,
  "AbortOn": 0
}
