{
  "RunType": "HTTP",
  "Labels": "2pod-diffnode-nosidecar-maxcore-conn438-resp512",
  "StartTime": "2021-03-28T10:28:17.120273592Z",
  "RequestedQPS": "max",
  "RequestedDuration": "1m0s",
  "ActualQPS": 291941.60245547816,
  "ActualDuration": 60002835679,
  "NumThreads": 438,
  "Version": "1.11.3",
  "DurationHistogram": {
    "Count": 17517324,
    "Min": 0.000104177,
    "Max": 0.008327251,
    "Sum": 26274.695613742984,
    "Avg": 0.0014999263365650475,
    "StdDev": 0.00043427987666392253,
    "Data": [
      {
        "Start": 0.000104177,
        "End": 0.001,
        "Percent": 4.136921826644298,
        "Count": 724678
      },
      {
        "Start": 0.001,
        "End": 0.002,
        "Percent": 89.87775187580021,
        "Count": 15019499
      },
      {
        "Start": 0.002,
        "End": 0.003,
        "Percent": 98.70999132059212,
        "Count": 1547172
      },
      {
        "Start": 0.003,
        "End": 0.004,
        "Percent": 99.95151085862202,
        "Count": 217481
      },
      {
        "Start": 0.004,
        "End": 0.005,
        "Percent": 99.99158547275829,
        "Count": 7020
      },
      {
        "Start": 0.005,
        "End": 0.006,
        "Percent": 99.99614096308318,
        "Count": 798
      },
      {
        "Start": 0.006,
        "End": 0.007,
        "Percent": 99.99740257130598,
        "Count": 221
      },
      {
        "Start": 0.007,
        "End": 0.008,
        "Percent": 99.99983444959972,
        "Count": 426
      },
      {
        "Start": 0.008,
        "End": 0.008327251,
        "Percent": 100,
        "Count": 29
      }
    ],
    "Percentiles": [
      {
        "Percentile": 50,
        "Value": 0.0015349035943209557
      },
      {
        "Percentile": 75,
        "Value": 0.001826479964478176
      },
      {
        "Percentile": 90,
        "Value": 0.0020138411243223113
      },
      {
        "Percentile": 99,
        "Value": 0.0032335917160579504
      },
      {
        "Percentile": 99.9,
        "Value": 0.0039585098284447865
      }
    ]
  },
  "Exactly": 0,
  "Jitter": true,
  "RetCodes": {
    "200": 17517324
  },
  "Sizes": {
    "Count": 17517324,
    "Min": 75,
    "Max": 75,
    "Sum": 1313799300,
    "Avg": 75,
    "StdDev": 0,
    "Data": [
      {
        "Start": 75,
        "End": 75,
        "Percent": 100,
        "Count": 17517324
      }
    ],
    "Percentiles": null
  },
  "HeaderSizes": {
    "Count": 17517324,
    "Min": 75,
    "Max": 75,
    "Sum": 1313799300,
    "Avg": 75,
    "StdDev": 0,
    "Data": [
      {
        "Start": 75,
        "End": 75,
        "Percent": 100,
        "Count": 17517324
      }
    ],
    "Percentiles": null
  },
  "URL": "http://fortio-server:8080/echo\\?size\\=512",
  "SocketCount": 438,
  "AbortOn": 0
}
