{
  "RunType": "HTTP",
  "Labels": "2pod-diffnode-nosidecar-maxcore-conn1-resp32",
  "StartTime": "2021-03-28T09:28:17.566552685Z",
  "RequestedQPS": "max",
  "RequestedDuration": "1m0s",
  "ActualQPS": 8395.801792664211,
  "ActualDuration": 60000106296,
  "NumThreads": 1,
  "Version": "1.11.3",
  "DurationHistogram": {
    "Count": 503749,
    "Min": 0.000097129,
    "Max": 0.001284185,
    "Sum": 59.90122157299738,
    "Avg": 0.000118910849595726,
    "StdDev": 0.000010862282860513135,
    "Data": [
      {
        "Start": 0.000097129,
        "End": 0.001,
        "Percent": 99.99960297687936,
        "Count": 503747
      },
      {
        "Start": 0.001,
        "End": 0.001284185,
        "Percent": 100,
        "Count": 2
      }
    ],
    "Percentiles": [
      {
        "Percentile": 50,
        "Value": 0.0005485653961569917
      },
      {
        "Percentile": 75,
        "Value": 0.0007742844903924795
      },
      {
        "Percentile": 90,
        "Value": 0.0009097159469337722
      },
      {
        "Percentile": 99,
        "Value": 0.0009909748208585477
      },
      {
        "Percentile": 99.9,
        "Value": 0.0009991007082510253
      }
    ]
  },
  "Exactly": 0,
  "Jitter": true,
  "RetCodes": {
    "200": 503749
  },
  "Sizes": {
    "Count": 503749,
    "Min": 75,
    "Max": 75,
    "Sum": 37781175,
    "Avg": 75,
    "StdDev": 0,
    "Data": [
      {
        "Start": 75,
        "End": 75,
        "Percent": 100,
        "Count": 503749
      }
    ],
    "Percentiles": null
  },
  "HeaderSizes": {
    "Count": 503749,
    "Min": 75,
    "Max": 75,
    "Sum": 37781175,
    "Avg": 75,
    "StdDev": 0,
    "Data": [
      {
        "Start": 75,
        "End": 75,
        "Percent": 100,
        "Count": 503749
      }
    ],
    "Percentiles": null
  },
  "URL": "http://fortio-server:8080/echo\\?size\\=32",
  "SocketCount": 1,
  "AbortOn": 0
}
