{
  "RunType": "HTTP",
  "Labels": "2pod-diffnode-nosidecar-maxcore-conn25-resp2048",
  "StartTime": "2021-03-28T11:56:37.49014577Z",
  "RequestedQPS": "max",
  "RequestedDuration": "1m0s",
  "ActualQPS": 146775.41395063882,
  "ActualDuration": 60000457590,
  "NumThreads": 25,
  "Version": "1.11.3",
  "DurationHistogram": {
    "Count": 8806592,
    "Min": 0.000076392,
    "Max": 0.004569902,
    "Sum": 1497.3164641479923,
    "Avg": 0.00017002223608723923,
    "StdDev": 0.00006490474132003536,
    "Data": [
      {
        "Start": 0.000076392,
        "End": 0.001,
        "Percent": 99.99060930720987,
        "Count": 8805765
      },
      {
        "Start": 0.001,
        "End": 0.002,
        "Percent": 99.99887584209647,
        "Count": 728
      },
      {
        "Start": 0.002,
        "End": 0.003,
        "Percent": 99.9998523833056,
        "Count": 86
      },
      {
        "Start": 0.004,
        "End": 0.004569902,
        "Percent": 100,
        "Count": 13
      }
    ],
    "Percentiles": [
      {
        "Percentile": 50,
        "Value": 0.0005382393182292871
      },
      {
        "Percentile": 75,
        "Value": 0.0007691630297873075
      },
      {
        "Percentile": 90,
        "Value": 0.0009077172567221199
      },
      {
        "Percentile": 99,
        "Value": 0.0009908497928830073
      },
      {
        "Percentile": 99.9,
        "Value": 0.000999163046499096
      }
    ]
  },
  "Exactly": 0,
  "Jitter": true,
  "RetCodes": {
    "200": 8806592
  },
  "Sizes": {
    "Count": 8806592,
    "Min": 75,
    "Max": 75,
    "Sum": 660494400,
    "Avg": 75,
    "StdDev": 0,
    "Data": [
      {
        "Start": 75,
        "End": 75,
        "Percent": 100,
        "Count": 8806592
      }
    ],
    "Percentiles": null
  },
  "HeaderSizes": {
    "Count": 8806592,
    "Min": 75,
    "Max": 75,
    "Sum": 660494400,
    "Avg": 75,
    "StdDev": 0,
    "Data": [
      {
        "Start": 75,
        "End": 75,
        "Percent": 100,
        "Count": 8806592
      }
    ],
    "Percentiles": null
  },
  "URL": "http://fortio-server:8080/echo\\?size\\=2048",
  "SocketCount": 25,
  "AbortOn": 0
}
