{
  "RunType": "HTTP",
  "Labels": "2pod-diffnode-nosidecar-maxcore-conn4-resp2048",
  "StartTime": "2021-03-28T11:35:21.332252506Z",
  "RequestedQPS": "max",
  "RequestedDuration": "1m0s",
  "ActualQPS": 34082.432601632405,
  "ActualDuration": 60000089310,
  "NumThreads": 4,
  "Version": "1.11.3",
  "DurationHistogram": {
    "Count": 2044949,
    "Min": 0.000074386,
    "Max": 0.002381894,
    "Sum": 239.53175375799856,
    "Avg": 0.00011713336310978834,
    "StdDev": 0.000019857144291907104,
    "Data": [
      {
        "Start": 0.000074386,
        "End": 0.001,
        "Percent": 99.99882637659913,
        "Count": 2044925
      },
      {
        "Start": 0.001,
        "End": 0.002,
        "Percent": 99.99990219804992,
        "Count": 22
      },
      {
        "Start": 0.002,
        "End": 0.002381894,
        "Percent": 100,
        "Count": 2
      }
    ],
    "Percentiles": [
      {
        "Percentile": 50,
        "Value": 0.000537198205357754
      },
      {
        "Percentile": 75,
        "Value": 0.0007686045343565335
      },
      {
        "Percentile": 90,
        "Value": 0.0009074483317558013
      },
      {
        "Percentile": 99,
        "Value": 0.0009907546101953618
      },
      {
        "Percentile": 99.9,
        "Value": 0.0009990852380393179
      }
    ]
  },
  "Exactly": 0,
  "Jitter": true,
  "RetCodes": {
    "200": 2044949
  },
  "Sizes": {
    "Count": 2044949,
    "Min": 75,
    "Max": 75,
    "Sum": 153371175,
    "Avg": 75,
    "StdDev": 0,
    "Data": [
      {
        "Start": 75,
        "End": 75,
        "Percent": 100,
        "Count": 2044949
      }
    ],
    "Percentiles": null
  },
  "HeaderSizes": {
    "Count": 2044949,
    "Min": 75,
    "Max": 75,
    "Sum": 153371175,
    "Avg": 75,
    "StdDev": 0,
    "Data": [
      {
        "Start": 75,
        "End": 75,
        "Percent": 100,
        "Count": 2044949
      }
    ],
    "Percentiles": null
  },
  "URL": "http://fortio-server:8080/echo\\?size\\=2048",
  "SocketCount": 4,
  "AbortOn": 0
}
