{
  "RunType": "HTTP",
  "Labels": "2pod-diffnode-nosidecar-maxcore-conn3-resp512",
  "StartTime": "2021-03-28T10:10:58.980177393Z",
  "RequestedQPS": "max",
  "RequestedDuration": "1m0s",
  "ActualQPS": 25891.827716392807,
  "ActualDuration": 60000128883,
  "NumThreads": 3,
  "Version": "1.11.3",
  "DurationHistogram": {
    "Count": 1553513,
    "Min": 0.000072623,
    "Max": 0.001308329,
    "Sum": 179.6827572649987,
    "Avg": 0.00011566221670819537,
    "StdDev": 0.00002229195248046794,
    "Data": [
      {
        "Start": 0.000072623,
        "End": 0.001,
        "Percent": 99.99980688928899,
        "Count": 1553510
      },
      {
        "Start": 0.001,
        "End": 0.001308329,
        "Percent": 100,
        "Count": 3
      }
    ],
    "Percentiles": [
      {
        "Percentile": 50,
        "Value": 0.0005363120969563099
      },
      {
        "Percentile": 75,
        "Value": 0.0007681569439126198
      },
      {
        "Percentile": 90,
        "Value": 0.0009072638520864056
      },
      {
        "Percentile": 99,
        "Value": 0.0009907279969906774
      },
      {
        "Percentile": 99.9,
        "Value": 0.0009990744114811046
      }
    ]
  },
  "Exactly": 0,
  "Jitter": true,
  "RetCodes": {
    "200": 1553513
  },
  "Sizes": {
    "Count": 1553513,
    "Min": 75,
    "Max": 75,
    "Sum": 116513475,
    "Avg": 75,
    "StdDev": 0,
    "Data": [
      {
        "Start": 75,
        "End": 75,
        "Percent": 100,
        "Count": 1553513
      }
    ],
    "Percentiles": null
  },
  "HeaderSizes": {
    "Count": 1553513,
    "Min": 75,
    "Max": 75,
    "Sum": 116513475,
    "Avg": 75,
    "StdDev": 0,
    "Data": [
      {
        "Start": 75,
        "End": 75,
        "Percent": 100,
        "Count": 1553513
      }
    ],
    "Percentiles": null
  },
  "URL": "http://fortio-server:8080/echo\\?size\\=512",
  "SocketCount": 3,
  "AbortOn": 0
}
