{
  "RunType": "HTTP",
  "Labels": "1pod-diffnode-nosidecar-1core-conn4-resp1024",
  "StartTime": "2021-03-28T15:01:37.108866333Z",
  "RequestedQPS": "max",
  "RequestedDuration": "1m0s",
  "ActualQPS": 14539.679943466592,
  "ActualDuration": 60033233427,
  "NumThreads": 4,
  "Version": "1.11.3",
  "DurationHistogram": {
    "Count": 872864,
    "Min": 0.000072322,
    "Max": 0.06251174,
    "Sum": 239.9297826670009,
    "Avg": 0.0002748764786576155,
    "StdDev": 0.002937802572431691,
    "Data": [
      {
        "Start": 0.000072322,
        "End": 0.001,
        "Percent": 99.7228663342743,
        "Count": 870445
      },
      {
        "Start": 0.001,
        "End": 0.002,
        "Percent": 99.72412655350662,
        "Count": 11
      },
      {
        "Start": 0.003,
        "End": 0.004,
        "Percent": 99.72458481504565,
        "Count": 4
      },
      {
        "Start": 0.004,
        "End": 0.005,
        "Percent": 99.7246993804304,
        "Count": 1
      },
      {
        "Start": 0.005,
        "End": 0.006,
        "Percent": 99.72504307658467,
        "Count": 3
      },
      {
        "Start": 0.045,
        "End": 0.05,
        "Percent": 99.72550133812369,
        "Count": 4
      },
      {
        "Start": 0.05,
        "End": 0.06,
        "Percent": 99.99656303845731,
        "Count": 2366
      },
      {
        "Start": 0.06,
        "End": 0.06251174,
        "Percent": 100,
        "Count": 30
      }
    ],
    "Percentiles": [
      {
        "Percentile": 50,
        "Value": 0.0005374494949542993
      },
      {
        "Percentile": 75,
        "Value": 0.0007700137753077739
      },
      {
        "Percentile": 90,
        "Value": 0.0009095523435198588
      },
      {
        "Percentile": 99,
        "Value": 0.0009932754844471099
      },
      {
        "Percentile": 99.9,
        "Value": 0.056437599323753355
      }
    ]
  },
  "Exactly": 0,
  "Jitter": true,
  "RetCodes": {
    "200": 872864
  },
  "Sizes": {
    "Count": 872864,
    "Min": 75,
    "Max": 75,
    "Sum": 65464800,
    "Avg": 75,
    "StdDev": 0,
    "Data": [
      {
        "Start": 75,
        "End": 75,
        "Percent": 100,
        "Count": 872864
      }
    ],
    "Percentiles": null
  },
  "HeaderSizes": {
    "Count": 872864,
    "Min": 75,
    "Max": 75,
    "Sum": 65464800,
    "Avg": 75,
    "StdDev": 0,
    "Data": [
      {
        "Start": 75,
        "End": 75,
        "Percent": 100,
        "Count": 872864
      }
    ],
    "Percentiles": null
  },
  "URL": "http://fortio-server:8080/echo\\?size\\=1024",
  "SocketCount": 4,
  "AbortOn": 0
}
