{
  "RunType": "HTTP",
  "Labels": "1pod-diffnode-nosidecar-1core-conn1-resp1024",
  "StartTime": "2021-03-28T14:58:35.024769486Z",
  "RequestedQPS": "max",
  "RequestedDuration": "1m0s",
  "ActualQPS": 8037.833968272223,
  "ActualDuration": 60000119672,
  "NumThreads": 1,
  "Version": "1.11.3",
  "DurationHistogram": {
    "Count": 482271,
    "Min": 0.000090629,
    "Max": 0.017747637,
    "Sum": 59.910968630998674,
    "Avg": 0.00012422677007532833,
    "StdDev": 0.0003470622146915697,
    "Data": [
      {
        "Start": 0.000090629,
        "End": 0.001,
        "Percent": 99.87641803052641,
        "Count": 481675
      },
      {
        "Start": 0.001,
        "End": 0.002,
        "Percent": 99.87724743971751,
        "Count": 4
      },
      {
        "Start": 0.002,
        "End": 0.003,
        "Percent": 99.87828420120637,
        "Count": 5
      },
      {
        "Start": 0.003,
        "End": 0.004,
        "Percent": 99.8797356672908,
        "Count": 7
      },
      {
        "Start": 0.004,
        "End": 0.005,
        "Percent": 99.88284595175742,
        "Count": 15
      },
      {
        "Start": 0.005,
        "End": 0.006,
        "Percent": 99.88844446379733,
        "Count": 27
      },
      {
        "Start": 0.006,
        "End": 0.007,
        "Percent": 99.89632385111275,
        "Count": 38
      },
      {
        "Start": 0.007,
        "End": 0.008,
        "Percent": 99.91166792114807,
        "Count": 74
      },
      {
        "Start": 0.008,
        "End": 0.009000000000000001,
        "Percent": 99.92535317280118,
        "Count": 66
      },
      {
        "Start": 0.009000000000000001,
        "End": 0.01,
        "Percent": 99.9462957548764,
        "Count": 101
      },
      {
        "Start": 0.01,
        "End": 0.011,
        "Percent": 99.96205452950727,
        "Count": 76
      },
      {
        "Start": 0.011,
        "End": 0.012,
        "Percent": 99.9771912472448,
        "Count": 73
      },
      {
        "Start": 0.012,
        "End": 0.014,
        "Percent": 99.99336472647121,
        "Count": 78
      },
      {
        "Start": 0.014,
        "End": 0.016,
        "Percent": 99.9991705908089,
        "Count": 28
      },
      {
        "Start": 0.016,
        "End": 0.017747637,
        "Percent": 100,
        "Count": 4
      }
    ],
    "Percentiles": [
      {
        "Percentile": 50,
        "Value": 0.0005458761617722776
      },
      {
        "Percentile": 75,
        "Value": 0.0007735006866277814
      },
      {
        "Percentile": 90,
        "Value": 0.0009100754015410838
      },
      {
        "Percentile": 99,
        "Value": 0.000992020230489065
      },
      {
        "Percentile": 99.9,
        "Value": 0.007239581081081581
      }
    ]
  },
  "Exactly": 0,
  "Jitter": true,
  "RetCodes": {
    "200": 482271
  },
  "Sizes": {
    "Count": 482271,
    "Min": 75,
    "Max": 75,
    "Sum": 36170325,
    "Avg": 75,
    "StdDev": 0,
    "Data": [
      {
        "Start": 75,
        "End": 75,
        "Percent": 100,
        "Count": 482271
      }
    ],
    "Percentiles": null
  },
  "HeaderSizes": {
    "Count": 482271,
    "Min": 75,
    "Max": 75,
    "Sum": 36170325,
    "Avg": 75,
    "StdDev": 0,
    "Data": [
      {
        "Start": 75,
        "End": 75,
        "Percent": 100,
        "Count": 482271
      }
    ],
    "Percentiles": null
  },
  "URL": "http://fortio-server:8080/echo\\?size\\=1024",
  "SocketCount": 1,
  "AbortOn": 0
}
