{
  "RunType": "HTTP",
  "Labels": "1pod-diffnode-nosidecar-1core-conn7-resp2048",
  "StartTime": "2021-03-28T15:14:16.628169942Z",
  "RequestedQPS": "max",
  "RequestedDuration": "1m0s",
  "ActualQPS": 15076.469155378085,
  "ActualDuration": 60054976445,
  "NumThreads": 7,
  "Version": "1.11.3",
  "DurationHistogram": {
    "Count": 905417,
    "Min": 0.000072377,
    "Max": 0.0742501,
    "Sum": 420.134152774001,
    "Avg": 0.000464022823487963,
    "StdDev": 0.004788348953360668,
    "Data": [
      {
        "Start": 0.000072377,
        "End": 0.001,
        "Percent": 99.52971945523444,
        "Count": 901159
      },
      {
        "Start": 0.001,
        "End": 0.002,
        "Percent": 99.53237016755816,
        "Count": 24
      },
      {
        "Start": 0.002,
        "End": 0.003,
        "Percent": 99.53391641641365,
        "Count": 14
      },
      {
        "Start": 0.004,
        "End": 0.005,
        "Percent": 99.53424775545412,
        "Count": 3
      },
      {
        "Start": 0.006,
        "End": 0.007,
        "Percent": 99.53502087988187,
        "Count": 7
      },
      {
        "Start": 0.016,
        "End": 0.018000000000000002,
        "Percent": 99.53535221892233,
        "Count": 3
      },
      {
        "Start": 0.025,
        "End": 0.03,
        "Percent": 99.53612534335008,
        "Count": 7
      },
      {
        "Start": 0.05,
        "End": 0.06,
        "Percent": 99.53645668239055,
        "Count": 3
      },
      {
        "Start": 0.06,
        "End": 0.07,
        "Percent": 99.67252658167452,
        "Count": 1232
      },
      {
        "Start": 0.07,
        "End": 0.0742501,
        "Percent": 100,
        "Count": 2965
      }
    ],
    "Percentiles": [
      {
        "Percentile": 50,
        "Value": 0.000538379509296372
      },
      {
        "Percentile": 75,
        "Value": 0.0007713812786284425
      },
      {
        "Percentile": 90,
        "Value": 0.0009111823402276849
      },
      {
        "Percentile": 99,
        "Value": 0.0009950629771872303
      },
      {
        "Percentile": 99.9,
        "Value": 0.07295225420178761
      }
    ]
  },
  "Exactly": 0,
  "Jitter": true,
  "RetCodes": {
    "200": 905417
  },
  "Sizes": {
    "Count": 905417,
    "Min": 75,
    "Max": 75,
    "Sum": 67906275,
    "Avg": 75,
    "StdDev": 0,
    "Data": [
      {
        "Start": 75,
        "End": 75,
        "Percent": 100,
        "Count": 905417
      }
    ],
    "Percentiles": null
  },
  "HeaderSizes": {
    "Count": 905417,
    "Min": 75,
    "Max": 75,
    "Sum": 67906275,
    "Avg": 75,
    "StdDev": 0,
    "Data": [
      {
        "Start": 75,
        "End": 75,
        "Percent": 100,
        "Count": 905417
      }
    ],
    "Percentiles": null
  },
  "URL": "http://fortio-server:8080/echo\\?size\\=2048",
  "SocketCount": 7,
  "AbortOn": 0
}
