{
  "RunType": "HTTP",
  "Labels": "1pod-diffnode-nosidecar-1core-conn7-resp1024",
  "StartTime": "2021-03-28T15:04:39.370542616Z",
  "RequestedQPS": "max",
  "RequestedDuration": "1m0s",
  "ActualQPS": 14994.96448219094,
  "ActualDuration": 60000208808,
  "NumThreads": 7,
  "Version": "1.11.3",
  "DurationHistogram": {
    "Count": 899701,
    "Min": 0.000071526,
    "Max": 0.074179574,
    "Sum": 419.7520260790003,
    "Avg": 0.00046654613708220873,
    "StdDev": 0.004803745773005604,
    "Data": [
      {
        "Start": 0.000071526,
        "End": 0.001,
        "Percent": 99.53006609973758,
        "Count": 895473
      },
      {
        "Start": 0.001,
        "End": 0.002,
        "Percent": 99.53184446832893,
        "Count": 16
      },
      {
        "Start": 0.006,
        "End": 0.007,
        "Percent": 99.53262250458764,
        "Count": 7
      },
      {
        "Start": 0.008,
        "End": 0.009000000000000001,
        "Percent": 99.53284480066155,
        "Count": 2
      },
      {
        "Start": 0.01,
        "End": 0.011,
        "Percent": 99.53317824477243,
        "Count": 3
      },
      {
        "Start": 0.05,
        "End": 0.06,
        "Percent": 99.53428972514202,
        "Count": 10
      },
      {
        "Start": 0.06,
        "End": 0.07,
        "Percent": 99.67055721845368,
        "Count": 1226
      },
      {
        "Start": 0.07,
        "End": 0.074179574,
        "Percent": 100,
        "Count": 2964
      }
    ],
    "Percentiles": [
      {
        "Percentile": 50,
        "Value": 0.0005379543915778495
      },
      {
        "Percentile": 75,
        "Value": 0.0007711691057939276
      },
      {
        "Percentile": 90,
        "Value": 0.0009110979343235746
      },
      {
        "Percentile": 99,
        "Value": 0.0009950552314413627
      },
      {
        "Percentile": 99.9,
        "Value": 0.07291089420668903
      }
    ]
  },
  "Exactly": 0,
  "Jitter": true,
  "RetCodes": {
    "200": 899701
  },
  "Sizes": {
    "Count": 899701,
    "Min": 75,
    "Max": 75,
    "Sum": 67477575,
    "Avg": 75,
    "StdDev": 0,
    "Data": [
      {
        "Start": 75,
        "End": 75,
        "Percent": 100,
        "Count": 899701
      }
    ],
    "Percentiles": null
  },
  "HeaderSizes": {
    "Count": 899701,
    "Min": 75,
    "Max": 75,
    "Sum": 67477575,
    "Avg": 75,
    "StdDev": 0,
    "Data": [
      {
        "Start": 75,
        "End": 75,
        "Percent": 100,
        "Count": 899701
      }
    ],
    "Percentiles": null
  },
  "URL": "http://fortio-server:8080/echo\\?size\\=1024",
  "SocketCount": 7,
  "AbortOn": 0
}
