{
  "RunType": "HTTP",
  "Labels": "1pod-diffnode-nosidecar-1core-conn9-resp2048",
  "StartTime": "2021-03-28T15:16:18.105258414Z",
  "RequestedQPS": "max",
  "RequestedDuration": "1m0s",
  "ActualQPS": 14522.927278708035,
  "ActualDuration": 60071911348,
  "NumThreads": 9,
  "Version": "1.11.3",
  "DurationHistogram": {
    "Count": 872420,
    "Min": 0.000072133,
    "Max": 0.082007763,
    "Sum": 540.3916258239987,
    "Avg": 0.0006194168242635412,
    "StdDev": 0.0059207136444348035,
    "Data": [
      {
        "Start": 0.000072133,
        "End": 0.001,
        "Percent": 99.36807959469063,
        "Count": 866907
      },
      {
        "Start": 0.001,
        "End": 0.002,
        "Percent": 99.37209142385548,
        "Count": 35
      },
      {
        "Start": 0.002,
        "End": 0.003,
        "Percent": 99.37828110313839,
        "Count": 54
      },
      {
        "Start": 0.003,
        "End": 0.004,
        "Percent": 99.37896884528094,
        "Count": 6
      },
      {
        "Start": 0.012,
        "End": 0.014,
        "Percent": 99.38000045849476,
        "Count": 9
      },
      {
        "Start": 0.045,
        "End": 0.05,
        "Percent": 99.38091744801815,
        "Count": 8
      },
      {
        "Start": 0.05,
        "End": 0.06,
        "Percent": 99.38103207170857,
        "Count": 1
      },
      {
        "Start": 0.06,
        "End": 0.07,
        "Percent": 99.3820636849224,
        "Count": 9
      },
      {
        "Start": 0.07,
        "End": 0.08,
        "Percent": 99.99988537630958,
        "Count": 5390
      },
      {
        "Start": 0.08,
        "End": 0.082007763,
        "Percent": 100,
        "Count": 1
      }
    ],
    "Percentiles": [
      {
        "Percentile": 50,
        "Value": 0.0005390163024607052
      },
      {
        "Percentile": 75,
        "Value": 0.0007724584888511557
      },
      {
        "Percentile": 90,
        "Value": 0.0009125238006854261
      },
      {
        "Percentile": 99,
        "Value": 0.0009965629877859883
      },
      {
        "Percentile": 99.9,
        "Value": 0.07838326530612251
      }
    ]
  },
  "Exactly": 0,
  "Jitter": true,
  "RetCodes": {
    "200": 872420
  },
  "Sizes": {
    "Count": 872420,
    "Min": 75,
    "Max": 75,
    "Sum": 65431500,
    "Avg": 75,
    "StdDev": 0,
    "Data": [
      {
        "Start": 75,
        "End": 75,
        "Percent": 100,
        "Count": 872420
      }
    ],
    "Percentiles": null
  },
  "HeaderSizes": {
    "Count": 872420,
    "Min": 75,
    "Max": 75,
    "Sum": 65431500,
    "Avg": 75,
    "StdDev": 0,
    "Data": [
      {
        "Start": 75,
        "End": 75,
        "Percent": 100,
        "Count": 872420
      }
    ],
    "Percentiles": null
  },
  "URL": "http://fortio-server:8080/echo\\?size\\=2048",
  "SocketCount": 9,
  "AbortOn": 0
}
