{
  "RunType": "HTTP",
  "Labels": "1pod-diffnode-nosidecar-1core-conn8-resp128",
  "StartTime": "2021-03-28T14:45:23.696483149Z",
  "RequestedQPS": "max",
  "RequestedDuration": "1m0s",
  "ActualQPS": 14962.682961198729,
  "ActualDuration": 60048722701,
  "NumThreads": 8,
  "Version": "1.11.3",
  "DurationHistogram": {
    "Count": 898490,
    "Min": 0.000074461,
    "Max": 0.076985721,
    "Sum": 480.13616743900036,
    "Avg": 0.0005343812033956976,
    "StdDev": 0.005317751643226961,
    "Data": [
      {
        "Start": 0.000074461,
        "End": 0.001,
        "Percent": 99.46309919976851,
        "Count": 893666
      },
      {
        "Start": 0.001,
        "End": 0.002,
        "Percent": 99.46487996527507,
        "Count": 16
      },
      {
        "Start": 0.02,
        "End": 0.025,
        "Percent": 99.46577034802836,
        "Count": 8
      },
      {
        "Start": 0.06,
        "End": 0.07,
        "Percent": 99.46910928335318,
        "Count": 30
      },
      {
        "Start": 0.07,
        "End": 0.076985721,
        "Percent": 100,
        "Count": 4770
      }
    ],
    "Percentiles": [
      {
        "Percentile": 50,
        "Value": 0.0005397280100272472
      },
      {
        "Percentile": 75,
        "Value": 0.0007723620328741753
      },
      {
        "Percentile": 90,
        "Value": 0.0009119424465823323
      },
      {
        "Percentile": 99,
        "Value": 0.0009956906948072263
      },
      {
        "Percentile": 99.9,
        "Value": 0.07566987184668982
      }
    ]
  },
  "Exactly": 0,
  "Jitter": true,
  "RetCodes": {
    "200": 898490
  },
  "Sizes": {
    "Count": 898490,
    "Min": 75,
    "Max": 75,
    "Sum": 67386750,
    "Avg": 75,
    "StdDev": 0,
    "Data": [
      {
        "Start": 75,
        "End": 75,
        "Percent": 100,
        "Count": 898490
      }
    ],
    "Percentiles": null
  },
  "HeaderSizes": {
    "Count": 898490,
    "Min": 75,
    "Max": 75,
    "Sum": 67386750,
    "Avg": 75,
    "StdDev": 0,
    "Data": [
      {
        "Start": 75,
        "End": 75,
        "Percent": 100,
        "Count": 898490
      }
    ],
    "Percentiles": null
  },
  "URL": "http://fortio-server:8080/echo\\?size\\=128",
  "SocketCount": 8,
  "AbortOn": 0
}
