{
  "RunType": "HTTP",
  "Labels": "1pod-diffnode-nosidecar-1core-conn6-resp1024",
  "StartTime": "2021-03-28T15:03:38.409640245Z",
  "RequestedQPS": "max",
  "RequestedDuration": "1m0s",
  "ActualQPS": 15297.704360240228,
  "ActualDuration": 60043649581,
  "NumThreads": 6,
  "Version": "1.11.3",
  "DurationHistogram": {
    "Count": 918530,
    "Min": 0.000071644,
    "Max": 0.070647736,
    "Sum": 360.0136592770011,
    "Avg": 0.00039194545553983116,
    "StdDev": 0.00416377590008622,
    "Data": [
      {
        "Start": 0.000071644,
        "End": 0.001,
        "Percent": 99.6031702829521,
        "Count": 914885
      },
      {
        "Start": 0.001,
        "End": 0.002,
        "Percent": 99.60643637115827,
        "Count": 30
      },
      {
        "Start": 0.003,
        "End": 0.004,
        "Percent": 99.60676297997888,
        "Count": 3
      },
      {
        "Start": 0.004,
        "End": 0.005,
        "Percent": 99.6070895887995,
        "Count": 3
      },
      {
        "Start": 0.006,
        "End": 0.007,
        "Percent": 99.60774280644073,
        "Count": 6
      },
      {
        "Start": 0.007,
        "End": 0.008,
        "Percent": 99.60806941526134,
        "Count": 3
      },
      {
        "Start": 0.05,
        "End": 0.06,
        "Percent": 99.60839602408196,
        "Count": 3
      },
      {
        "Start": 0.06,
        "End": 0.07,
        "Percent": 99.99608069415261,
        "Count": 3561
      },
      {
        "Start": 0.07,
        "End": 0.070647736,
        "Percent": 100,
        "Count": 36
      }
    ],
    "Percentiles": [
      {
        "Percentile": 50,
        "Value": 0.0005376708296133718
      },
      {
        "Percentile": 75,
        "Value": 0.0007706847517827396
      },
      {
        "Percentile": 90,
        "Value": 0.0009104931050843603
      },
      {
        "Percentile": 99,
        "Value": 0.0009943781170653329
      },
      {
        "Percentile": 99.9,
        "Value": 0.06752167930356665
      }
    ]
  },
  "Exactly": 0,
  "Jitter": true,
  "RetCodes": {
    "200": 918530
  },
  "Sizes": {
    "Count": 918530,
    "Min": 75,
    "Max": 75,
    "Sum": 68889750,
    "Avg": 75,
    "StdDev": 0,
    "Data": [
      {
        "Start": 75,
        "End": 75,
        "Percent": 100,
        "Count": 918530
      }
    ],
    "Percentiles": null
  },
  "HeaderSizes": {
    "Count": 918530,
    "Min": 75,
    "Max": 75,
    "Sum": 68889750,
    "Avg": 75,
    "StdDev": 0,
    "Data": [
      {
        "Start": 75,
        "End": 75,
        "Percent": 100,
        "Count": 918530
      }
    ],
    "Percentiles": null
  },
  "URL": "http://fortio-server:8080/echo\\?size\\=1024",
  "SocketCount": 6,
  "AbortOn": 0
}
