{
  "RunType": "HTTP",
  "Labels": "1pod-diffnode-nosidecar-1core-conn3-resp2048",
  "StartTime": "2021-03-28T15:10:13.327805414Z",
  "RequestedQPS": "max",
  "RequestedDuration": "1m0s",
  "ActualQPS": 13456.642000584598,
  "ActualDuration": 60000184293,
  "NumThreads": 3,
  "Version": "1.11.3",
  "DurationHistogram": {
    "Count": 807401,
    "Min": 0.000072696,
    "Max": 0.05417747,
    "Sum": 179.84295729699818,
    "Avg": 0.00022274304502595138,
    "StdDev": 0.0022607006290078866,
    "Data": [
      {
        "Start": 0.000072696,
        "End": 0.001,
        "Percent": 99.77631932583685,
        "Count": 805595
      },
      {
        "Start": 0.001,
        "End": 0.002,
        "Percent": 99.77693859680629,
        "Count": 5
      },
      {
        "Start": 0.006,
        "End": 0.007,
        "Percent": 99.77718630519408,
        "Count": 2
      },
      {
        "Start": 0.016,
        "End": 0.018000000000000002,
        "Percent": 99.77743401358185,
        "Count": 2
      },
      {
        "Start": 0.025,
        "End": 0.03,
        "Percent": 99.77768172196963,
        "Count": 2
      },
      {
        "Start": 0.035,
        "End": 0.04,
        "Percent": 99.7779294303574,
        "Count": 2
      },
      {
        "Start": 0.04,
        "End": 0.045,
        "Percent": 99.80170943558406,
        "Count": 192
      },
      {
        "Start": 0.045,
        "End": 0.05,
        "Percent": 99.95454551084282,
        "Count": 1234
      },
      {
        "Start": 0.05,
        "End": 0.05417747,
        "Percent": 100,
        "Count": 367
      }
    ],
    "Percentiles": [
      {
        "Percentile": 50,
        "Value": 0.0005373868506617477
      },
      {
        "Percentile": 75,
        "Value": 0.0007697328515331544
      },
      {
        "Percentile": 90,
        "Value": 0.0009091404520559984
      },
      {
        "Percentile": 99,
        "Value": 0.0009927850123697048
      },
      {
        "Percentile": 99.9,
        "Value": 0.04821555510534849
      }
    ]
  },
  "Exactly": 0,
  "Jitter": true,
  "RetCodes": {
    "200": 807401
  },
  "Sizes": {
    "Count": 807401,
    "Min": 75,
    "Max": 75,
    "Sum": 60555075,
    "Avg": 75,
    "StdDev": 0,
    "Data": [
      {
        "Start": 75,
        "End": 75,
        "Percent": 100,
        "Count": 807401
      }
    ],
    "Percentiles": null
  },
  "HeaderSizes": {
    "Count": 807401,
    "Min": 75,
    "Max": 75,
    "Sum": 60555075,
    "Avg": 75,
    "StdDev": 0,
    "Data": [
      {
        "Start": 75,
        "End": 75,
        "Percent": 100,
        "Count": 807401
      }
    ],
    "Percentiles": null
  },
  "URL": "http://fortio-server:8080/echo\\?size\\=2048",
  "SocketCount": 3,
  "AbortOn": 0
}
