{
  "RunType": "HTTP",
  "Labels": "1pod-diffnode-nosidecar-1core-conn1-resp512",
  "StartTime": "2021-03-28T14:47:55.178986276Z",
  "RequestedQPS": "max",
  "RequestedDuration": "1m0s",
  "ActualQPS": 8037.860677283371,
  "ActualDuration": 60000169120,
  "NumThreads": 1,
  "Version": "1.11.3",
  "DurationHistogram": {
    "Count": 482273,
    "Min": 0.000091135,
    "Max": 0.017709072,
    "Sum": 59.91181649899966,
    "Avg": 0.00012422801296983174,
    "StdDev": 0.0003595792522625255,
    "Data": [
      {
        "Start": 0.000091135,
        "End": 0.001,
        "Percent": 99.87683324590014,
        "Count": 481679
      },
      {
        "Start": 0.002,
        "End": 0.003,
        "Percent": 99.8772479487759,
        "Count": 2
      },
      {
        "Start": 0.003,
        "End": 0.004,
        "Percent": 99.8782847059653,
        "Count": 5
      },
      {
        "Start": 0.004,
        "End": 0.005,
        "Percent": 99.8801508689062,
        "Count": 9
      },
      {
        "Start": 0.005,
        "End": 0.006,
        "Percent": 99.88512730341529,
        "Count": 24
      },
      {
        "Start": 0.006,
        "End": 0.007,
        "Percent": 99.89238460374104,
        "Count": 35
      },
      {
        "Start": 0.007,
        "End": 0.008,
        "Percent": 99.90565509576525,
        "Count": 64
      },
      {
        "Start": 0.008,
        "End": 0.009000000000000001,
        "Percent": 99.9207917507304,
        "Count": 73
      },
      {
        "Start": 0.009000000000000001,
        "End": 0.01,
        "Percent": 99.93966073157735,
        "Count": 91
      },
      {
        "Start": 0.01,
        "End": 0.011,
        "Percent": 99.955626792294,
        "Count": 77
      },
      {
        "Start": 0.011,
        "End": 0.012,
        "Percent": 99.97242225876215,
        "Count": 81
      },
      {
        "Start": 0.012,
        "End": 0.014,
        "Percent": 99.99066918529546,
        "Count": 88
      },
      {
        "Start": 0.014,
        "End": 0.016,
        "Percent": 99.99771913418334,
        "Count": 34
      },
      {
        "Start": 0.016,
        "End": 0.017709072,
        "Percent": 100,
        "Count": 11
      }
    ],
    "Percentiles": [
      {
        "Percentile": 50,
        "Value": 0.0005461269577134518
      },
      {
        "Percentile": 75,
        "Value": 0.0007736238800064566
      },
      {
        "Percentile": 90,
        "Value": 0.0009101220333822595
      },
      {
        "Percentile": 99,
        "Value": 0.0009920209254077412
      },
      {
        "Percentile": 99.9,
        "Value": 0.0075738593750006925
      }
    ]
  },
  "Exactly": 0,
  "Jitter": true,
  "RetCodes": {
    "200": 482273
  },
  "Sizes": {
    "Count": 482273,
    "Min": 75,
    "Max": 75,
    "Sum": 36170475,
    "Avg": 75,
    "StdDev": 0,
    "Data": [
      {
        "Start": 75,
        "End": 75,
        "Percent": 100,
        "Count": 482273
      }
    ],
    "Percentiles": null
  },
  "HeaderSizes": {
    "Count": 482273,
    "Min": 75,
    "Max": 75,
    "Sum": 36170475,
    "Avg": 75,
    "StdDev": 0,
    "Data": [
      {
        "Start": 75,
        "End": 75,
        "Percent": 100,
        "Count": 482273
      }
    ],
    "Percentiles": null
  },
  "URL": "http://fortio-server:8080/echo\\?size\\=512",
  "SocketCount": 1,
  "AbortOn": 0
}
