{
  "RunType": "HTTP",
  "Labels": "1pod-diffnode-nosidecar-1core-conn5-resp1024",
  "StartTime": "2021-03-28T15:02:37.765250208Z",
  "RequestedQPS": "max",
  "RequestedDuration": "1m0s",
  "ActualQPS": 15105.42434992409,
  "ActualDuration": 60000234287,
  "NumThreads": 5,
  "Version": "1.11.3",
  "DurationHistogram": {
    "Count": 906329,
    "Min": 0.000072324,
    "Max": 0.06686015,
    "Sum": 299.76978849400103,
    "Avg": 0.00033075162385182535,
    "StdDev": 0.0035698690569490564,
    "Data": [
      {
        "Start": 0.000072324,
        "End": 0.001,
        "Percent": 99.66623599156598,
        "Count": 903304
      },
      {
        "Start": 0.001,
        "End": 0.002,
        "Percent": 99.66678766761298,
        "Count": 5
      },
      {
        "Start": 0.003,
        "End": 0.004,
        "Percent": 99.66733934365998,
        "Count": 5
      },
      {
        "Start": 0.004,
        "End": 0.005,
        "Percent": 99.66767034928817,
        "Count": 3
      },
      {
        "Start": 0.005,
        "End": 0.006,
        "Percent": 99.66833236054457,
        "Count": 6
      },
      {
        "Start": 0.007,
        "End": 0.008,
        "Percent": 99.66899437180096,
        "Count": 6
      },
      {
        "Start": 0.035,
        "End": 0.04,
        "Percent": 99.66954604784797,
        "Count": 5
      },
      {
        "Start": 0.05,
        "End": 0.06,
        "Percent": 99.68907537991171,
        "Count": 177
      },
      {
        "Start": 0.06,
        "End": 0.06686015,
        "Percent": 100,
        "Count": 2818
      }
    ],
    "Percentiles": [
      {
        "Percentile": 50,
        "Value": 0.0005377147969153207
      },
      {
        "Percentile": 75,
        "Value": 0.0007704107088640246
      },
      {
        "Percentile": 90,
        "Value": 0.0009100282560332468
      },
      {
        "Percentile": 99,
        "Value": 0.0009937987843347802
      },
      {
        "Percentile": 99.9,
        "Value": 0.06465377920888937
      }
    ]
  },
  "Exactly": 0,
  "Jitter": true,
  "RetCodes": {
    "200": 906329
  },
  "Sizes": {
    "Count": 906329,
    "Min": 75,
    "Max": 75,
    "Sum": 67974675,
    "Avg": 75,
    "StdDev": 0,
    "Data": [
      {
        "Start": 75,
        "End": 75,
        "Percent": 100,
        "Count": 906329
      }
    ],
    "Percentiles": null
  },
  "HeaderSizes": {
    "Count": 906329,
    "Min": 75,
    "Max": 75,
    "Sum": 67974675,
    "Avg": 75,
    "StdDev": 0,
    "Data": [
      {
        "Start": 75,
        "End": 75,
        "Percent": 100,
        "Count": 906329
      }
    ],
    "Percentiles": null
  },
  "URL": "http://fortio-server:8080/echo\\?size\\=1024",
  "SocketCount": 5,
  "AbortOn": 0
}
