{
  "RunType": "HTTP",
  "Labels": "1pod-diffnode-nosidecar-1core-conn6-resp512",
  "StartTime": "2021-03-28T14:52:59.121817584Z",
  "RequestedQPS": "max",
  "RequestedDuration": "1m0s",
  "ActualQPS": 14984.40882558886,
  "ActualDuration": 60016381725,
  "NumThreads": 6,
  "Version": "1.11.3",
  "DurationHistogram": {
    "Count": 899310,
    "Min": 0.000071881,
    "Max": 0.070779186,
    "Sum": 359.8446385680007,
    "Avg": 0.0004001341456983695,
    "StdDev": 0.004232857107913945,
    "Data": [
      {
        "Start": 0.000071881,
        "End": 0.001,
        "Percent": 99.59746917080874,
        "Count": 895690
      },
      {
        "Start": 0.001,
        "End": 0.002,
        "Percent": 99.59813634897866,
        "Count": 6
      },
      {
        "Start": 0.002,
        "End": 0.003,
        "Percent": 99.59880352714859,
        "Count": 6
      },
      {
        "Start": 0.006,
        "End": 0.007,
        "Percent": 99.59913711623356,
        "Count": 3
      },
      {
        "Start": 0.014,
        "End": 0.016,
        "Percent": 99.59969309804183,
        "Count": 5
      },
      {
        "Start": 0.05,
        "End": 0.06,
        "Percent": 99.60058266893508,
        "Count": 8
      },
      {
        "Start": 0.06,
        "End": 0.07,
        "Percent": 99.99666410915034,
        "Count": 3562
      },
      {
        "Start": 0.07,
        "End": 0.070779186,
        "Percent": 100,
        "Count": 30
      }
    ],
    "Percentiles": [
      {
        "Percentile": 50,
        "Value": 0.0005378155161389724
      },
      {
        "Percentile": 75,
        "Value": 0.0007707832923118404
      },
      {
        "Percentile": 90,
        "Value": 0.0009105639580155612
      },
      {
        "Percentile": 99,
        "Value": 0.0009944323574377937
      },
      {
        "Percentile": 99.9,
        "Value": 0.06755948905109509
      }
    ]
  },
  "Exactly": 0,
  "Jitter": true,
  "RetCodes": {
    "200": 899310
  },
  "Sizes": {
    "Count": 899310,
    "Min": 75,
    "Max": 75,
    "Sum": 67448250,
    "Avg": 75,
    "StdDev": 0,
    "Data": [
      {
        "Start": 75,
        "End": 75,
        "Percent": 100,
        "Count": 899310
      }
    ],
    "Percentiles": null
  },
  "HeaderSizes": {
    "Count": 899310,
    "Min": 75,
    "Max": 75,
    "Sum": 67448250,
    "Avg": 75,
    "StdDev": 0,
    "Data": [
      {
        "Start": 75,
        "End": 75,
        "Percent": 100,
        "Count": 899310
      }
    ],
    "Percentiles": null
  },
  "URL": "http://fortio-server:8080/echo\\?size\\=512",
  "SocketCount": 6,
  "AbortOn": 0
}
