{
  "RunType": "HTTP",
  "Labels": "1pod-diffnode-nosidecar-1core-conn4-resp32",
  "StartTime": "2021-03-28T14:32:36.864731144Z",
  "RequestedQPS": "max",
  "RequestedDuration": "1m0s",
  "ActualQPS": 14722.003566668955,
  "ActualDuration": 60000121315,
  "NumThreads": 4,
  "Version": "1.11.3",
  "DurationHistogram": {
    "Count": 883322,
    "Min": 0.000072835,
    "Max": 0.061383945,
    "Sum": 239.79376904500148,
    "Avg": 0.0002714681271891807,
    "StdDev": 0.0028881918431046135,
    "Data": [
      {
        "Start": 0.000072835,
        "End": 0.001,
        "Percent": 99.72501533981945,
        "Count": 880893
      },
      {
        "Start": 0.001,
        "End": 0.002,
        "Percent": 99.72648705681507,
        "Count": 13
      },
      {
        "Start": 0.002,
        "End": 0.003,
        "Percent": 99.72660026581472,
        "Count": 1
      },
      {
        "Start": 0.003,
        "End": 0.004,
        "Percent": 99.72693989281372,
        "Count": 3
      },
      {
        "Start": 0.006,
        "End": 0.007,
        "Percent": 99.72750593781203,
        "Count": 5
      },
      {
        "Start": 0.007,
        "End": 0.008,
        "Percent": 99.72773235581136,
        "Count": 2
      },
      {
        "Start": 0.009000000000000001,
        "End": 0.01,
        "Percent": 99.72829840080968,
        "Count": 5
      },
      {
        "Start": 0.035,
        "End": 0.04,
        "Percent": 99.72875123680832,
        "Count": 4
      },
      {
        "Start": 0.04,
        "End": 0.045,
        "Percent": 99.72897765480765,
        "Count": 2
      },
      {
        "Start": 0.045,
        "End": 0.05,
        "Percent": 99.73135504380056,
        "Count": 21
      },
      {
        "Start": 0.05,
        "End": 0.06,
        "Percent": 99.9981886560054,
        "Count": 2357
      },
      {
        "Start": 0.06,
        "End": 0.061383945,
        "Percent": 100,
        "Count": 16
      }
    ],
    "Percentiles": [
      {
        "Percentile": 50,
        "Value": 0.0005376952710661467
      },
      {
        "Percentile": 75,
        "Value": 0.0007701259328640743
      },
      {
        "Percentile": 90,
        "Value": 0.0009095843299428307
      },
      {
        "Percentile": 99,
        "Value": 0.0009932593681900846
      },
      {
        "Percentile": 99.9,
        "Value": 0.05632022910479447
      }
    ]
  },
  "Exactly": 0,
  "Jitter": true,
  "RetCodes": {
    "200": 883322
  },
  "Sizes": {
    "Count": 883322,
    "Min": 75,
    "Max": 75,
    "Sum": 66249150,
    "Avg": 75,
    "StdDev": 0,
    "Data": [
      {
        "Start": 75,
        "End": 75,
        "Percent": 100,
        "Count": 883322
      }
    ],
    "Percentiles": null
  },
  "HeaderSizes": {
    "Count": 883322,
    "Min": 75,
    "Max": 75,
    "Sum": 66249150,
    "Avg": 75,
    "StdDev": 0,
    "Data": [
      {
        "Start": 75,
        "End": 75,
        "Percent": 100,
        "Count": 883322
      }
    ],
    "Percentiles": null
  },
  "URL": "http://fortio-server:8080/echo\\?size\\=32",
  "SocketCount": 4,
  "AbortOn": 0
}
