{
  "RunType": "HTTP",
  "Labels": "1pod-diffnode-nosidecar-1core-conn8-resp32",
  "StartTime": "2021-03-28T14:36:40.124554112Z",
  "RequestedQPS": "max",
  "RequestedDuration": "1m0s",
  "ActualQPS": 14895.196700041992,
  "ActualDuration": 60030761460,
  "NumThreads": 8,
  "Version": "1.11.3",
  "DurationHistogram": {
    "Count": 894170,
    "Min": 0.000072923,
    "Max": 0.076749456,
    "Sum": 479.9924375109985,
    "Avg": 0.0005368022160338621,
    "StdDev": 0.005339599994969939,
    "Data": [
      {
        "Start": 0.000072923,
        "End": 0.001,
        "Percent": 99.45770938412159,
        "Count": 889321
      },
      {
        "Start": 0.001,
        "End": 0.002,
        "Percent": 99.4613999575025,
        "Count": 33
      },
      {
        "Start": 0.004,
        "End": 0.005,
        "Percent": 99.46229464195847,
        "Count": 8
      },
      {
        "Start": 0.03,
        "End": 0.035,
        "Percent": 99.46296565530045,
        "Count": 6
      },
      {
        "Start": 0.035,
        "End": 0.04,
        "Percent": 99.46408401087042,
        "Count": 10
      },
      {
        "Start": 0.06,
        "End": 0.07,
        "Percent": 99.46788641980831,
        "Count": 34
      },
      {
        "Start": 0.07,
        "End": 0.076749456,
        "Percent": 100,
        "Count": 4758
      }
    ],
    "Percentiles": [
      {
        "Percentile": 50,
        "Value": 0.0005389884134259883
      },
      {
        "Percentile": 75,
        "Value": 0.0007720216413669996
      },
      {
        "Percentile": 90,
        "Value": 0.0009118415781316062
      },
      {
        "Percentile": 99,
        "Value": 0.00099573354019037
      },
      {
        "Percentile": 99.9,
        "Value": 0.07548103206735611
      }
    ]
  },
  "Exactly": 0,
  "Jitter": true,
  "RetCodes": {
    "200": 894170
  },
  "Sizes": {
    "Count": 894170,
    "Min": 75,
    "Max": 75,
    "Sum": 67062750,
    "Avg": 75,
    "StdDev": 0,
    "Data": [
      {
        "Start": 75,
        "End": 75,
        "Percent": 100,
        "Count": 894170
      }
    ],
    "Percentiles": null
  },
  "HeaderSizes": {
    "Count": 894170,
    "Min": 75,
    "Max": 75,
    "Sum": 67062750,
    "Avg": 75,
    "StdDev": 0,
    "Data": [
      {
        "Start": 75,
        "End": 75,
        "Percent": 100,
        "Count": 894170
      }
    ],
    "Percentiles": null
  },
  "URL": "http://fortio-server:8080/echo\\?size\\=32",
  "SocketCount": 8,
  "AbortOn": 0
}
