{
  "RunType": "HTTP",
  "Labels": "1pod-diffnode-nosidecar-1core-conn4-resp128",
  "StartTime": "2021-03-28T14:41:12.984780262Z",
  "RequestedQPS": "max",
  "RequestedDuration": "1m0s",
  "ActualQPS": 14531.02496383594,
  "ActualDuration": 60000172195,
  "NumThreads": 4,
  "Version": "1.11.3",
  "DurationHistogram": {
    "Count": 871864,
    "Min": 0.000073246,
    "Max": 0.061378553,
    "Sum": 239.79081751899983,
    "Avg": 0.0002750323645878254,
    "StdDev": 0.0029285136417376506,
    "Data": [
      {
        "Start": 0.000073246,
        "End": 0.001,
        "Percent": 99.72312195480029,
        "Count": 869450
      },
      {
        "Start": 0.001,
        "End": 0.002,
        "Percent": 99.72403952910086,
        "Count": 8
      },
      {
        "Start": 0.004,
        "End": 0.005,
        "Percent": 99.72438361946358,
        "Count": 3
      },
      {
        "Start": 0.005,
        "End": 0.006,
        "Percent": 99.7247277098263,
        "Count": 3
      },
      {
        "Start": 0.025,
        "End": 0.03,
        "Percent": 99.72518649697659,
        "Count": 4
      },
      {
        "Start": 0.045,
        "End": 0.05,
        "Percent": 99.72575998091446,
        "Count": 5
      },
      {
        "Start": 0.05,
        "End": 0.06,
        "Percent": 99.99770606424855,
        "Count": 2371
      },
      {
        "Start": 0.06,
        "End": 0.061378553,
        "Percent": 100,
        "Count": 20
      }
    ],
    "Percentiles": [
      {
        "Percentile": 50,
        "Value": 0.0005379090198827073
      },
      {
        "Percentile": 75,
        "Value": 0.0007702410627788404
      },
      {
        "Percentile": 90,
        "Value": 0.0009096402885165202
      },
      {
        "Percentile": 99,
        "Value": 0.000993279823959128
      },
      {
        "Percentile": 99.9,
        "Value": 0.056407153099958085
      }
    ]
  },
  "Exactly": 0,
  "Jitter": true,
  "RetCodes": {
    "200": 871864
  },
  "Sizes": {
    "Count": 871864,
    "Min": 75,
    "Max": 75,
    "Sum": 65389800,
    "Avg": 75,
    "StdDev": 0,
    "Data": [
      {
        "Start": 75,
        "End": 75,
        "Percent": 100,
        "Count": 871864
      }
    ],
    "Percentiles": null
  },
  "HeaderSizes": {
    "Count": 871864,
    "Min": 75,
    "Max": 75,
    "Sum": 65389800,
    "Avg": 75,
    "StdDev": 0,
    "Data": [
      {
        "Start": 75,
        "End": 75,
        "Percent": 100,
        "Count": 871864
      }
    ],
    "Percentiles": null
  },
  "URL": "http://fortio-server:8080/echo\\?size\\=128",
  "SocketCount": 4,
  "AbortOn": 0
}
