{
  "RunType": "HTTP",
  "Labels": "1pod-diffnode-nosidecar-1core-conn1-resp32",
  "StartTime": "2021-03-28T14:29:34.819513602Z",
  "RequestedQPS": "max",
  "RequestedDuration": "1m0s",
  "ActualQPS": 8139.098909458924,
  "ActualDuration": 60000130903,
  "NumThreads": 1,
  "Version": "1.11.3",
  "DurationHistogram": {
    "Count": 488347,
    "Min": 0.000087857,
    "Max": 0.016237093,
    "Sum": 59.91133537999979,
    "Avg": 0.0001226818950049858,
    "StdDev": 0.0002941250267063488,
    "Data": [
      {
        "Start": 0.000087857,
        "End": 0.001,
        "Percent": 99.87897949613696,
        "Count": 487756
      },
      {
        "Start": 0.001,
        "End": 0.002,
        "Percent": 99.8816415376771,
        "Count": 13
      },
      {
        "Start": 0.002,
        "End": 0.003,
        "Percent": 99.8845083516434,
        "Count": 14
      },
      {
        "Start": 0.003,
        "End": 0.004,
        "Percent": 99.88798948288819,
        "Count": 17
      },
      {
        "Start": 0.004,
        "End": 0.005,
        "Percent": 99.89392788324696,
        "Count": 29
      },
      {
        "Start": 0.005,
        "End": 0.006,
        "Percent": 99.90355218727667,
        "Count": 47
      },
      {
        "Start": 0.006,
        "End": 0.007,
        "Percent": 99.91583853284652,
        "Count": 60
      },
      {
        "Start": 0.007,
        "End": 0.008,
        "Percent": 99.93365373392281,
        "Count": 87
      },
      {
        "Start": 0.008,
        "End": 0.009000000000000001,
        "Percent": 99.95392620411306,
        "Count": 99
      },
      {
        "Start": 0.009000000000000001,
        "End": 0.01,
        "Percent": 99.97174140518935,
        "Count": 87
      },
      {
        "Start": 0.01,
        "End": 0.011,
        "Percent": 99.98443729561153,
        "Count": 62
      },
      {
        "Start": 0.011,
        "End": 0.012,
        "Percent": 99.99078524082262,
        "Count": 31
      },
      {
        "Start": 0.012,
        "End": 0.014,
        "Percent": 99.99877136544302,
        "Count": 39
      },
      {
        "Start": 0.014,
        "End": 0.016,
        "Percent": 99.99979522757384,
        "Count": 5
      },
      {
        "Start": 0.016,
        "End": 0.016237093,
        "Percent": 100,
        "Count": 1
      }
    ],
    "Percentiles": [
      {
        "Percentile": 50,
        "Value": 0.0005444801748880073
      },
      {
        "Percentile": 75,
        "Value": 0.0007727926973741941
      },
      {
        "Percentile": 90,
        "Value": 0.0009097802108659061
      },
      {
        "Percentile": 99,
        "Value": 0.0009919727189609331
      },
      {
        "Percentile": 99.9,
        "Value": 0.00563091489361714
      }
    ]
  },
  "Exactly": 0,
  "Jitter": true,
  "RetCodes": {
    "200": 488347
  },
  "Sizes": {
    "Count": 488347,
    "Min": 75,
    "Max": 75,
    "Sum": 36626025,
    "Avg": 75,
    "StdDev": 0,
    "Data": [
      {
        "Start": 75,
        "End": 75,
        "Percent": 100,
        "Count": 488347
      }
    ],
    "Percentiles": null
  },
  "HeaderSizes": {
    "Count": 488347,
    "Min": 75,
    "Max": 75,
    "Sum": 36626025,
    "Avg": 75,
    "StdDev": 0,
    "Data": [
      {
        "Start": 75,
        "End": 75,
        "Percent": 100,
        "Count": 488347
      }
    ],
    "Percentiles": null
  },
  "URL": "http://fortio-server:8080/echo\\?size\\=32",
  "SocketCount": 1,
  "AbortOn": 0
}
