{
  "RunType": "HTTP",
  "Labels": "1pod-diffnode-nosidecar-1core-conn3-resp512",
  "StartTime": "2021-03-28T14:49:56.668046935Z",
  "RequestedQPS": "max",
  "RequestedDuration": "1m0s",
  "ActualQPS": 13434.380146647676,
  "ActualDuration": 60000163104,
  "NumThreads": 3,
  "Version": "1.11.3",
  "DurationHistogram": {
    "Count": 806065,
    "Min": 0.000072921,
    "Max": 0.053854585,
    "Sum": 179.83530695599742,
    "Avg": 0.00022310273607711216,
    "StdDev": 0.0022481146216365047,
    "Data": [
      {
        "Start": 0.000072921,
        "End": 0.001,
        "Percent": 99.77607264922804,
        "Count": 804260
      },
      {
        "Start": 0.001,
        "End": 0.002,
        "Percent": 99.7766929465986,
        "Count": 5
      },
      {
        "Start": 0.016,
        "End": 0.018000000000000002,
        "Percent": 99.77706512502094,
        "Count": 3
      },
      {
        "Start": 0.035,
        "End": 0.04,
        "Percent": 99.77805760081382,
        "Count": 8
      },
      {
        "Start": 0.04,
        "End": 0.045,
        "Percent": 99.80547474459256,
        "Count": 221
      },
      {
        "Start": 0.045,
        "End": 0.05,
        "Percent": 99.96327839566288,
        "Count": 1272
      },
      {
        "Start": 0.05,
        "End": 0.053854585,
        "Percent": 100,
        "Count": 296
      }
    ],
    "Percentiles": [
      {
        "Percentile": 50,
        "Value": 0.0005375002462235425
      },
      {
        "Percentile": 75,
        "Value": 0.0007697904456913133
      },
      {
        "Percentile": 90,
        "Value": 0.000909164565371976
      },
      {
        "Percentile": 99,
        "Value": 0.0009927890371803736
      },
      {
        "Percentile": 99.9,
        "Value": 0.047995027515723404
      }
    ]
  },
  "Exactly": 0,
  "Jitter": true,
  "RetCodes": {
    "200": 806065
  },
  "Sizes": {
    "Count": 806065,
    "Min": 75,
    "Max": 75,
    "Sum": 60454875,
    "Avg": 75,
    "StdDev": 0,
    "Data": [
      {
        "Start": 75,
        "End": 75,
        "Percent": 100,
        "Count": 806065
      }
    ],
    "Percentiles": null
  },
  "HeaderSizes": {
    "Count": 806065,
    "Min": 75,
    "Max": 75,
    "Sum": 60454875,
    "Avg": 75,
    "StdDev": 0,
    "Data": [
      {
        "Start": 75,
        "End": 75,
        "Percent": 100,
        "Count": 806065
      }
    ],
    "Percentiles": null
  },
  "URL": "http://fortio-server:8080/echo\\?size\\=512",
  "SocketCount": 3,
  "AbortOn": 0
}
