{
  "RunType": "HTTP",
  "Labels": "1pod-diffnode-nosidecar-1core-conn9-resp128",
  "StartTime": "2021-03-28T14:46:24.37737679Z",
  "RequestedQPS": "max",
  "RequestedDuration": "1m0s",
  "ActualQPS": 14612.428192676325,
  "ActualDuration": 60066334522,
  "NumThreads": 9,
  "Version": "1.11.3",
  "DurationHistogram": {
    "Count": 877715,
    "Min": 0.000072604,
    "Max": 0.078754927,
    "Sum": 540.3405565330002,
    "Avg": 0.0006156218778681009,
    "StdDev": 0.005898604265846784,
    "Data": [
      {
        "Start": 0.000072604,
        "End": 0.001,
        "Percent": 99.38055063431752,
        "Count": 872278
      },
      {
        "Start": 0.001,
        "End": 0.002,
        "Percent": 99.38157602410806,
        "Count": 9
      },
      {
        "Start": 0.002,
        "End": 0.003,
        "Percent": 99.3821456851028,
        "Count": 5
      },
      {
        "Start": 0.003,
        "End": 0.004,
        "Percent": 99.38225961730174,
        "Count": 1
      },
      {
        "Start": 0.008,
        "End": 0.009000000000000001,
        "Percent": 99.38305714269438,
        "Count": 7
      },
      {
        "Start": 0.009000000000000001,
        "End": 0.01,
        "Percent": 99.38374073588807,
        "Count": 6
      },
      {
        "Start": 0.035,
        "End": 0.04,
        "Percent": 99.38453826128071,
        "Count": 7
      },
      {
        "Start": 0.04,
        "End": 0.045,
        "Percent": 99.38476612567861,
        "Count": 2
      },
      {
        "Start": 0.06,
        "End": 0.07,
        "Percent": 99.38624724426494,
        "Count": 13
      },
      {
        "Start": 0.07,
        "End": 0.078754927,
        "Percent": 100,
        "Count": 5387
      }
    ],
    "Percentiles": [
      {
        "Percentile": 50,
        "Value": 0.000539191749847812
      },
      {
        "Percentile": 75,
        "Value": 0.000772486156366613
      },
      {
        "Percentile": 90,
        "Value": 0.0009124628002778934
      },
      {
        "Percentile": 99,
        "Value": 0.0009964487866246617
      },
      {
        "Percentile": 99.9,
        "Value": 0.07732846872047437
      }
    ]
  },
  "Exactly": 0,
  "Jitter": true,
  "RetCodes": {
    "200": 877715
  },
  "Sizes": {
    "Count": 877715,
    "Min": 75,
    "Max": 75,
    "Sum": 65828625,
    "Avg": 75,
    "StdDev": 0,
    "Data": [
      {
        "Start": 75,
        "End": 75,
        "Percent": 100,
        "Count": 877715
      }
    ],
    "Percentiles": null
  },
  "HeaderSizes": {
    "Count": 877715,
    "Min": 75,
    "Max": 75,
    "Sum": 65828625,
    "Avg": 75,
    "StdDev": 0,
    "Data": [
      {
        "Start": 75,
        "End": 75,
        "Percent": 100,
        "Count": 877715
      }
    ],
    "Percentiles": null
  },
  "URL": "http://fortio-server:8080/echo\\?size\\=128",
  "SocketCount": 9,
  "AbortOn": 0
}
