{
  "RunType": "HTTP",
  "Labels": "1pod-diffnode-nosidecar-1core-conn10-resp512",
  "StartTime": "2021-03-28T14:57:04.273760075Z",
  "RequestedQPS": "max",
  "RequestedDuration": "1m0s",
  "ActualQPS": 13965.771784960378,
  "ActualDuration": 60060626288,
  "NumThreads": 10,
  "Version": "1.11.3",
  "DurationHistogram": {
    "Count": 838793,
    "Min": 0.000073689,
    "Max": 0.081277811,
    "Sum": 600.3588794489987,
    "Avg": 0.0007157414039566361,
    "StdDev": 0.006542856434700492,
    "Data": [
      {
        "Start": 0.000073689,
        "End": 0.001,
        "Percent": 99.2787255020011,
        "Count": 832743
      },
      {
        "Start": 0.001,
        "End": 0.002,
        "Percent": 99.28230206975977,
        "Count": 30
      },
      {
        "Start": 0.003,
        "End": 0.004,
        "Percent": 99.28349425901266,
        "Count": 10
      },
      {
        "Start": 0.035,
        "End": 0.04,
        "Percent": 99.28468644826555,
        "Count": 10
      },
      {
        "Start": 0.07,
        "End": 0.08,
        "Percent": 99.9891510777987,
        "Count": 5909
      },
      {
        "Start": 0.08,
        "End": 0.081277811,
        "Percent": 100,
        "Count": 91
      }
    ],
    "Percentiles": [
      {
        "Percentile": 50,
        "Value": 0.0005402088404794042
      },
      {
        "Percentile": 75,
        "Value": 0.0007734693169003725
      },
      {
        "Percentile": 90,
        "Value": 0.0009134256027529535
      },
      {
        "Percentile": 99,
        "Value": 0.0009973993742645021
      },
      {
        "Percentile": 99.9,
        "Value": 0.07873448468437982
      }
    ]
  },
  "Exactly": 0,
  "Jitter": true,
  "RetCodes": {
    "200": 838793
  },
  "Sizes": {
    "Count": 838793,
    "Min": 75,
    "Max": 75,
    "Sum": 62909475,
    "Avg": 75,
    "StdDev": 0,
    "Data": [
      {
        "Start": 75,
        "End": 75,
        "Percent": 100,
        "Count": 838793
      }
    ],
    "Percentiles": null
  },
  "HeaderSizes": {
    "Count": 838793,
    "Min": 75,
    "Max": 75,
    "Sum": 62909475,
    "Avg": 75,
    "StdDev": 0,
    "Data": [
      {
        "Start": 75,
        "End": 75,
        "Percent": 100,
        "Count": 838793
      }
    ],
    "Percentiles": null
  },
  "URL": "http://fortio-server:8080/echo\\?size\\=512",
  "SocketCount": 10,
  "AbortOn": 0
}
