{
  "RunType": "HTTP",
  "Labels": "1pod-diffnode-nosidecar-1core-conn2-resp32",
  "StartTime": "2021-03-28T14:30:35.535933623Z",
  "RequestedQPS": "max",
  "RequestedDuration": "1m0s",
  "ActualQPS": 12687.823685291767,
  "ActualDuration": 60009739959,
  "NumThreads": 2,
  "Version": "1.11.3",
  "DurationHistogram": {
    "Count": 761393,
    "Min": 0.000075172,
    "Max": 0.037993308,
    "Sum": 119.90033686099986,
    "Avg": 0.00015747496609635215,
    "StdDev": 0.0011360897940780003,
    "Data": [
      {
        "Start": 0.000075172,
        "End": 0.001,
        "Percent": 99.8416061088032,
        "Count": 760187
      },
      {
        "Start": 0.001,
        "End": 0.002,
        "Percent": 99.84239413811264,
        "Count": 6
      },
      {
        "Start": 0.016,
        "End": 0.018000000000000002,
        "Percent": 99.84265681454912,
        "Count": 2
      },
      {
        "Start": 0.018000000000000002,
        "End": 0.02,
        "Percent": 99.84475822604095,
        "Count": 16
      },
      {
        "Start": 0.02,
        "End": 0.025,
        "Percent": 99.86524698808631,
        "Count": 156
      },
      {
        "Start": 0.025,
        "End": 0.03,
        "Percent": 99.94615133052181,
        "Count": 616
      },
      {
        "Start": 0.03,
        "End": 0.035,
        "Percent": 99.99697922098049,
        "Count": 387
      },
      {
        "Start": 0.035,
        "End": 0.037993308,
        "Percent": 100,
        "Count": 23
      }
    ],
    "Percentiles": [
      {
        "Percentile": 50,
        "Value": 0.0005383189901760886
      },
      {
        "Percentile": 75,
        "Value": 0.0007698930935547353
      },
      {
        "Percentile": 90,
        "Value": 0.0009088375555819234
      },
      {
        "Percentile": 99,
        "Value": 0.0009922042327982364
      },
      {
        "Percentile": 99.9,
        "Value": 0.027147784090909507
      }
    ]
  },
  "Exactly": 0,
  "Jitter": true,
  "RetCodes": {
    "200": 761393
  },
  "Sizes": {
    "Count": 761393,
    "Min": 75,
    "Max": 75,
    "Sum": 57104475,
    "Avg": 75,
    "StdDev": 0,
    "Data": [
      {
        "Start": 75,
        "End": 75,
        "Percent": 100,
        "Count": 761393
      }
    ],
    "Percentiles": null
  },
  "HeaderSizes": {
    "Count": 761393,
    "Min": 75,
    "Max": 75,
    "Sum": 57104475,
    "Avg": 75,
    "StdDev": 0,
    "Data": [
      {
        "Start": 75,
        "End": 75,
        "Percent": 100,
        "Count": 761393
      }
    ],
    "Percentiles": null
  },
  "URL": "http://fortio-server:8080/echo\\?size\\=32",
  "SocketCount": 2,
  "AbortOn": 0
}
