{
  "RunType": "HTTP",
  "Labels": "1pod-diffnode-nosidecar-1core-conn3-resp32",
  "StartTime": "2021-03-28T14:31:36.216319911Z",
  "RequestedQPS": "max",
  "RequestedDuration": "1m0s",
  "ActualQPS": 13624.016863821324,
  "ActualDuration": 60031267443,
  "NumThreads": 3,
  "Version": "1.11.3",
  "DurationHistogram": {
    "Count": 817867,
    "Min": 0.000072342,
    "Max": 0.053817109,
    "Sum": 179.9303545370004,
    "Avg": 0.00021999952869720921,
    "StdDev": 0.0022171801646040388,
    "Data": [
      {
        "Start": 0.000072342,
        "End": 0.001,
        "Percent": 99.77857035434857,
        "Count": 816056
      },
      {
        "Start": 0.001,
        "End": 0.002,
        "Percent": 99.77967077776705,
        "Count": 9
      },
      {
        "Start": 0.018000000000000002,
        "End": 0.02,
        "Percent": 99.77991531630448,
        "Count": 2
      },
      {
        "Start": 0.02,
        "End": 0.025,
        "Percent": 99.78003758557321,
        "Count": 1
      },
      {
        "Start": 0.025,
        "End": 0.03,
        "Percent": 99.78015985484193,
        "Count": 1
      },
      {
        "Start": 0.04,
        "End": 0.045,
        "Percent": 99.80828178664746,
        "Count": 230
      },
      {
        "Start": 0.045,
        "End": 0.05,
        "Percent": 99.97799153163045,
        "Count": 1388
      },
      {
        "Start": 0.05,
        "End": 0.053817109,
        "Percent": 100,
        "Count": 180
      }
    ],
    "Percentiles": [
      {
        "Percentile": 50,
        "Value": 0.0005371997670438879
      },
      {
        "Percentile": 75,
        "Value": 0.0007696292189454142
      },
      {
        "Percentile": 90,
        "Value": 0.00090908689008633
      },
      {
        "Percentile": 99,
        "Value": 0.0009927614927708794
      },
      {
        "Percentile": 99.9,
        "Value": 0.0477022082132567
      }
    ]
  },
  "Exactly": 0,
  "Jitter": true,
  "RetCodes": {
    "200": 817867
  },
  "Sizes": {
    "Count": 817867,
    "Min": 75,
    "Max": 75,
    "Sum": 61340025,
    "Avg": 75,
    "StdDev": 0,
    "Data": [
      {
        "Start": 75,
        "End": 75,
        "Percent": 100,
        "Count": 817867
      }
    ],
    "Percentiles": null
  },
  "HeaderSizes": {
    "Count": 817867,
    "Min": 75,
    "Max": 75,
    "Sum": 61340025,
    "Avg": 75,
    "StdDev": 0,
    "Data": [
      {
        "Start": 75,
        "End": 75,
        "Percent": 100,
        "Count": 817867
      }
    ],
    "Percentiles": null
  },
  "URL": "http://fortio-server:8080/echo\\?size\\=32",
  "SocketCount": 3,
  "AbortOn": 0
}
