{
  "RunType": "HTTP",
  "Labels": "1pod-diffnode-nosidecar-1core-conn6-resp32",
  "StartTime": "2021-03-28T14:34:38.394272004Z",
  "RequestedQPS": "max",
  "RequestedDuration": "1m0s",
  "ActualQPS": 15217.767768209907,
  "ActualDuration": 60058348499,
  "NumThreads": 6,
  "Version": "1.11.3",
  "DurationHistogram": {
    "Count": 913954,
    "Min": 0.000073653,
    "Max": 0.071459037,
    "Sum": 360.1123572760008,
    "Avg": 0.0003940158446442609,
    "StdDev": 0.0041669749237951805,
    "Data": [
      {
        "Start": 0.000073653,
        "End": 0.001,
        "Percent": 99.60326230860635,
        "Count": 910328
      },
      {
        "Start": 0.001,
        "End": 0.002,
        "Percent": 99.60479411436462,
        "Count": 14
      },
      {
        "Start": 0.003,
        "End": 0.004,
        "Percent": 99.60512235845567,
        "Count": 3
      },
      {
        "Start": 0.004,
        "End": 0.005,
        "Percent": 99.60545060254674,
        "Count": 3
      },
      {
        "Start": 0.02,
        "End": 0.025,
        "Percent": 99.60610709072886,
        "Count": 6
      },
      {
        "Start": 0.05,
        "End": 0.06,
        "Percent": 99.6063259201229,
        "Count": 2
      },
      {
        "Start": 0.06,
        "End": 0.07,
        "Percent": 99.99693638848345,
        "Count": 3570
      },
      {
        "Start": 0.07,
        "End": 0.071459037,
        "Percent": 100,
        "Count": 28
      }
    ],
    "Percentiles": [
      {
        "Percentile": 50,
        "Value": 0.0005386708965053217
      },
      {
        "Percentile": 75,
        "Value": 0.0007711803535570185
      },
      {
        "Percentile": 90,
        "Value": 0.0009106860277880366
      },
      {
        "Percentile": 99,
        "Value": 0.0009943894323266474
      },
      {
        "Percentile": 99.9,
        "Value": 0.06751833613445388
      }
    ]
  },
  "Exactly": 0,
  "Jitter": true,
  "RetCodes": {
    "200": 913954
  },
  "Sizes": {
    "Count": 913954,
    "Min": 75,
    "Max": 75,
    "Sum": 68546550,
    "Avg": 75,
    "StdDev": 0,
    "Data": [
      {
        "Start": 75,
        "End": 75,
        "Percent": 100,
        "Count": 913954
      }
    ],
    "Percentiles": null
  },
  "HeaderSizes": {
    "Count": 913954,
    "Min": 75,
    "Max": 75,
    "Sum": 68546550,
    "Avg": 75,
    "StdDev": 0,
    "Data": [
      {
        "Start": 75,
        "End": 75,
        "Percent": 100,
        "Count": 913954
      }
    ],
    "Percentiles": null
  },
  "URL": "http://fortio-server:8080/echo\\?size\\=32",
  "SocketCount": 6,
  "AbortOn": 0
}
