{
  "RunType": "HTTP",
  "Labels": "1pod-diffnode-nosidecar-1core-conn4-resp512",
  "StartTime": "2021-03-28T14:50:57.431209438Z",
  "RequestedQPS": "max",
  "RequestedDuration": "1m0s",
  "ActualQPS": 14389.637914970504,
  "ActualDuration": 60007347308,
  "NumThreads": 4,
  "Version": "1.11.3",
  "DurationHistogram": {
    "Count": 863484,
    "Min": 0.000072606,
    "Max": 0.061991412,
    "Sum": 239.8324194539993,
    "Avg": 0.0002777496971038251,
    "StdDev": 0.0029743767156766685,
    "Data": [
      {
        "Start": 0.000072606,
        "End": 0.001,
        "Percent": 99.71858193087539,
        "Count": 861054
      },
      {
        "Start": 0.001,
        "End": 0.002,
        "Percent": 99.72078231907018,
        "Count": 19
      },
      {
        "Start": 0.002,
        "End": 0.003,
        "Percent": 99.7217087983101,
        "Count": 8
      },
      {
        "Start": 0.006,
        "End": 0.007,
        "Percent": 99.72205622802507,
        "Count": 3
      },
      {
        "Start": 0.045,
        "End": 0.05,
        "Percent": 99.72240365774005,
        "Count": 3
      },
      {
        "Start": 0.05,
        "End": 0.06,
        "Percent": 99.99467274437048,
        "Count": 2351
      },
      {
        "Start": 0.06,
        "End": 0.061991412,
        "Percent": 100,
        "Count": 46
      }
    ],
    "Percentiles": [
      {
        "Percentile": 50,
        "Value": 0.0005376110728050422
      },
      {
        "Percentile": 75,
        "Value": 0.0007701141477307437
      },
      {
        "Percentile": 90,
        "Value": 0.0009096159926861645
      },
      {
        "Percentile": 99,
        "Value": 0.0009933170996594169
      },
      {
        "Percentile": 99.9,
        "Value": 0.05652282433007255
      }
    ]
  },
  "Exactly": 0,
  "Jitter": true,
  "RetCodes": {
    "200": 863484
  },
  "Sizes": {
    "Count": 863484,
    "Min": 75,
    "Max": 75,
    "Sum": 64761300,
    "Avg": 75,
    "StdDev": 0,
    "Data": [
      {
        "Start": 75,
        "End": 75,
        "Percent": 100,
        "Count": 863484
      }
    ],
    "Percentiles": null
  },
  "HeaderSizes": {
    "Count": 863484,
    "Min": 75,
    "Max": 75,
    "Sum": 64761300,
    "Avg": 75,
    "StdDev": 0,
    "Data": [
      {
        "Start": 75,
        "End": 75,
        "Percent": 100,
        "Count": 863484
      }
    ],
    "Percentiles": null
  },
  "URL": "http://fortio-server:8080/echo\\?size\\=512",
  "SocketCount": 4,
  "AbortOn": 0
}
