{
  "RunType": "HTTP",
  "Labels": "1pod-diffnode-nosidecar-1core-conn5-resp128",
  "StartTime": "2021-03-28T14:42:21.421471514Z",
  "RequestedQPS": "max",
  "RequestedDuration": "1m0s",
  "ActualQPS": 15241.19756870713,
  "ActualDuration": 60029206752,
  "NumThreads": 5,
  "Version": "1.11.3",
  "DurationHistogram": {
    "Count": 914917,
    "Min": 0.000073341,
    "Max": 0.066384633,
    "Sum": 299.9160495910003,
    "Avg": 0.00032780683886188614,
    "StdDev": 0.0035433829415687707,
    "Data": [
      {
        "Start": 0.000073341,
        "End": 0.001,
        "Percent": 99.66947821496376,
        "Count": 911893
      },
      {
        "Start": 0.001,
        "End": 0.002,
        "Percent": 99.671008408413,
        "Count": 14
      },
      {
        "Start": 0.009000000000000001,
        "End": 0.01,
        "Percent": 99.67133630700927,
        "Count": 3
      },
      {
        "Start": 0.01,
        "End": 0.011,
        "Percent": 99.67177350513762,
        "Count": 4
      },
      {
        "Start": 0.012,
        "End": 0.014,
        "Percent": 99.67210140373389,
        "Count": 3
      },
      {
        "Start": 0.045,
        "End": 0.05,
        "Percent": 99.67253860186224,
        "Count": 4
      },
      {
        "Start": 0.05,
        "End": 0.06,
        "Percent": 99.69680309798593,
        "Count": 222
      },
      {
        "Start": 0.06,
        "End": 0.066384633,
        "Percent": 100,
        "Count": 2774
      }
    ],
    "Percentiles": [
      {
        "Percentile": 50,
        "Value": 0.0005382064769342203
      },
      {
        "Percentile": 75,
        "Value": 0.0007706397234982323
      },
      {
        "Percentile": 90,
        "Value": 0.0009100996714366394
      },
      {
        "Percentile": 99,
        "Value": 0.0009937756401996838
      },
      {
        "Percentile": 99.9,
        "Value": 0.06427886181382098
      }
    ]
  },
  "Exactly": 0,
  "Jitter": true,
  "RetCodes": {
    "200": 914917
  },
  "Sizes": {
    "Count": 914917,
    "Min": 75,
    "Max": 75,
    "Sum": 68618775,
    "Avg": 75,
    "StdDev": 0,
    "Data": [
      {
        "Start": 75,
        "End": 75,
        "Percent": 100,
        "Count": 914917
      }
    ],
    "Percentiles": null
  },
  "HeaderSizes": {
    "Count": 914917,
    "Min": 75,
    "Max": 75,
    "Sum": 68618775,
    "Avg": 75,
    "StdDev": 0,
    "Data": [
      {
        "Start": 75,
        "End": 75,
        "Percent": 100,
        "Count": 914917
      }
    ],
    "Percentiles": null
  },
  "URL": "http://fortio-server:8080/echo\\?size\\=128",
  "SocketCount": 5,
  "AbortOn": 0
}
