{
  "RunType": "HTTP",
  "Labels": "1pod-diffnode-nosidecar-1core-conn5-resp32",
  "StartTime": "2021-03-28T14:33:37.713450432Z",
  "RequestedQPS": "max",
  "RequestedDuration": "1m0s",
  "ActualQPS": 15223.591923630585,
  "ActualDuration": 60037670780,
  "NumThreads": 5,
  "Version": "1.11.3",
  "DurationHistogram": {
    "Count": 913989,
    "Min": 0.000072008,
    "Max": 0.069479019,
    "Sum": 299.9583650920014,
    "Avg": 0.00032818596842194094,
    "StdDev": 0.0035378408090684646,
    "Data": [
      {
        "Start": 0.000072008,
        "End": 0.001,
        "Percent": 99.66717323731467,
        "Count": 910947
      },
      {
        "Start": 0.001,
        "End": 0.002,
        "Percent": 99.6688143949216,
        "Count": 15
      },
      {
        "Start": 0.002,
        "End": 0.003,
        "Percent": 99.6703461420214,
        "Count": 14
      },
      {
        "Start": 0.003,
        "End": 0.004,
        "Percent": 99.67089319455705,
        "Count": 5
      },
      {
        "Start": 0.007,
        "End": 0.008,
        "Percent": 99.67122142607843,
        "Count": 3
      },
      {
        "Start": 0.01,
        "End": 0.011,
        "Percent": 99.67176847861407,
        "Count": 5
      },
      {
        "Start": 0.05,
        "End": 0.06,
        "Percent": 99.70415398872416,
        "Count": 296
      },
      {
        "Start": 0.06,
        "End": 0.069479019,
        "Percent": 100,
        "Count": 2704
      }
    ],
    "Percentiles": [
      {
        "Percentile": 50,
        "Value": 0.0005375529522276841
      },
      {
        "Percentile": 75,
        "Value": 0.000770325937697734
      },
      {
        "Percentile": 90,
        "Value": 0.000909989728979764
      },
      {
        "Percentile": 99,
        "Value": 0.0009937880037489818
      },
      {
        "Percentile": 99.9,
        "Value": 0.06627498087248866
      }
    ]
  },
  "Exactly": 0,
  "Jitter": true,
  "RetCodes": {
    "200": 913989
  },
  "Sizes": {
    "Count": 913989,
    "Min": 75,
    "Max": 75,
    "Sum": 68549175,
    "Avg": 75,
    "StdDev": 0,
    "Data": [
      {
        "Start": 75,
        "End": 75,
        "Percent": 100,
        "Count": 913989
      }
    ],
    "Percentiles": null
  },
  "HeaderSizes": {
    "Count": 913989,
    "Min": 75,
    "Max": 75,
    "Sum": 68549175,
    "Avg": 75,
    "StdDev": 0,
    "Data": [
      {
        "Start": 75,
        "End": 75,
        "Percent": 100,
        "Count": 913989
      }
    ],
    "Percentiles": null
  },
  "URL": "http://fortio-server:8080/echo\\?size\\=32",
  "SocketCount": 5,
  "AbortOn": 0
}
