{
  "RunType": "HTTP",
  "Labels": "1pod-diffnode-nosidecar-1core-conn7-resp32",
  "StartTime": "2021-03-28T14:35:39.175367451Z",
  "RequestedQPS": "max",
  "RequestedDuration": "1m0s",
  "ActualQPS": 15116.757430593703,
  "ActualDuration": 60001359694,
  "NumThreads": 7,
  "Version": "1.11.3",
  "DurationHistogram": {
    "Count": 907026,
    "Min": 0.000071788,
    "Max": 0.074214804,
    "Sum": 419.7520926570004,
    "Avg": 0.0004627784569097252,
    "StdDev": 0.004775186411265999,
    "Data": [
      {
        "Start": 0.000071788,
        "End": 0.001,
        "Percent": 99.53529446785429,
        "Count": 902811
      },
      {
        "Start": 0.001,
        "End": 0.002,
        "Percent": 99.53606622081395,
        "Count": 7
      },
      {
        "Start": 0.006,
        "End": 0.007,
        "Percent": 99.53617647123677,
        "Count": 1
      },
      {
        "Start": 0.012,
        "End": 0.014,
        "Percent": 99.53694822419644,
        "Count": 7
      },
      {
        "Start": 0.045,
        "End": 0.05,
        "Percent": 99.53771997715612,
        "Count": 7
      },
      {
        "Start": 0.05,
        "End": 0.06,
        "Percent": 99.5386019805386,
        "Count": 8
      },
      {
        "Start": 0.06,
        "End": 0.07,
        "Percent": 99.67939177046743,
        "Count": 1277
      },
      {
        "Start": 0.07,
        "End": 0.074214804,
        "Percent": 100,
        "Count": 2908
      }
    ],
    "Percentiles": [
      {
        "Percentile": 50,
        "Value": 0.0005380602838072241
      },
      {
        "Percentile": 75,
        "Value": 0.000771196939779134
      },
      {
        "Percentile": 90,
        "Value": 0.00091107893336228
      },
      {
        "Percentile": 99,
        "Value": 0.0009950081295121676
      },
      {
        "Percentile": 99.9,
        "Value": 0.07290017648524633
      }
    ]
  },
  "Exactly": 0,
  "Jitter": true,
  "RetCodes": {
    "200": 907026
  },
  "Sizes": {
    "Count": 907026,
    "Min": 75,
    "Max": 75,
    "Sum": 68026950,
    "Avg": 75,
    "StdDev": 0,
    "Data": [
      {
        "Start": 75,
        "End": 75,
        "Percent": 100,
        "Count": 907026
      }
    ],
    "Percentiles": null
  },
  "HeaderSizes": {
    "Count": 907026,
    "Min": 75,
    "Max": 75,
    "Sum": 68026950,
    "Avg": 75,
    "StdDev": 0,
    "Data": [
      {
        "Start": 75,
        "End": 75,
        "Percent": 100,
        "Count": 907026
      }
    ],
    "Percentiles": null
  },
  "URL": "http://fortio-server:8080/echo\\?size\\=32",
  "SocketCount": 7,
  "AbortOn": 0
}
