{
  "RunType": "HTTP",
  "Labels": "1pod-diffnode-nosidecar-1core-conn7-resp512",
  "StartTime": "2021-03-28T14:53:59.831822213Z",
  "RequestedQPS": "max",
  "RequestedDuration": "1m0s",
  "ActualQPS": 15014.381290914713,
  "ActualDuration": 60004537153,
  "NumThreads": 7,
  "Version": "1.11.3",
  "DurationHistogram": {
    "Count": 900931,
    "Min": 0.000073214,
    "Max": 0.074235956,
    "Sum": 419.7839666140014,
    "Avg": 0.0004659446357312617,
    "StdDev": 0.004806322035244611,
    "Data": [
      {
        "Start": 0.000073214,
        "End": 0.001,
        "Percent": 99.53237262343065,
        "Count": 896718
      },
      {
        "Start": 0.001,
        "End": 0.002,
        "Percent": 99.53348258634679,
        "Count": 10
      },
      {
        "Start": 0.016,
        "End": 0.018000000000000002,
        "Percent": 99.53381557522164,
        "Count": 3
      },
      {
        "Start": 0.05,
        "End": 0.06,
        "Percent": 99.53414856409647,
        "Count": 3
      },
      {
        "Start": 0.06,
        "End": 0.07,
        "Percent": 99.66512418820088,
        "Count": 1180
      },
      {
        "Start": 0.07,
        "End": 0.074235956,
        "Percent": 100,
        "Count": 3017
      }
    ],
    "Percentiles": [
      {
        "Percentile": 50,
        "Value": 0.0005387836190626474
      },
      {
        "Percentile": 75,
        "Value": 0.0007715689453601303
      },
      {
        "Percentile": 90,
        "Value": 0.0009112401411386201
      },
      {
        "Percentile": 99,
        "Value": 0.0009950428586057139
      },
      {
        "Percentile": 99.9,
        "Value": 0.07297102259760165
      }
    ]
  },
  "Exactly": 0,
  "Jitter": true,
  "RetCodes": {
    "200": 900931
  },
  "Sizes": {
    "Count": 900931,
    "Min": 75,
    "Max": 75,
    "Sum": 67569825,
    "Avg": 75,
    "StdDev": 0,
    "Data": [
      {
        "Start": 75,
        "End": 75,
        "Percent": 100,
        "Count": 900931
      }
    ],
    "Percentiles": null
  },
  "HeaderSizes": {
    "Count": 900931,
    "Min": 75,
    "Max": 75,
    "Sum": 67569825,
    "Avg": 75,
    "StdDev": 0,
    "Data": [
      {
        "Start": 75,
        "End": 75,
        "Percent": 100,
        "Count": 900931
      }
    ],
    "Percentiles": null
  },
  "URL": "http://fortio-server:8080/echo\\?size\\=512",
  "SocketCount": 7,
  "AbortOn": 0
}
