{
  "RunType": "HTTP",
  "Labels": "1pod-diffnode-nosidecar-1core-conn1-resp2048",
  "StartTime": "2021-03-28T15:08:11.799179309Z",
  "RequestedQPS": "max",
  "RequestedDuration": "1m0s",
  "ActualQPS": 8013.944850304601,
  "ActualDuration": 60000163338,
  "NumThreads": 1,
  "Version": "1.11.3",
  "DurationHistogram": {
    "Count": 480838,
    "Min": 0.000092342,
    "Max": 0.018996213,
    "Sum": 59.91120475700052,
    "Avg": 0.00012459748347052547,
    "StdDev": 0.00035124893251269675,
    "Data": [
      {
        "Start": 0.000092342,
        "End": 0.001,
        "Percent": 99.8758417595947,
        "Count": 480241
      },
      {
        "Start": 0.001,
        "End": 0.002,
        "Percent": 99.87667364060245,
        "Count": 4
      },
      {
        "Start": 0.002,
        "End": 0.003,
        "Percent": 99.87792146211406,
        "Count": 6
      },
      {
        "Start": 0.003,
        "End": 0.004,
        "Percent": 99.87958522412954,
        "Count": 8
      },
      {
        "Start": 0.004,
        "End": 0.005,
        "Percent": 99.88187289690083,
        "Count": 11
      },
      {
        "Start": 0.005,
        "End": 0.006,
        "Percent": 99.88707215319921,
        "Count": 25
      },
      {
        "Start": 0.006,
        "End": 0.007,
        "Percent": 99.89455908226887,
        "Count": 36
      },
      {
        "Start": 0.007,
        "End": 0.008,
        "Percent": 99.90807714864465,
        "Count": 65
      },
      {
        "Start": 0.008,
        "End": 0.009000000000000001,
        "Percent": 99.92346694728786,
        "Count": 74
      },
      {
        "Start": 0.009000000000000001,
        "End": 0.01,
        "Percent": 99.94364006172557,
        "Count": 97
      },
      {
        "Start": 0.01,
        "End": 0.011,
        "Percent": 99.96048565213232,
        "Count": 81
      },
      {
        "Start": 0.011,
        "End": 0.012,
        "Percent": 99.9769153020352,
        "Count": 79
      },
      {
        "Start": 0.012,
        "End": 0.014,
        "Percent": 99.99251307093033,
        "Count": 75
      },
      {
        "Start": 0.014,
        "End": 0.016,
        "Percent": 99.99916811899226,
        "Count": 32
      },
      {
        "Start": 0.016,
        "End": 0.018000000000000002,
        "Percent": 99.99979202974806,
        "Count": 3
      },
      {
        "Start": 0.018000000000000002,
        "End": 0.018996213,
        "Percent": 100,
        "Count": 1
      }
    ],
    "Percentiles": [
      {
        "Percentile": 50,
        "Value": 0.0005467342227303014
      },
      {
        "Percentile": 75,
        "Value": 0.0007739312791000334
      },
      {
        "Percentile": 90,
        "Value": 0.0009102495129218724
      },
      {
        "Percentile": 99,
        "Value": 0.0009920404532149758
      },
      {
        "Percentile": 99.9,
        "Value": 0.007402492307693036
      }
    ]
  },
  "Exactly": 0,
  "Jitter": true,
  "RetCodes": {
    "200": 480838
  },
  "Sizes": {
    "Count": 480838,
    "Min": 75,
    "Max": 75,
    "Sum": 36062850,
    "Avg": 75,
    "StdDev": 0,
    "Data": [
      {
        "Start": 75,
        "End": 75,
        "Percent": 100,
        "Count": 480838
      }
    ],
    "Percentiles": null
  },
  "HeaderSizes": {
    "Count": 480838,
    "Min": 75,
    "Max": 75,
    "Sum": 36062850,
    "Avg": 75,
    "StdDev": 0,
    "Data": [
      {
        "Start": 75,
        "End": 75,
        "Percent": 100,
        "Count": 480838
      }
    ],
    "Percentiles": null
  },
  "URL": "http://fortio-server:8080/echo\\?size\\=2048",
  "SocketCount": 1,
  "AbortOn": 0
}
