{
  "RunType": "HTTP",
  "Labels": "1pod-diffnode-nosidecar-1core-conn4-resp2048",
  "StartTime": "2021-03-28T15:11:14.077224085Z",
  "RequestedQPS": "max",
  "RequestedDuration": "1m0s",
  "ActualQPS": 14470.595405954238,
  "ActualDuration": 60003336120,
  "NumThreads": 4,
  "Version": "1.11.3",
  "DurationHistogram": {
    "Count": 868284,
    "Min": 0.000072617,
    "Max": 0.062050366,
    "Sum": 239.81265116299872,
    "Avg": 0.0002761914893778979,
    "StdDev": 0.0029532852184146513,
    "Data": [
      {
        "Start": 0.000072617,
        "End": 0.001,
        "Percent": 99.71956180235959,
        "Count": 865849
      },
      {
        "Start": 0.001,
        "End": 0.002,
        "Percent": 99.72301689309027,
        "Count": 30
      },
      {
        "Start": 0.006,
        "End": 0.007,
        "Percent": 99.72336240216335,
        "Count": 3
      },
      {
        "Start": 0.009000000000000001,
        "End": 0.01,
        "Percent": 99.72359274154539,
        "Count": 2
      },
      {
        "Start": 0.045,
        "End": 0.05,
        "Percent": 99.72382308092745,
        "Count": 2
      },
      {
        "Start": 0.05,
        "End": 0.06,
        "Percent": 99.99435668513989,
        "Count": 2349
      },
      {
        "Start": 0.06,
        "End": 0.062050366,
        "Percent": 100,
        "Count": 49
      }
    ],
    "Percentiles": [
      {
        "Percentile": 50,
        "Value": 0.0005376119910411528
      },
      {
        "Percentile": 75,
        "Value": 0.0007701100220962571
      },
      {
        "Percentile": 90,
        "Value": 0.0009096088407293197
      },
      {
        "Percentile": 99,
        "Value": 0.0009933081319091575
      },
      {
        "Percentile": 99.9,
        "Value": 0.056512200936568724
      }
    ]
  },
  "Exactly": 0,
  "Jitter": true,
  "RetCodes": {
    "200": 868284
  },
  "Sizes": {
    "Count": 868284,
    "Min": 75,
    "Max": 75,
    "Sum": 65121300,
    "Avg": 75,
    "StdDev": 0,
    "Data": [
      {
        "Start": 75,
        "End": 75,
        "Percent": 100,
        "Count": 868284
      }
    ],
    "Percentiles": null
  },
  "HeaderSizes": {
    "Count": 868284,
    "Min": 75,
    "Max": 75,
    "Sum": 65121300,
    "Avg": 75,
    "StdDev": 0,
    "Data": [
      {
        "Start": 75,
        "End": 75,
        "Percent": 100,
        "Count": 868284
      }
    ],
    "Percentiles": null
  },
  "URL": "http://fortio-server:8080/echo\\?size\\=2048",
  "SocketCount": 4,
  "AbortOn": 0
}
