{
  "RunType": "HTTP",
  "Labels": "1pod-diffnode-nosidecar-1core-conn8-resp2048",
  "StartTime": "2021-03-28T15:15:17.288648529Z",
  "RequestedQPS": "max",
  "RequestedDuration": "1m0s",
  "ActualQPS": 14923.565296024028,
  "ActualDuration": 60000206535,
  "NumThreads": 8,
  "Version": "1.11.3",
  "DurationHistogram": {
    "Count": 895417,
    "Min": 0.000071386,
    "Max": 0.077855078,
    "Sum": 479.74702357000047,
    "Avg": 0.0005357805620956498,
    "StdDev": 0.005337322408673794,
    "Data": [
      {
        "Start": 0.000071386,
        "End": 0.001,
        "Percent": 99.4551142093572,
        "Count": 890538
      },
      {
        "Start": 0.001,
        "End": 0.002,
        "Percent": 99.45868796326181,
        "Count": 32
      },
      {
        "Start": 0.002,
        "End": 0.003,
        "Percent": 99.46226171716641,
        "Count": 32
      },
      {
        "Start": 0.003,
        "End": 0.004,
        "Percent": 99.46315515564257,
        "Count": 8
      },
      {
        "Start": 0.025,
        "End": 0.03,
        "Percent": 99.4639369143092,
        "Count": 7
      },
      {
        "Start": 0.045,
        "End": 0.05,
        "Percent": 99.46471867297583,
        "Count": 7
      },
      {
        "Start": 0.06,
        "End": 0.07,
        "Percent": 99.46851578649948,
        "Count": 34
      },
      {
        "Start": 0.07,
        "End": 0.077855078,
        "Percent": 100,
        "Count": 4759
      }
    ],
    "Percentiles": [
      {
        "Percentile": 50,
        "Value": 0.0005382362851706331
      },
      {
        "Percentile": 75,
        "Value": 0.0007716619491346233
      },
      {
        "Percentile": 90,
        "Value": 0.0009117173475130174
      },
      {
        "Percentile": 99,
        "Value": 0.000995750586540054
      },
      {
        "Percentile": 99.9,
        "Value": 0.07637712667040855
      }
    ]
  },
  "Exactly": 0,
  "Jitter": true,
  "RetCodes": {
    "200": 895417
  },
  "Sizes": {
    "Count": 895417,
    "Min": 75,
    "Max": 75,
    "Sum": 67156275,
    "Avg": 75,
    "StdDev": 0,
    "Data": [
      {
        "Start": 75,
        "End": 75,
        "Percent": 100,
        "Count": 895417
      }
    ],
    "Percentiles": null
  },
  "HeaderSizes": {
    "Count": 895417,
    "Min": 75,
    "Max": 75,
    "Sum": 67156275,
    "Avg": 75,
    "StdDev": 0,
    "Data": [
      {
        "Start": 75,
        "End": 75,
        "Percent": 100,
        "Count": 895417
      }
    ],
    "Percentiles": null
  },
  "URL": "http://fortio-server:8080/echo\\?size\\=2048",
  "SocketCount": 8,
  "AbortOn": 0
}
