{
  "RunType": "HTTP",
  "Labels": "1pod-diffnode-nosidecar-1core-conn8-resp1024",
  "StartTime": "2021-03-28T15:05:40.099953899Z",
  "RequestedQPS": "max",
  "RequestedDuration": "1m0s",
  "ActualQPS": 14928.36359786683,
  "ActualDuration": 60062644785,
  "NumThreads": 8,
  "Version": "1.11.3",
  "DurationHistogram": {
    "Count": 896637,
    "Min": 0.000073608,
    "Max": 0.078459599,
    "Sum": 480.2531065320014,
    "Avg": 0.0005356159811964055,
    "StdDev": 0.005356143414065203,
    "Data": [
      {
        "Start": 0.000073608,
        "End": 0.001,
        "Percent": 99.46120893962663,
        "Count": 891806
      },
      {
        "Start": 0.001,
        "End": 0.002,
        "Percent": 99.46299338528301,
        "Count": 16
      },
      {
        "Start": 0.002,
        "End": 0.003,
        "Percent": 99.46377408025768,
        "Count": 7
      },
      {
        "Start": 0.03,
        "End": 0.035,
        "Percent": 99.46466630308586,
        "Count": 8
      },
      {
        "Start": 0.06,
        "End": 0.07,
        "Percent": 99.46645074874225,
        "Count": 16
      },
      {
        "Start": 0.07,
        "End": 0.078459599,
        "Percent": 100,
        "Count": 4784
      }
    ],
    "Percentiles": [
      {
        "Percentile": 50,
        "Value": 0.0005393126612880618
      },
      {
        "Percentile": 75,
        "Value": 0.0007721655113236638
      },
      {
        "Percentile": 90,
        "Value": 0.000911877221345025
      },
      {
        "Percentile": 99,
        "Value": 0.0009957042473578417
      },
      {
        "Percentile": 99.9,
        "Value": 0.07687406608433056
      }
    ]
  },
  "Exactly": 0,
  "Jitter": true,
  "RetCodes": {
    "200": 896637
  },
  "Sizes": {
    "Count": 896637,
    "Min": 75,
    "Max": 75,
    "Sum": 67247775,
    "Avg": 75,
    "StdDev": 0,
    "Data": [
      {
        "Start": 75,
        "End": 75,
        "Percent": 100,
        "Count": 896637
      }
    ],
    "Percentiles": null
  },
  "HeaderSizes": {
    "Count": 896637,
    "Min": 75,
    "Max": 75,
    "Sum": 67247775,
    "Avg": 75,
    "StdDev": 0,
    "Data": [
      {
        "Start": 75,
        "End": 75,
        "Percent": 100,
        "Count": 896637
      }
    ],
    "Percentiles": null
  },
  "URL": "http://fortio-server:8080/echo\\?size\\=1024",
  "SocketCount": 8,
  "AbortOn": 0
}
