{
  "RunType": "HTTP",
  "Labels": "1pod-diffnode-nosidecar-1core-conn6-resp2048",
  "StartTime": "2021-03-28T15:13:15.823746769Z",
  "RequestedQPS": "max",
  "RequestedDuration": "1m0s",
  "ActualQPS": 15112.98383758911,
  "ActualDuration": 60061666826,
  "NumThreads": 6,
  "Version": "1.11.3",
  "DurationHistogram": {
    "Count": 907711,
    "Min": 0.000072296,
    "Max": 0.070839519,
    "Sum": 360.13064018700084,
    "Avg": 0.0003967459248450232,
    "StdDev": 0.004207538088864845,
    "Data": [
      {
        "Start": 0.000072296,
        "End": 0.001,
        "Percent": 99.59722863334255,
        "Count": 904055
      },
      {
        "Start": 0.001,
        "End": 0.002,
        "Percent": 99.60009298113607,
        "Count": 26
      },
      {
        "Start": 0.002,
        "End": 0.003,
        "Percent": 99.60141498781,
        "Count": 12
      },
      {
        "Start": 0.006,
        "End": 0.007,
        "Percent": 99.60207599114696,
        "Count": 6
      },
      {
        "Start": 0.011,
        "End": 0.012,
        "Percent": 99.60273699448393,
        "Count": 6
      },
      {
        "Start": 0.025,
        "End": 0.03,
        "Percent": 99.60339799782089,
        "Count": 6
      },
      {
        "Start": 0.05,
        "End": 0.06,
        "Percent": 99.60472000449482,
        "Count": 12
      },
      {
        "Start": 0.06,
        "End": 0.07,
        "Percent": 99.99559331108689,
        "Count": 3548
      },
      {
        "Start": 0.07,
        "End": 0.070839519,
        "Percent": 100,
        "Count": 40
      }
    ],
    "Percentiles": [
      {
        "Percentile": 50,
        "Value": 0.0005380233072935909
      },
      {
        "Percentile": 75,
        "Value": 0.0007708874740203572
      },
      {
        "Percentile": 90,
        "Value": 0.000910605974056417
      },
      {
        "Percentile": 99,
        "Value": 0.0009944370740780529
      },
      {
        "Percentile": 99.9,
        "Value": 0.06755436583991008
      }
    ]
  },
  "Exactly": 0,
  "Jitter": true,
  "RetCodes": {
    "200": 907711
  },
  "Sizes": {
    "Count": 907711,
    "Min": 75,
    "Max": 75,
    "Sum": 68078325,
    "Avg": 75,
    "StdDev": 0,
    "Data": [
      {
        "Start": 75,
        "End": 75,
        "Percent": 100,
        "Count": 907711
      }
    ],
    "Percentiles": null
  },
  "HeaderSizes": {
    "Count": 907711,
    "Min": 75,
    "Max": 75,
    "Sum": 68078325,
    "Avg": 75,
    "StdDev": 0,
    "Data": [
      {
        "Start": 75,
        "End": 75,
        "Percent": 100,
        "Count": 907711
      }
    ],
    "Percentiles": null
  },
  "URL": "http://fortio-server:8080/echo\\?size\\=2048",
  "SocketCount": 6,
  "AbortOn": 0
}
