{
  "RunType": "HTTP",
  "Labels": "1pod-diffnode-nosidecar-1core-conn2-resp128",
  "StartTime": "2021-03-28T14:39:11.679726441Z",
  "RequestedQPS": "max",
  "RequestedDuration": "1m0s",
  "ActualQPS": 12458.364390390278,
  "ActualDuration": 60000091230,
  "NumThreads": 2,
  "Version": "1.11.3",
  "DurationHistogram": {
    "Count": 747503,
    "Min": 0.000074957,
    "Max": 0.038678877,
    "Sum": 119.88688983100073,
    "Avg": 0.00016038315542680193,
    "StdDev": 0.001184531762854391,
    "Data": [
      {
        "Start": 0.000074957,
        "End": 0.001,
        "Percent": 99.83946552722865,
        "Count": 746303
      },
      {
        "Start": 0.005,
        "End": 0.006,
        "Percent": 99.83973308468327,
        "Count": 2
      },
      {
        "Start": 0.018000000000000002,
        "End": 0.02,
        "Percent": 99.84080331450174,
        "Count": 8
      },
      {
        "Start": 0.02,
        "End": 0.025,
        "Percent": 99.85525141705116,
        "Count": 108
      },
      {
        "Start": 0.025,
        "End": 0.03,
        "Percent": 99.92481635525209,
        "Count": 520
      },
      {
        "Start": 0.03,
        "End": 0.035,
        "Percent": 99.994381293453,
        "Count": 520
      },
      {
        "Start": 0.035,
        "End": 0.038678877,
        "Percent": 100,
        "Count": 42
      }
    ],
    "Percentiles": [
      {
        "Percentile": 50,
        "Value": 0.0005382215815923044
      },
      {
        "Percentile": 75,
        "Value": 0.0007698544921395762
      },
      {
        "Percentile": 90,
        "Value": 0.0009088342384679393
      },
      {
        "Percentile": 99,
        "Value": 0.000992222086264957
      },
      {
        "Percentile": 99.9,
        "Value": 0.02821631730769262
      }
    ]
  },
  "Exactly": 0,
  "Jitter": true,
  "RetCodes": {
    "200": 747503
  },
  "Sizes": {
    "Count": 747503,
    "Min": 75,
    "Max": 75,
    "Sum": 56062725,
    "Avg": 75,
    "StdDev": 0,
    "Data": [
      {
        "Start": 75,
        "End": 75,
        "Percent": 100,
        "Count": 747503
      }
    ],
    "Percentiles": null
  },
  "HeaderSizes": {
    "Count": 747503,
    "Min": 75,
    "Max": 75,
    "Sum": 56062725,
    "Avg": 75,
    "StdDev": 0,
    "Data": [
      {
        "Start": 75,
        "End": 75,
        "Percent": 100,
        "Count": 747503
      }
    ],
    "Percentiles": null
  },
  "URL": "http://fortio-server:8080/echo\\?size\\=128",
  "SocketCount": 2,
  "AbortOn": 0
}
