{
  "RunType": "HTTP",
  "Labels": "1pod-diffnode-nosidecar-1core-conn5-resp512",
  "StartTime": "2021-03-28T14:51:58.149450168Z",
  "RequestedQPS": "max",
  "RequestedDuration": "1m0s",
  "ActualQPS": 14967.886880246935,
  "ActualDuration": 60000186211,
  "NumThreads": 5,
  "Version": "1.11.3",
  "DurationHistogram": {
    "Count": 898076,
    "Min": 0.00007344,
    "Max": 0.06726265,
    "Sum": 299.774637475001,
    "Avg": 0.0003337965132962032,
    "StdDev": 0.0035814183263853817,
    "Data": [
      {
        "Start": 0.00007344,
        "End": 0.001,
        "Percent": 99.6649504050882,
        "Count": 895067
      },
      {
        "Start": 0.001,
        "End": 0.002,
        "Percent": 99.66550715084247,
        "Count": 5
      },
      {
        "Start": 0.011,
        "End": 0.012,
        "Percent": 99.66595254744587,
        "Count": 4
      },
      {
        "Start": 0.045,
        "End": 0.05,
        "Percent": 99.66639794404928,
        "Count": 4
      },
      {
        "Start": 0.05,
        "End": 0.06,
        "Percent": 99.69044936063318,
        "Count": 216
      },
      {
        "Start": 0.06,
        "End": 0.06726265,
        "Percent": 100,
        "Count": 2780
      }
    ],
    "Percentiles": [
      {
        "Percentile": 50,
        "Value": 0.0005382769200930435
      },
      {
        "Percentile": 75,
        "Value": 0.0007706958977326812
      },
      {
        "Percentile": 90,
        "Value": 0.0009101472843164639
      },
      {
        "Percentile": 99,
        "Value": 0.0009938181162667335
      },
      {
        "Percentile": 99.9,
        "Value": 0.06491645875489217
      }
    ]
  },
  "Exactly": 0,
  "Jitter": true,
  "RetCodes": {
    "200": 898076
  },
  "Sizes": {
    "Count": 898076,
    "Min": 75,
    "Max": 75,
    "Sum": 67355700,
    "Avg": 75,
    "StdDev": 0,
    "Data": [
      {
        "Start": 75,
        "End": 75,
        "Percent": 100,
        "Count": 898076
      }
    ],
    "Percentiles": null
  },
  "HeaderSizes": {
    "Count": 898076,
    "Min": 75,
    "Max": 75,
    "Sum": 67355700,
    "Avg": 75,
    "StdDev": 0,
    "Data": [
      {
        "Start": 75,
        "End": 75,
        "Percent": 100,
        "Count": 898076
      }
    ],
    "Percentiles": null
  },
  "URL": "http://fortio-server:8080/echo\\?size\\=512",
  "SocketCount": 5,
  "AbortOn": 0
}
