{
  "RunType": "HTTP",
  "Labels": "1pod-diffnode-nosidecar-1core-conn2-resp1024",
  "StartTime": "2021-03-28T14:59:35.627339699Z",
  "RequestedQPS": "max",
  "RequestedDuration": "1m0s",
  "ActualQPS": 12551.437869301673,
  "ActualDuration": 60005635039,
  "NumThreads": 2,
  "Version": "1.11.3",
  "DurationHistogram": {
    "Count": 753157,
    "Min": 0.000074614,
    "Max": 0.03923147,
    "Sum": 119.89452895200097,
    "Avg": 0.00015918929114646876,
    "StdDev": 0.001179054329715759,
    "Data": [
      {
        "Start": 0.000074614,
        "End": 0.001,
        "Percent": 99.8397412491685,
        "Count": 751950
      },
      {
        "Start": 0.001,
        "End": 0.002,
        "Percent": 99.8402723469343,
        "Count": 4
      },
      {
        "Start": 0.006,
        "End": 0.007,
        "Percent": 99.84040512137575,
        "Count": 1
      },
      {
        "Start": 0.011,
        "End": 0.012,
        "Percent": 99.8405378958172,
        "Count": 1
      },
      {
        "Start": 0.012,
        "End": 0.014,
        "Percent": 99.84080344470011,
        "Count": 2
      },
      {
        "Start": 0.016,
        "End": 0.018000000000000002,
        "Percent": 99.84093621914155,
        "Count": 1
      },
      {
        "Start": 0.018000000000000002,
        "End": 0.02,
        "Percent": 99.84252951243897,
        "Count": 12
      },
      {
        "Start": 0.02,
        "End": 0.025,
        "Percent": 99.85806412208875,
        "Count": 117
      },
      {
        "Start": 0.025,
        "End": 0.03,
        "Percent": 99.92750515496769,
        "Count": 523
      },
      {
        "Start": 0.03,
        "End": 0.035,
        "Percent": 99.9937596012518,
        "Count": 499
      },
      {
        "Start": 0.035,
        "End": 0.03923147,
        "Percent": 100,
        "Count": 47
      }
    ],
    "Percentiles": [
      {
        "Percentile": 50,
        "Value": 0.0005380490819204495
      },
      {
        "Percentile": 75,
        "Value": 0.0007697672382056496
      },
      {
        "Percentile": 90,
        "Value": 0.0009087981319767697
      },
      {
        "Percentile": 99,
        "Value": 0.0009922166682394418
      },
      {
        "Percentile": 99.9,
        "Value": 0.028019531548757706
      }
    ]
  },
  "Exactly": 0,
  "Jitter": true,
  "RetCodes": {
    "200": 753157
  },
  "Sizes": {
    "Count": 753157,
    "Min": 75,
    "Max": 75,
    "Sum": 56486775,
    "Avg": 75,
    "StdDev": 0,
    "Data": [
      {
        "Start": 75,
        "End": 75,
        "Percent": 100,
        "Count": 753157
      }
    ],
    "Percentiles": null
  },
  "HeaderSizes": {
    "Count": 753157,
    "Min": 75,
    "Max": 75,
    "Sum": 56486775,
    "Avg": 75,
    "StdDev": 0,
    "Data": [
      {
        "Start": 75,
        "End": 75,
        "Percent": 100,
        "Count": 753157
      }
    ],
    "Percentiles": null
  },
  "URL": "http://fortio-server:8080/echo\\?size\\=1024",
  "SocketCount": 2,
  "AbortOn": 0
}
