{
  "RunType": "HTTP",
  "Labels": "1pod-diffnode-nosidecar-1core-conn2-resp2048",
  "StartTime": "2021-03-28T15:09:12.455209896Z",
  "RequestedQPS": "max",
  "RequestedDuration": "1m0s",
  "ActualQPS": 12617.452666167188,
  "ActualDuration": 60019642636,
  "NumThreads": 2,
  "Version": "1.11.3",
  "DurationHistogram": {
    "Count": 757295,
    "Min": 0.000075797,
    "Max": 0.03722845,
    "Sum": 119.92270825099922,
    "Avg": 0.00015835666187020807,
    "StdDev": 0.0011592749213404896,
    "Data": [
      {
        "Start": 0.000075797,
        "End": 0.001,
        "Percent": 99.84101307944724,
        "Count": 756091
      },
      {
        "Start": 0.001,
        "End": 0.002,
        "Percent": 99.84127717732191,
        "Count": 2
      },
      {
        "Start": 0.008,
        "End": 0.009000000000000001,
        "Percent": 99.84154127519659,
        "Count": 2
      },
      {
        "Start": 0.014,
        "End": 0.016,
        "Percent": 99.84180537307127,
        "Count": 2
      },
      {
        "Start": 0.018000000000000002,
        "End": 0.02,
        "Percent": 99.84286176456995,
        "Count": 8
      },
      {
        "Start": 0.02,
        "End": 0.025,
        "Percent": 99.8620088604837,
        "Count": 145
      },
      {
        "Start": 0.025,
        "End": 0.03,
        "Percent": 99.93278709089589,
        "Count": 536
      },
      {
        "Start": 0.03,
        "End": 0.035,
        "Percent": 99.99749107019062,
        "Count": 490
      },
      {
        "Start": 0.035,
        "End": 0.03722845,
        "Percent": 100,
        "Count": 19
      }
    ],
    "Percentiles": [
      {
        "Percentile": 50,
        "Value": 0.0005386337406519065
      },
      {
        "Percentile": 75,
        "Value": 0.0007700527221504716
      },
      {
        "Percentile": 90,
        "Value": 0.0009089041110496106
      },
      {
        "Percentile": 99,
        "Value": 0.000992214944389094
      },
      {
        "Percentile": 99.9,
        "Value": 0.027683815298507785
      }
    ]
  },
  "Exactly": 0,
  "Jitter": true,
  "RetCodes": {
    "200": 757295
  },
  "Sizes": {
    "Count": 757295,
    "Min": 75,
    "Max": 75,
    "Sum": 56797125,
    "Avg": 75,
    "StdDev": 0,
    "Data": [
      {
        "Start": 75,
        "End": 75,
        "Percent": 100,
        "Count": 757295
      }
    ],
    "Percentiles": null
  },
  "HeaderSizes": {
    "Count": 757295,
    "Min": 75,
    "Max": 75,
    "Sum": 56797125,
    "Avg": 75,
    "StdDev": 0,
    "Data": [
      {
        "Start": 75,
        "End": 75,
        "Percent": 100,
        "Count": 757295
      }
    ],
    "Percentiles": null
  },
  "URL": "http://fortio-server:8080/echo\\?size\\=2048",
  "SocketCount": 2,
  "AbortOn": 0
}
