{
  "RunType": "HTTP",
  "Labels": "1pod-diffnode-nosidecar-1core-conn5-resp2048",
  "StartTime": "2021-03-28T15:12:14.833170538Z",
  "RequestedQPS": "max",
  "RequestedDuration": "1m0s",
  "ActualQPS": 15057.64623231873,
  "ActualDuration": 60049890006,
  "NumThreads": 5,
  "Version": "1.11.3",
  "DurationHistogram": {
    "Count": 904210,
    "Min": 0.00007249,
    "Max": 0.067183032,
    "Sum": 300.0201925209997,
    "Avg": 0.00033180366565399593,
    "StdDev": 0.0035751325313160254,
    "Data": [
      {
        "Start": 0.00007249,
        "End": 0.001,
        "Percent": 99.66324194600811,
        "Count": 901165
      },
      {
        "Start": 0.001,
        "End": 0.002,
        "Percent": 99.66479025890004,
        "Count": 14
      },
      {
        "Start": 0.002,
        "End": 0.003,
        "Percent": 99.66512204023401,
        "Count": 3
      },
      {
        "Start": 0.005,
        "End": 0.006,
        "Percent": 99.665453821568,
        "Count": 3
      },
      {
        "Start": 0.007,
        "End": 0.008,
        "Percent": 99.66622797801395,
        "Count": 7
      },
      {
        "Start": 0.008,
        "End": 0.009000000000000001,
        "Percent": 99.66644916556994,
        "Count": 2
      },
      {
        "Start": 0.009000000000000001,
        "End": 0.01,
        "Percent": 99.66689154068192,
        "Count": 4
      },
      {
        "Start": 0.014,
        "End": 0.016,
        "Percent": 99.6674445095719,
        "Count": 5
      },
      {
        "Start": 0.016,
        "End": 0.018000000000000002,
        "Percent": 99.66766569712787,
        "Count": 2
      },
      {
        "Start": 0.018000000000000002,
        "End": 0.02,
        "Percent": 99.66810807223986,
        "Count": 4
      },
      {
        "Start": 0.025,
        "End": 0.03,
        "Percent": 99.66821866601785,
        "Count": 1
      },
      {
        "Start": 0.03,
        "End": 0.035,
        "Percent": 99.66866104112982,
        "Count": 4
      },
      {
        "Start": 0.04,
        "End": 0.045,
        "Percent": 99.6689928224638,
        "Count": 3
      },
      {
        "Start": 0.045,
        "End": 0.05,
        "Percent": 99.66954579135378,
        "Count": 5
      },
      {
        "Start": 0.05,
        "End": 0.06,
        "Percent": 99.68923148383672,
        "Count": 178
      },
      {
        "Start": 0.06,
        "End": 0.067183032,
        "Percent": 100,
        "Count": 2810
      }
    ],
    "Percentiles": [
      {
        "Percentile": 50,
        "Value": 0.0005378114964645725
      },
      {
        "Percentile": 75,
        "Value": 0.0007704727593146198
      },
      {
        "Percentile": 90,
        "Value": 0.0009100695170246481
      },
      {
        "Percentile": 99,
        "Value": 0.000993827571650665
      },
      {
        "Percentile": 99.9,
        "Value": 0.06487165500187912
      }
    ]
  },
  "Exactly": 0,
  "Jitter": true,
  "RetCodes": {
    "200": 904210
  },
  "Sizes": {
    "Count": 904210,
    "Min": 75,
    "Max": 75,
    "Sum": 67815750,
    "Avg": 75,
    "StdDev": 0,
    "Data": [
      {
        "Start": 75,
        "End": 75,
        "Percent": 100,
        "Count": 904210
      }
    ],
    "Percentiles": null
  },
  "HeaderSizes": {
    "Count": 904210,
    "Min": 75,
    "Max": 75,
    "Sum": 67815750,
    "Avg": 75,
    "StdDev": 0,
    "Data": [
      {
        "Start": 75,
        "End": 75,
        "Percent": 100,
        "Count": 904210
      }
    ],
    "Percentiles": null
  },
  "URL": "http://fortio-server:8080/echo\\?size\\=2048",
  "SocketCount": 5,
  "AbortOn": 0
}
