{
  "RunType": "HTTP",
  "Labels": "1pod-diffnode-nosidecar-1core-conn2-resp512",
  "StartTime": "2021-03-28T14:48:56.059557133Z",
  "RequestedQPS": "max",
  "RequestedDuration": "1m0s",
  "ActualQPS": 12626.983763903723,
  "ActualDuration": 60000156345,
  "NumThreads": 2,
  "Version": "1.11.3",
  "DurationHistogram": {
    "Count": 757621,
    "Min": 0.000075787,
    "Max": 0.038018756,
    "Sum": 119.88475237299912,
    "Avg": 0.00015823842313372928,
    "StdDev": 0.0011441252931847967,
    "Data": [
      {
        "Start": 0.000075787,
        "End": 0.001,
        "Percent": 99.84055352214365,
        "Count": 756413
      },
      {
        "Start": 0.001,
        "End": 0.002,
        "Percent": 99.84108149061338,
        "Count": 4
      },
      {
        "Start": 0.005,
        "End": 0.006,
        "Percent": 99.84134547484824,
        "Count": 2
      },
      {
        "Start": 0.009000000000000001,
        "End": 0.01,
        "Percent": 99.8416094590831,
        "Count": 2
      },
      {
        "Start": 0.011,
        "End": 0.012,
        "Percent": 99.84187344331797,
        "Count": 2
      },
      {
        "Start": 0.014,
        "End": 0.016,
        "Percent": 99.84213742755283,
        "Count": 2
      },
      {
        "Start": 0.016,
        "End": 0.018000000000000002,
        "Percent": 99.84240141178769,
        "Count": 2
      },
      {
        "Start": 0.018000000000000002,
        "End": 0.02,
        "Percent": 99.84464527778401,
        "Count": 17
      },
      {
        "Start": 0.02,
        "End": 0.025,
        "Percent": 99.86101230034542,
        "Count": 124
      },
      {
        "Start": 0.025,
        "End": 0.03,
        "Percent": 99.94390335009193,
        "Count": 628
      },
      {
        "Start": 0.03,
        "End": 0.035,
        "Percent": 99.99683218918166,
        "Count": 401
      },
      {
        "Start": 0.035,
        "End": 0.038018756,
        "Percent": 100,
        "Count": 24
      }
    ],
    "Percentiles": [
      {
        "Percentile": 50,
        "Value": 0.0005386308792926342
      },
      {
        "Percentile": 75,
        "Value": 0.0007700534298580008
      },
      {
        "Percentile": 90,
        "Value": 0.0009089069601972206
      },
      {
        "Percentile": 99,
        "Value": 0.0009922190784007526
      },
      {
        "Percentile": 99.9,
        "Value": 0.027351743630573723
      }
    ]
  },
  "Exactly": 0,
  "Jitter": true,
  "RetCodes": {
    "200": 757621
  },
  "Sizes": {
    "Count": 757621,
    "Min": 75,
    "Max": 75,
    "Sum": 56821575,
    "Avg": 75,
    "StdDev": 0,
    "Data": [
      {
        "Start": 75,
        "End": 75,
        "Percent": 100,
        "Count": 757621
      }
    ],
    "Percentiles": null
  },
  "HeaderSizes": {
    "Count": 757621,
    "Min": 75,
    "Max": 75,
    "Sum": 56821575,
    "Avg": 75,
    "StdDev": 0,
    "Data": [
      {
        "Start": 75,
        "End": 75,
        "Percent": 100,
        "Count": 757621
      }
    ],
    "Percentiles": null
  },
  "URL": "http://fortio-server:8080/echo\\?size\\=512",
  "SocketCount": 2,
  "AbortOn": 0
}
