{
  "RunType": "HTTP",
  "Labels": "1pod-diffnode-nosidecar-1core-conn3-resp1024",
  "StartTime": "2021-03-28T15:00:36.452107804Z",
  "RequestedQPS": "max",
  "RequestedDuration": "1m0s",
  "ActualQPS": 13575.08760112572,
  "ActualDuration": 60000202130,
  "NumThreads": 3,
  "Version": "1.11.3",
  "DurationHistogram": {
    "Count": 814508,
    "Min": 0.000072817,
    "Max": 0.052431041,
    "Sum": 179.82898951300015,
    "Avg": 0.00022078234899227528,
    "StdDev": 0.0022290868022226806,
    "Data": [
      {
        "Start": 0.000072817,
        "End": 0.001,
        "Percent": 99.77827105442795,
        "Count": 812702
      },
      {
        "Start": 0.001,
        "End": 0.002,
        "Percent": 99.77863937493554,
        "Count": 3
      },
      {
        "Start": 0.004,
        "End": 0.005,
        "Percent": 99.77900769544314,
        "Count": 3
      },
      {
        "Start": 0.025,
        "End": 0.03,
        "Percent": 99.77937601595073,
        "Count": 3
      },
      {
        "Start": 0.04,
        "End": 0.045,
        "Percent": 99.81043771209123,
        "Count": 253
      },
      {
        "Start": 0.045,
        "End": 0.05,
        "Percent": 99.97200764142279,
        "Count": 1316
      },
      {
        "Start": 0.05,
        "End": 0.052431041,
        "Percent": 100,
        "Count": 228
      }
    ],
    "Percentiles": [
      {
        "Percentile": 50,
        "Value": 0.0005374381316326669
      },
      {
        "Percentile": 75,
        "Value": 0.0007697492678820378
      },
      {
        "Percentile": 90,
        "Value": 0.0009091359496316605
      },
      {
        "Percentile": 99,
        "Value": 0.000992767958681434
      },
      {
        "Percentile": 99.9,
        "Value": 0.047771626139817856
      }
    ]
  },
  "Exactly": 0,
  "Jitter": true,
  "RetCodes": {
    "200": 814508
  },
  "Sizes": {
    "Count": 814508,
    "Min": 75,
    "Max": 75,
    "Sum": 61088100,
    "Avg": 75,
    "StdDev": 0,
    "Data": [
      {
        "Start": 75,
        "End": 75,
        "Percent": 100,
        "Count": 814508
      }
    ],
    "Percentiles": null
  },
  "HeaderSizes": {
    "Count": 814508,
    "Min": 75,
    "Max": 75,
    "Sum": 61088100,
    "Avg": 75,
    "StdDev": 0,
    "Data": [
      {
        "Start": 75,
        "End": 75,
        "Percent": 100,
        "Count": 814508
      }
    ],
    "Percentiles": null
  },
  "URL": "http://fortio-server:8080/echo\\?size\\=1024",
  "SocketCount": 3,
  "AbortOn": 0
}
