{
  "RunType": "HTTP",
  "Labels": "1pod-diffnode-nosidecar-1core-conn1-resp128",
  "StartTime": "2021-03-28T14:38:10.95895942Z",
  "RequestedQPS": "max",
  "RequestedDuration": "1m0s",
  "ActualQPS": 8023.537316124759,
  "ActualDuration": 60000094850,
  "NumThreads": 1,
  "Version": "1.11.3",
  "DurationHistogram": {
    "Count": 481413,
    "Min": 0.000091621,
    "Max": 0.016513709,
    "Sum": 59.90798539599985,
    "Avg": 0.00012444197683901317,
    "StdDev": 0.00032788544429277,
    "Data": [
      {
        "Start": 0.000091621,
        "End": 0.001,
        "Percent": 99.87640549798198,
        "Count": 480818
      },
      {
        "Start": 0.001,
        "End": 0.002,
        "Percent": 99.8772363853905,
        "Count": 4
      },
      {
        "Start": 0.002,
        "End": 0.003,
        "Percent": 99.8778595509469,
        "Count": 3
      },
      {
        "Start": 0.003,
        "End": 0.004,
        "Percent": 99.88014449132034,
        "Count": 11
      },
      {
        "Start": 0.004,
        "End": 0.005,
        "Percent": 99.8832603191023,
        "Count": 15
      },
      {
        "Start": 0.005,
        "End": 0.006,
        "Percent": 99.89032286207477,
        "Count": 34
      },
      {
        "Start": 0.006,
        "End": 0.007,
        "Percent": 99.90050123282919,
        "Count": 49
      },
      {
        "Start": 0.007,
        "End": 0.008,
        "Percent": 99.9158726498869,
        "Count": 74
      },
      {
        "Start": 0.008,
        "End": 0.009000000000000001,
        "Percent": 99.9339444510223,
        "Count": 87
      },
      {
        "Start": 0.009000000000000001,
        "End": 0.01,
        "Percent": 99.95430119253115,
        "Count": 98
      },
      {
        "Start": 0.01,
        "End": 0.011,
        "Percent": 99.97216527181443,
        "Count": 86
      },
      {
        "Start": 0.011,
        "End": 0.012,
        "Percent": 99.98462858294229,
        "Count": 60
      },
      {
        "Start": 0.012,
        "End": 0.014,
        "Percent": 99.99854594703508,
        "Count": 67
      },
      {
        "Start": 0.014,
        "End": 0.016,
        "Percent": 99.99979227814786,
        "Count": 6
      },
      {
        "Start": 0.016,
        "End": 0.016513709,
        "Percent": 100,
        "Count": 1
      }
    ],
    "Percentiles": [
      {
        "Percentile": 50,
        "Value": 0.000546371604459701
      },
      {
        "Percentile": 75,
        "Value": 0.000773747851309854
      },
      {
        "Percentile": 90,
        "Value": 0.0009101735994199458
      },
      {
        "Percentile": 99,
        "Value": 0.0009920290482860008
      },
      {
        "Percentile": 99.9,
        "Value": 0.006950755102042017
      }
    ]
  },
  "Exactly": 0,
  "Jitter": true,
  "RetCodes": {
    "200": 481413
  },
  "Sizes": {
    "Count": 481413,
    "Min": 75,
    "Max": 75,
    "Sum": 36105975,
    "Avg": 75,
    "StdDev": 0,
    "Data": [
      {
        "Start": 75,
        "End": 75,
        "Percent": 100,
        "Count": 481413
      }
    ],
    "Percentiles": null
  },
  "HeaderSizes": {
    "Count": 481413,
    "Min": 75,
    "Max": 75,
    "Sum": 36105975,
    "Avg": 75,
    "StdDev": 0,
    "Data": [
      {
        "Start": 75,
        "End": 75,
        "Percent": 100,
        "Count": 481413
      }
    ],
    "Percentiles": null
  },
  "URL": "http://fortio-server:8080/echo\\?size\\=128",
  "SocketCount": 1,
  "AbortOn": 0
}
