{
  "RunType": "HTTP",
  "Labels": "1pod-diffnode-nosidecar-1core-conn7-resp128",
  "StartTime": "2021-03-28T14:44:22.820278532Z",
  "RequestedQPS": "max",
  "RequestedDuration": "1m0s",
  "ActualQPS": 15166.196792298602,
  "ActualDuration": 60026584942,
  "NumThreads": 7,
  "Version": "1.11.3",
  "DurationHistogram": {
    "Count": 910375,
    "Min": 0.000072294,
    "Max": 0.073766062,
    "Sum": 419.93446946099846,
    "Avg": 0.00046127636354359295,
    "StdDev": 0.004765118247614568,
    "Data": [
      {
        "Start": 0.000072294,
        "End": 0.001,
        "Percent": 99.53733351640807,
        "Count": 906163
      },
      {
        "Start": 0.001,
        "End": 0.002,
        "Percent": 99.53799258547302,
        "Count": 6
      },
      {
        "Start": 0.003,
        "End": 0.004,
        "Percent": 99.53865165453797,
        "Count": 6
      },
      {
        "Start": 0.06,
        "End": 0.07,
        "Percent": 99.70023342029384,
        "Count": 1471
      },
      {
        "Start": 0.07,
        "End": 0.073766062,
        "Percent": 100,
        "Count": 2729
      }
    ],
    "Percentiles": [
      {
        "Percentile": 50,
        "Value": 0.0005383025582588985
      },
      {
        "Percentile": 75,
        "Value": 0.000771307349275847
      },
      {
        "Percentile": 90,
        "Value": 0.0009111102238860161
      },
      {
        "Percentile": 99,
        "Value": 0.0009949919486521176
      },
      {
        "Percentile": 99.9,
        "Value": 0.07250973048909862
      }
    ]
  },
  "Exactly": 0,
  "Jitter": true,
  "RetCodes": {
    "200": 910375
  },
  "Sizes": {
    "Count": 910375,
    "Min": 75,
    "Max": 75,
    "Sum": 68278125,
    "Avg": 75,
    "StdDev": 0,
    "Data": [
      {
        "Start": 75,
        "End": 75,
        "Percent": 100,
        "Count": 910375
      }
    ],
    "Percentiles": null
  },
  "HeaderSizes": {
    "Count": 910375,
    "Min": 75,
    "Max": 75,
    "Sum": 68278125,
    "Avg": 75,
    "StdDev": 0,
    "Data": [
      {
        "Start": 75,
        "End": 75,
        "Percent": 100,
        "Count": 910375
      }
    ],
    "Percentiles": null
  },
  "URL": "http://fortio-server:8080/echo\\?size\\=128",
  "SocketCount": 7,
  "AbortOn": 0
}
