{
  "RunType": "HTTP",
  "Labels": "1pod-diffnode-nosidecar-1core-conn9-resp1024",
  "StartTime": "2021-03-28T15:06:40.996562144Z",
  "RequestedQPS": "max",
  "RequestedDuration": "1m0s",
  "ActualQPS": 14521.86268989982,
  "ActualDuration": 60069842184,
  "NumThreads": 9,
  "Version": "1.11.3",
  "DurationHistogram": {
    "Count": 872326,
    "Min": 0.00007508,
    "Max": 0.079037377,
    "Sum": 540.3770490030005,
    "Avg": 0.0006194668610164096,
    "StdDev": 0.005921248969418448,
    "Data": [
      {
        "Start": 0.00007508,
        "End": 0.001,
        "Percent": 99.3777555638603,
        "Count": 866898
      },
      {
        "Start": 0.001,
        "End": 0.002,
        "Percent": 99.37787019990233,
        "Count": 1
      },
      {
        "Start": 0.004,
        "End": 0.005,
        "Percent": 99.37821410802842,
        "Count": 3
      },
      {
        "Start": 0.009000000000000001,
        "End": 0.01,
        "Percent": 99.3792458324067,
        "Count": 9
      },
      {
        "Start": 0.016,
        "End": 0.018000000000000002,
        "Percent": 99.37993364865888,
        "Count": 6
      },
      {
        "Start": 0.035,
        "End": 0.04,
        "Percent": 99.38096537303714,
        "Count": 9
      },
      {
        "Start": 0.05,
        "End": 0.06,
        "Percent": 99.38165318928932,
        "Count": 6
      },
      {
        "Start": 0.06,
        "End": 0.07,
        "Percent": 99.38302882179369,
        "Count": 12
      },
      {
        "Start": 0.07,
        "End": 0.079037377,
        "Percent": 100,
        "Count": 5382
      }
    ],
    "Percentiles": [
      {
        "Percentile": 50,
        "Value": 0.000540435119512468
      },
      {
        "Percentile": 75,
        "Value": 0.0007731132127346156
      },
      {
        "Percentile": 90,
        "Value": 0.0009127200686679039
      },
      {
        "Percentile": 99,
        "Value": 0.000996484182227877
      },
      {
        "Percentile": 99.9,
        "Value": 0.07757257972595662
      }
    ]
  },
  "Exactly": 0,
  "Jitter": true,
  "RetCodes": {
    "200": 872326
  },
  "Sizes": {
    "Count": 872326,
    "Min": 75,
    "Max": 75,
    "Sum": 65424450,
    "Avg": 75,
    "StdDev": 0,
    "Data": [
      {
        "Start": 75,
        "End": 75,
        "Percent": 100,
        "Count": 872326
      }
    ],
    "Percentiles": null
  },
  "HeaderSizes": {
    "Count": 872326,
    "Min": 75,
    "Max": 75,
    "Sum": 65424450,
    "Avg": 75,
    "StdDev": 0,
    "Data": [
      {
        "Start": 75,
        "End": 75,
        "Percent": 100,
        "Count": 872326
      }
    ],
    "Percentiles": null
  },
  "URL": "http://fortio-server:8080/echo\\?size\\=1024",
  "SocketCount": 9,
  "AbortOn": 0
}
