{
  "RunType": "HTTP",
  "Labels": "1pod-diffnode-nosidecar-1core-conn6-resp128",
  "StartTime": "2021-03-28T14:43:22.129805276Z",
  "RequestedQPS": "max",
  "RequestedDuration": "1m0s",
  "ActualQPS": 15291.812898703573,
  "ActualDuration": 60020156281,
  "NumThreads": 6,
  "Version": "1.11.3",
  "DurationHistogram": {
    "Count": 917817,
    "Min": 0.000072411,
    "Max": 0.070271684,
    "Sum": 359.8722046710003,
    "Avg": 0.0003920958150382923,
    "StdDev": 0.0041610862368372395,
    "Data": [
      {
        "Start": 0.000072411,
        "End": 0.001,
        "Percent": 99.60362468771008,
        "Count": 914179
      },
      {
        "Start": 0.001,
        "End": 0.002,
        "Percent": 99.60493213788806,
        "Count": 12
      },
      {
        "Start": 0.003,
        "End": 0.004,
        "Percent": 99.60558586297704,
        "Count": 6
      },
      {
        "Start": 0.004,
        "End": 0.005,
        "Percent": 99.60623958806603,
        "Count": 6
      },
      {
        "Start": 0.005,
        "End": 0.006,
        "Percent": 99.60689331315501,
        "Count": 6
      },
      {
        "Start": 0.006,
        "End": 0.007,
        "Percent": 99.607764946607,
        "Count": 8
      },
      {
        "Start": 0.05,
        "End": 0.06,
        "Percent": 99.6080918091515,
        "Count": 3
      },
      {
        "Start": 0.06,
        "End": 0.07,
        "Percent": 99.99836568727753,
        "Count": 3582
      },
      {
        "Start": 0.07,
        "End": 0.070271684,
        "Percent": 100,
        "Count": 15
      }
    ],
    "Percentiles": [
      {
        "Percentile": 50,
        "Value": 0.0005380506774123858
      },
      {
        "Percentile": 75,
        "Value": 0.0007708710234535834
      },
      {
        "Percentile": 90,
        "Value": 0.000910563231078302
      },
      {
        "Percentile": 99,
        "Value": 0.0009943785556531333
      },
      {
        "Percentile": 99.9,
        "Value": 0.06747957286432177
      }
    ]
  },
  "Exactly": 0,
  "Jitter": true,
  "RetCodes": {
    "200": 917817
  },
  "Sizes": {
    "Count": 917817,
    "Min": 75,
    "Max": 75,
    "Sum": 68836275,
    "Avg": 75,
    "StdDev": 0,
    "Data": [
      {
        "Start": 75,
        "End": 75,
        "Percent": 100,
        "Count": 917817
      }
    ],
    "Percentiles": null
  },
  "HeaderSizes": {
    "Count": 917817,
    "Min": 75,
    "Max": 75,
    "Sum": 68836275,
    "Avg": 75,
    "StdDev": 0,
    "Data": [
      {
        "Start": 75,
        "End": 75,
        "Percent": 100,
        "Count": 917817
      }
    ],
    "Percentiles": null
  },
  "URL": "http://fortio-server:8080/echo\\?size\\=128",
  "SocketCount": 6,
  "AbortOn": 0
}
