{
  "RunType": "HTTP",
  "Labels": "1pod-diffnode-nosidecar-1core-conn3-resp128",
  "StartTime": "2021-03-28T14:40:12.344223633Z",
  "RequestedQPS": "max",
  "RequestedDuration": "1m0s",
  "ActualQPS": 13423.823798401716,
  "ActualDuration": 60011514759,
  "NumThreads": 3,
  "Version": "1.11.3",
  "DurationHistogram": {
    "Count": 805584,
    "Min": 0.000072075,
    "Max": 0.054057934,
    "Sum": 179.87345460999853,
    "Avg": 0.00022328330082275533,
    "StdDev": 0.00225488768700068,
    "Data": [
      {
        "Start": 0.000072075,
        "End": 0.001,
        "Percent": 99.77544241196449,
        "Count": 803775
      },
      {
        "Start": 0.001,
        "End": 0.002,
        "Percent": 99.7761872132515,
        "Count": 6
      },
      {
        "Start": 0.003,
        "End": 0.004,
        "Percent": 99.77631134679935,
        "Count": 1
      },
      {
        "Start": 0.004,
        "End": 0.005,
        "Percent": 99.77655961389502,
        "Count": 2
      },
      {
        "Start": 0.04,
        "End": 0.045,
        "Percent": 99.80486206280165,
        "Count": 228
      },
      {
        "Start": 0.045,
        "End": 0.05,
        "Percent": 99.962884069197,
        "Count": 1273
      },
      {
        "Start": 0.05,
        "End": 0.054057934,
        "Percent": 100,
        "Count": 299
      }
    ],
    "Percentiles": [
      {
        "Percentile": 50,
        "Value": 0.0005370811319164342
      },
      {
        "Percentile": 75,
        "Value": 0.0007695847751046936
      },
      {
        "Percentile": 90,
        "Value": 0.0009090869610176493
      },
      {
        "Percentile": 99,
        "Value": 0.0009927882725654226
      },
      {
        "Percentile": 99.9,
        "Value": 0.04801027494108425
      }
    ]
  },
  "Exactly": 0,
  "Jitter": true,
  "RetCodes": {
    "200": 805584
  },
  "Sizes": {
    "Count": 805584,
    "Min": 75,
    "Max": 75,
    "Sum": 60418800,
    "Avg": 75,
    "StdDev": 0,
    "Data": [
      {
        "Start": 75,
        "End": 75,
        "Percent": 100,
        "Count": 805584
      }
    ],
    "Percentiles": null
  },
  "HeaderSizes": {
    "Count": 805584,
    "Min": 75,
    "Max": 75,
    "Sum": 60418800,
    "Avg": 75,
    "StdDev": 0,
    "Data": [
      {
        "Start": 75,
        "End": 75,
        "Percent": 100,
        "Count": 805584
      }
    ],
    "Percentiles": null
  },
  "URL": "http://fortio-server:8080/echo\\?size\\=128",
  "SocketCount": 3,
  "AbortOn": 0
}
