{
  "RunType": "HTTP",
  "Labels": "1pod-diffnode-nosidecar-1core-conn9-resp512",
  "StartTime": "2021-03-28T14:56:03.597326132Z",
  "RequestedQPS": "max",
  "RequestedDuration": "1m0s",
  "ActualQPS": 14490.608100332445,
  "ActualDuration": 60037715048,
  "NumThreads": 9,
  "Version": "1.11.3",
  "DurationHistogram": {
    "Count": 869983,
    "Min": 0.000073794,
    "Max": 0.079513477,
    "Sum": 540.0857571689987,
    "Avg": 0.0006208003572127257,
    "StdDev": 0.005939889284601397,
    "Data": [
      {
        "Start": 0.000073794,
        "End": 0.001,
        "Percent": 99.37607976247811,
        "Count": 864555
      },
      {
        "Start": 0.001,
        "End": 0.002,
        "Percent": 99.37722921022595,
        "Count": 10
      },
      {
        "Start": 0.005,
        "End": 0.006,
        "Percent": 99.37826371319899,
        "Count": 9
      },
      {
        "Start": 0.012,
        "End": 0.014,
        "Percent": 99.37929821617205,
        "Count": 9
      },
      {
        "Start": 0.07,
        "End": 0.079513477,
        "Percent": 100,
        "Count": 5400
      }
    ],
    "Percentiles": [
      {
        "Percentile": 50,
        "Value": 0.0005398040017384686
      },
      {
        "Percentile": 75,
        "Value": 0.0007728095382630813
      },
      {
        "Percentile": 90,
        "Value": 0.000912612860177849
      },
      {
        "Percentile": 99,
        "Value": 0.0009964948533267095
      },
      {
        "Percentile": 99.9,
        "Value": 0.07798078009983507
      }
    ]
  },
  "Exactly": 0,
  "Jitter": true,
  "RetCodes": {
    "200": 869983
  },
  "Sizes": {
    "Count": 869983,
    "Min": 75,
    "Max": 75,
    "Sum": 65248725,
    "Avg": 75,
    "StdDev": 0,
    "Data": [
      {
        "Start": 75,
        "End": 75,
        "Percent": 100,
        "Count": 869983
      }
    ],
    "Percentiles": null
  },
  "HeaderSizes": {
    "Count": 869983,
    "Min": 75,
    "Max": 75,
    "Sum": 65248725,
    "Avg": 75,
    "StdDev": 0,
    "Data": [
      {
        "Start": 75,
        "End": 75,
        "Percent": 100,
        "Count": 869983
      }
    ],
    "Percentiles": null
  },
  "URL": "http://fortio-server:8080/echo\\?size\\=512",
  "SocketCount": 9,
  "AbortOn": 0
}
