{
  "RunType": "HTTP",
  "Labels": "1pod-diffnode-nosidecar-1core-conn8-resp512",
  "StartTime": "2021-03-28T14:55:02.060876033Z",
  "RequestedQPS": "max",
  "RequestedDuration": "1m0s",
  "ActualQPS": 14763.297796672608,
  "ActualDuration": 60074585788,
  "NumThreads": 8,
  "Version": "1.11.3",
  "DurationHistogram": {
    "Count": 886899,
    "Min": 0.000074377,
    "Max": 0.078079209,
    "Sum": 479.8282244489992,
    "Avg": 0.0005410178886761618,
    "StdDev": 0.0053660907821108175,
    "Data": [
      {
        "Start": 0.000074377,
        "End": 0.001,
        "Percent": 99.45664613445274,
        "Count": 882080
      },
      {
        "Start": 0.001,
        "End": 0.002,
        "Percent": 99.45845017301858,
        "Count": 16
      },
      {
        "Start": 0.01,
        "End": 0.011,
        "Percent": 99.45856292542894,
        "Count": 1
      },
      {
        "Start": 0.014,
        "End": 0.016,
        "Percent": 99.45867567783931,
        "Count": 1
      },
      {
        "Start": 0.045,
        "End": 0.05,
        "Percent": 99.45969044953259,
        "Count": 9
      },
      {
        "Start": 0.06,
        "End": 0.07,
        "Percent": 99.46126898327769,
        "Count": 14
      },
      {
        "Start": 0.07,
        "End": 0.078079209,
        "Percent": 100,
        "Count": 4778
      }
    ],
    "Percentiles": [
      {
        "Percentile": 50,
        "Value": 0.0005397164207497288
      },
      {
        "Percentile": 75,
        "Value": 0.0007723866558071897
      },
      {
        "Percentile": 90,
        "Value": 0.0009119887968416662
      },
      {
        "Percentile": 99,
        "Value": 0.000995750081462352
      },
      {
        "Percentile": 99.9,
        "Value": 0.07657953499772067
      }
    ]
  },
  "Exactly": 0,
  "Jitter": true,
  "RetCodes": {
    "200": 886899
  },
  "Sizes": {
    "Count": 886899,
    "Min": 75,
    "Max": 75,
    "Sum": 66517425,
    "Avg": 75,
    "StdDev": 0,
    "Data": [
      {
        "Start": 75,
        "End": 75,
        "Percent": 100,
        "Count": 886899
      }
    ],
    "Percentiles": null
  },
  "HeaderSizes": {
    "Count": 886899,
    "Min": 75,
    "Max": 75,
    "Sum": 66517425,
    "Avg": 75,
    "StdDev": 0,
    "Data": [
      {
        "Start": 75,
        "End": 75,
        "Percent": 100,
        "Count": 886899
      }
    ],
    "Percentiles": null
  },
  "URL": "http://fortio-server:8080/echo\\?size\\=512",
  "SocketCount": 8,
  "AbortOn": 0
}
