{
  "RunType": "HTTP",
  "Labels": "2pod-diffnode-nosidecar-1core-conn4-resp512",
  "StartTime": "2021-03-28T08:40:49.876326081Z",
  "RequestedQPS": "max",
  "RequestedDuration": "1m0s",
  "ActualQPS": 23105.7240803671,
  "ActualDuration": 60000197145,
  "NumThreads": 4,
  "Version": "1.11.3",
  "DurationHistogram": {
    "Count": 1386348,
    "Min": 0.000075037,
    "Max": 0.040213845,
    "Sum": 239.71167556800125,
    "Avg": 0.00017290873256065666,
    "StdDev": 0.0013657866370891801,
    "Data": [
      {
        "Start": 0.000075037,
        "End": 0.001,
        "Percent": 99.82688329337223,
        "Count": 1383948
      },
      {
        "Start": 0.001,
        "End": 0.002,
        "Percent": 99.82717182121661,
        "Count": 4
      },
      {
        "Start": 0.02,
        "End": 0.025,
        "Percent": 99.82854232847741,
        "Count": 19
      },
      {
        "Start": 0.025,
        "End": 0.03,
        "Percent": 99.85508689016034,
        "Count": 368
      },
      {
        "Start": 0.03,
        "End": 0.035,
        "Percent": 99.95953396982576,
        "Count": 1448
      },
      {
        "Start": 0.035,
        "End": 0.04,
        "Percent": 99.99971147215562,
        "Count": 557
      },
      {
        "Start": 0.04,
        "End": 0.040213845,
        "Percent": 100,
        "Count": 4
      }
    ],
    "Percentiles": [
      {
        "Percentile": 50,
        "Value": 0.0005383201875779924
      },
      {
        "Percentile": 75,
        "Value": 0.0007699621155427195
      },
      {
        "Percentile": 90,
        "Value": 0.0009089472723215556
      },
      {
        "Percentile": 99,
        "Value": 0.0009923383663888573
      },
      {
        "Percentile": 99.9,
        "Value": 0.032150041436464355
      }
    ]
  },
  "Exactly": 0,
  "Jitter": true,
  "RetCodes": {
    "200": 1386348
  },
  "Sizes": {
    "Count": 1386348,
    "Min": 75,
    "Max": 75,
    "Sum": 103976100,
    "Avg": 75,
    "StdDev": 0,
    "Data": [
      {
        "Start": 75,
        "End": 75,
        "Percent": 100,
        "Count": 1386348
      }
    ],
    "Percentiles": null
  },
  "HeaderSizes": {
    "Count": 1386348,
    "Min": 75,
    "Max": 75,
    "Sum": 103976100,
    "Avg": 75,
    "StdDev": 0,
    "Data": [
      {
        "Start": 75,
        "End": 75,
        "Percent": 100,
        "Count": 1386348
      }
    ],
    "Percentiles": null
  },
  "URL": "http://fortio-server:8080/echo\\?size\\=512",
  "SocketCount": 4,
  "AbortOn": 0
}
