{
  "RunType": "HTTP",
  "Labels": "2pod-diffnode-nosidecar-1core-conn15-resp128",
  "StartTime": "2021-03-28T08:34:15.268152036Z",
  "RequestedQPS": "max",
  "RequestedDuration": "1m0s",
  "ActualQPS": 28131.296801435863,
  "ActualDuration": 60075154442,
  "NumThreads": 15,
  "Version": "1.11.3",
  "DurationHistogram": {
    "Count": 1689992,
    "Min": 0.000072832,
    "Max": 0.07893702,
    "Sum": 900.1485400610022,
    "Avg": 0.0005326347935735804,
    "StdDev": 0.005253629983878438,
    "Data": [
      {
        "Start": 0.000072832,
        "End": 0.001,
        "Percent": 99.46289686578397,
        "Count": 1680915
      },
      {
        "Start": 0.001,
        "End": 0.002,
        "Percent": 99.46520456901571,
        "Count": 39
      },
      {
        "Start": 0.004,
        "End": 0.005,
        "Percent": 99.46573711591535,
        "Count": 9
      },
      {
        "Start": 0.007,
        "End": 0.008,
        "Percent": 99.4659738034263,
        "Count": 4
      },
      {
        "Start": 0.012,
        "End": 0.014,
        "Percent": 99.4663288346927,
        "Count": 6
      },
      {
        "Start": 0.02,
        "End": 0.025,
        "Percent": 99.46668386595913,
        "Count": 6
      },
      {
        "Start": 0.025,
        "End": 0.03,
        "Percent": 99.46721641285876,
        "Count": 9
      },
      {
        "Start": 0.045,
        "End": 0.05,
        "Percent": 99.4677489597584,
        "Count": 9
      },
      {
        "Start": 0.05,
        "End": 0.06,
        "Percent": 99.46887322543539,
        "Count": 19
      },
      {
        "Start": 0.06,
        "End": 0.07,
        "Percent": 99.67964345393351,
        "Count": 3562
      },
      {
        "Start": 0.07,
        "End": 0.07893702,
        "Percent": 100,
        "Count": 5414
      }
    ],
    "Percentiles": [
      {
        "Percentile": 50,
        "Value": 0.0005389190955682445
      },
      {
        "Percentile": 75,
        "Value": 0.0007719629191451794
      },
      {
        "Percentile": 90,
        "Value": 0.0009117892132913404
      },
      {
        "Percentile": 99,
        "Value": 0.0009956849897790369
      },
      {
        "Percentile": 99.9,
        "Value": 0.07614730956338399
      }
    ]
  },
  "Exactly": 0,
  "Jitter": true,
  "RetCodes": {
    "200": 1689992
  },
  "Sizes": {
    "Count": 1689992,
    "Min": 75,
    "Max": 75,
    "Sum": 126749400,
    "Avg": 75,
    "StdDev": 0,
    "Data": [
      {
        "Start": 75,
        "End": 75,
        "Percent": 100,
        "Count": 1689992
      }
    ],
    "Percentiles": null
  },
  "HeaderSizes": {
    "Count": 1689992,
    "Min": 75,
    "Max": 75,
    "Sum": 126749400,
    "Avg": 75,
    "StdDev": 0,
    "Data": [
      {
        "Start": 75,
        "End": 75,
        "Percent": 100,
        "Count": 1689992
      }
    ],
    "Percentiles": null
  },
  "URL": "http://fortio-server:8080/echo\\?size\\=128",
  "SocketCount": 15,
  "AbortOn": 0
}
