{
  "RunType": "HTTP",
  "Labels": "2pod-diffnode-nosidecar-1core-conn9-resp2048",
  "StartTime": "2021-03-28T09:19:18.8885553Z",
  "RequestedQPS": "max",
  "RequestedDuration": "1m0s",
  "ActualQPS": 26513.323698773813,
  "ActualDuration": 60054522703,
  "NumThreads": 9,
  "Version": "1.11.3",
  "DurationHistogram": {
    "Count": 1592245,
    "Min": 0.000073673,
    "Max": 0.0711525,
    "Sum": 540.0142108470023,
    "Avg": 0.0003391527125831781,
    "StdDev": 0.003600408630105663,
    "Data": [
      {
        "Start": 0.000073673,
        "End": 0.001,
        "Percent": 99.65602027326197,
        "Count": 1586768
      },
      {
        "Start": 0.001,
        "End": 0.002,
        "Percent": 99.65859525387111,
        "Count": 41
      },
      {
        "Start": 0.004,
        "End": 0.005,
        "Percent": 99.65878366708641,
        "Count": 3
      },
      {
        "Start": 0.007,
        "End": 0.008,
        "Percent": 99.65903488470681,
        "Count": 4
      },
      {
        "Start": 0.01,
        "End": 0.011,
        "Percent": 99.65928610232721,
        "Count": 4
      },
      {
        "Start": 0.011,
        "End": 0.012,
        "Percent": 99.65934890673232,
        "Count": 1
      },
      {
        "Start": 0.014,
        "End": 0.016,
        "Percent": 99.65953731994762,
        "Count": 3
      },
      {
        "Start": 0.018000000000000002,
        "End": 0.02,
        "Percent": 99.65985134197312,
        "Count": 5
      },
      {
        "Start": 0.02,
        "End": 0.025,
        "Percent": 99.66047938602414,
        "Count": 10
      },
      {
        "Start": 0.025,
        "End": 0.03,
        "Percent": 99.66066779923943,
        "Count": 3
      },
      {
        "Start": 0.03,
        "End": 0.035,
        "Percent": 99.66104462567004,
        "Count": 6
      },
      {
        "Start": 0.035,
        "End": 0.04,
        "Percent": 99.66160986531595,
        "Count": 9
      },
      {
        "Start": 0.04,
        "End": 0.045,
        "Percent": 99.66267754020267,
        "Count": 17
      },
      {
        "Start": 0.045,
        "End": 0.05,
        "Percent": 99.71380032595486,
        "Count": 814
      },
      {
        "Start": 0.05,
        "End": 0.06,
        "Percent": 99.77522303414362,
        "Count": 978
      },
      {
        "Start": 0.06,
        "End": 0.07,
        "Percent": 99.99729941058065,
        "Count": 3536
      },
      {
        "Start": 0.07,
        "End": 0.0711525,
        "Percent": 100,
        "Count": 43
      }
    ],
    "Percentiles": [
      {
        "Percentile": 50,
        "Value": 0.0005384348968194447
      },
      {
        "Percentile": 75,
        "Value": 0.0007708161371204783
      },
      {
        "Percentile": 90,
        "Value": 0.0009102448813010983
      },
      {
        "Percentile": 99,
        "Value": 0.0009939021278094703
      },
      {
        "Percentile": 99.9,
        "Value": 0.06561865101809983
      }
    ]
  },
  "Exactly": 0,
  "Jitter": true,
  "RetCodes": {
    "200": 1592245
  },
  "Sizes": {
    "Count": 1592245,
    "Min": 75,
    "Max": 75,
    "Sum": 119418375,
    "Avg": 75,
    "StdDev": 0,
    "Data": [
      {
        "Start": 75,
        "End": 75,
        "Percent": 100,
        "Count": 1592245
      }
    ],
    "Percentiles": null
  },
  "HeaderSizes": {
    "Count": 1592245,
    "Min": 75,
    "Max": 75,
    "Sum": 119418375,
    "Avg": 75,
    "StdDev": 0,
    "Data": [
      {
        "Start": 75,
        "End": 75,
        "Percent": 100,
        "Count": 1592245
      }
    ],
    "Percentiles": null
  },
  "URL": "http://fortio-server:8080/echo\\?size\\=2048",
  "SocketCount": 9,
  "AbortOn": 0
}
