{
  "RunType": "HTTP",
  "Labels": "2pod-diffnode-nosidecar-1core-conn14-resp1024",
  "StartTime": "2021-03-28T09:07:40.167840461Z",
  "RequestedQPS": "max",
  "RequestedDuration": "1m0s",
  "ActualQPS": 28111.321391667414,
  "ActualDuration": 60054772114,
  "NumThreads": 14,
  "Version": "1.11.3",
  "DurationHistogram": {
    "Count": 1688219,
    "Min": 0.000074715,
    "Max": 0.078724161,
    "Sum": 839.9782432379989,
    "Avg": 0.0004975528904946567,
    "StdDev": 0.004980739764526116,
    "Data": [
      {
        "Start": 0.000074715,
        "End": 0.001,
        "Percent": 99.4959184797707,
        "Count": 1679709
      },
      {
        "Start": 0.001,
        "End": 0.002,
        "Percent": 99.4997686911473,
        "Count": 65
      },
      {
        "Start": 0.002,
        "End": 0.003,
        "Percent": 99.50000562723201,
        "Count": 4
      },
      {
        "Start": 0.004,
        "End": 0.005,
        "Percent": 99.5008941375497,
        "Count": 15
      },
      {
        "Start": 0.007,
        "End": 0.008,
        "Percent": 99.50101260559205,
        "Count": 2
      },
      {
        "Start": 0.008,
        "End": 0.009000000000000001,
        "Percent": 99.50130877569794,
        "Count": 5
      },
      {
        "Start": 0.009000000000000001,
        "End": 0.01,
        "Percent": 99.50160494580383,
        "Count": 5
      },
      {
        "Start": 0.02,
        "End": 0.025,
        "Percent": 99.50243422210033,
        "Count": 14
      },
      {
        "Start": 0.04,
        "End": 0.045,
        "Percent": 99.50302656231212,
        "Count": 10
      },
      {
        "Start": 0.045,
        "End": 0.05,
        "Percent": 99.50314503035447,
        "Count": 2
      },
      {
        "Start": 0.05,
        "End": 0.06,
        "Percent": 99.50355966850272,
        "Count": 7
      },
      {
        "Start": 0.06,
        "End": 0.07,
        "Percent": 99.71384044368651,
        "Count": 3550
      },
      {
        "Start": 0.07,
        "End": 0.078724161,
        "Percent": 100,
        "Count": 4831
      }
    ],
    "Percentiles": [
      {
        "Percentile": 50,
        "Value": 0.0005397011365323615
      },
      {
        "Percentile": 75,
        "Value": 0.0007721944802288553
      },
      {
        "Percentile": 90,
        "Value": 0.0009116904864467515
      },
      {
        "Percentile": 99,
        "Value": 0.0009953880901774892
      },
      {
        "Percentile": 99.9,
        "Value": 0.07567545589562039
      }
    ]
  },
  "Exactly": 0,
  "Jitter": true,
  "RetCodes": {
    "200": 1688219
  },
  "Sizes": {
    "Count": 1688219,
    "Min": 75,
    "Max": 75,
    "Sum": 126616425,
    "Avg": 75,
    "StdDev": 0,
    "Data": [
      {
        "Start": 75,
        "End": 75,
        "Percent": 100,
        "Count": 1688219
      }
    ],
    "Percentiles": null
  },
  "HeaderSizes": {
    "Count": 1688219,
    "Min": 75,
    "Max": 75,
    "Sum": 126616425,
    "Avg": 75,
    "StdDev": 0,
    "Data": [
      {
        "Start": 75,
        "End": 75,
        "Percent": 100,
        "Count": 1688219
      }
    ],
    "Percentiles": null
  },
  "URL": "http://fortio-server:8080/echo\\?size\\=1024",
  "SocketCount": 14,
  "AbortOn": 0
}
