{
  "RunType": "HTTP",
  "Labels": "2pod-diffnode-nosidecar-1core-conn4-resp2048",
  "StartTime": "2021-03-28T09:14:14.864157226Z",
  "RequestedQPS": "max",
  "RequestedDuration": "1m0s",
  "ActualQPS": 13483.610590655471,
  "ActualDuration": 60058320029,
  "NumThreads": 4,
  "Version": "1.11.3",
  "DurationHistogram": {
    "Count": 809803,
    "Min": 0.000073959,
    "Max": 0.06295214,
    "Sum": 240.04663630500124,
    "Avg": 0.0002964259657040061,
    "StdDev": 0.003158794656448321,
    "Data": [
      {
        "Start": 0.000073959,
        "End": 0.001,
        "Percent": 99.70103840069746,
        "Count": 807382
      },
      {
        "Start": 0.001,
        "End": 0.002,
        "Percent": 99.7015323479908,
        "Count": 4
      },
      {
        "Start": 0.002,
        "End": 0.003,
        "Percent": 99.70190280846083,
        "Count": 3
      },
      {
        "Start": 0.01,
        "End": 0.011,
        "Percent": 99.70227326893084,
        "Count": 3
      },
      {
        "Start": 0.011,
        "End": 0.012,
        "Percent": 99.70264372940085,
        "Count": 3
      },
      {
        "Start": 0.012,
        "End": 0.014,
        "Percent": 99.70276721622419,
        "Count": 1
      },
      {
        "Start": 0.016,
        "End": 0.018000000000000002,
        "Percent": 99.70313767669421,
        "Count": 3
      },
      {
        "Start": 0.018000000000000002,
        "End": 0.02,
        "Percent": 99.70363162398756,
        "Count": 4
      },
      {
        "Start": 0.035,
        "End": 0.04,
        "Percent": 99.70412557128091,
        "Count": 4
      },
      {
        "Start": 0.04,
        "End": 0.045,
        "Percent": 99.70449603175094,
        "Count": 3
      },
      {
        "Start": 0.045,
        "End": 0.05,
        "Percent": 99.70486649222094,
        "Count": 3
      },
      {
        "Start": 0.05,
        "End": 0.06,
        "Percent": 99.96295395299845,
        "Count": 2090
      },
      {
        "Start": 0.06,
        "End": 0.06295214,
        "Percent": 100,
        "Count": 300
      }
    ],
    "Percentiles": [
      {
        "Percentile": 50,
        "Value": 0.0005383673325226875
      },
      {
        "Percentile": 75,
        "Value": 0.0007705720722685448
      },
      {
        "Percentile": 90,
        "Value": 0.0009098949161160592
      },
      {
        "Percentile": 99,
        "Value": 0.0009934886224245679
      },
      {
        "Percentile": 99.9,
        "Value": 0.057560751196172454
      }
    ]
  },
  "Exactly": 0,
  "Jitter": true,
  "RetCodes": {
    "200": 809803
  },
  "Sizes": {
    "Count": 809803,
    "Min": 75,
    "Max": 75,
    "Sum": 60735225,
    "Avg": 75,
    "StdDev": 0,
    "Data": [
      {
        "Start": 75,
        "End": 75,
        "Percent": 100,
        "Count": 809803
      }
    ],
    "Percentiles": null
  },
  "HeaderSizes": {
    "Count": 809803,
    "Min": 75,
    "Max": 75,
    "Sum": 60735225,
    "Avg": 75,
    "StdDev": 0,
    "Data": [
      {
        "Start": 75,
        "End": 75,
        "Percent": 100,
        "Count": 809803
      }
    ],
    "Percentiles": null
  },
  "URL": "http://fortio-server:8080/echo\\?size\\=2048",
  "SocketCount": 4,
  "AbortOn": 0
}
