{
  "RunType": "HTTP",
  "Labels": "2pod-diffnode-nosidecar-1core-conn1-resp128",
  "StartTime": "2021-03-28T08:20:03.94242312Z",
  "RequestedQPS": "max",
  "RequestedDuration": "1m0s",
  "ActualQPS": 7531.092743020905,
  "ActualDuration": 60000190599,
  "NumThreads": 1,
  "Version": "1.11.3",
  "DurationHistogram": {
    "Count": 451867,
    "Min": 0.000092141,
    "Max": 0.018210272,
    "Sum": 59.90919643900135,
    "Avg": 0.00013258148180549,
    "StdDev": 0.00043281472863350754,
    "Data": [
      {
        "Start": 0.000092141,
        "End": 0.001,
        "Percent": 99.86655365406193,
        "Count": 451264
      },
      {
        "Start": 0.001,
        "End": 0.002,
        "Percent": 99.86721756623078,
        "Count": 3
      },
      {
        "Start": 0.003,
        "End": 0.004,
        "Percent": 99.8681027824559,
        "Count": 4
      },
      {
        "Start": 0.004,
        "End": 0.005,
        "Percent": 99.86898799868102,
        "Count": 4
      },
      {
        "Start": 0.005,
        "End": 0.006,
        "Percent": 99.86987321490615,
        "Count": 4
      },
      {
        "Start": 0.006,
        "End": 0.007,
        "Percent": 99.87252886358154,
        "Count": 12
      },
      {
        "Start": 0.007,
        "End": 0.008,
        "Percent": 99.87695494470718,
        "Count": 20
      },
      {
        "Start": 0.008,
        "End": 0.009000000000000001,
        "Percent": 99.88492189073334,
        "Count": 36
      },
      {
        "Start": 0.009000000000000001,
        "End": 0.01,
        "Percent": 99.89731491788513,
        "Count": 56
      },
      {
        "Start": 0.01,
        "End": 0.011,
        "Percent": 99.91590445861283,
        "Count": 84
      },
      {
        "Start": 0.011,
        "End": 0.012,
        "Percent": 99.9384774723536,
        "Count": 102
      },
      {
        "Start": 0.012,
        "End": 0.014,
        "Percent": 99.97831220248436,
        "Count": 180
      },
      {
        "Start": 0.014,
        "End": 0.016,
        "Percent": 99.99358218236782,
        "Count": 69
      },
      {
        "Start": 0.016,
        "End": 0.018000000000000002,
        "Percent": 99.99955739188744,
        "Count": 27
      },
      {
        "Start": 0.018000000000000002,
        "End": 0.018210272,
        "Percent": 100,
        "Count": 2
      }
    ],
    "Percentiles": [
      {
        "Percentile": 50,
        "Value": 0.0005466760572005681
      },
      {
        "Percentile": 75,
        "Value": 0.0007739445917098233
      },
      {
        "Percentile": 90,
        "Value": 0.0009103057124153764
      },
      {
        "Percentile": 99,
        "Value": 0.0009921223848387082
      },
      {
        "Percentile": 99.9,
        "Value": 0.010144440476190916
      }
    ]
  },
  "Exactly": 0,
  "Jitter": true,
  "RetCodes": {
    "200": 451867
  },
  "Sizes": {
    "Count": 451867,
    "Min": 75,
    "Max": 75,
    "Sum": 33890025,
    "Avg": 75,
    "StdDev": 0,
    "Data": [
      {
        "Start": 75,
        "End": 75,
        "Percent": 100,
        "Count": 451867
      }
    ],
    "Percentiles": null
  },
  "HeaderSizes": {
    "Count": 451867,
    "Min": 75,
    "Max": 75,
    "Sum": 33890025,
    "Avg": 75,
    "StdDev": 0,
    "Data": [
      {
        "Start": 75,
        "End": 75,
        "Percent": 100,
        "Count": 451867
      }
    ],
    "Percentiles": null
  },
  "URL": "http://fortio-server:8080/echo\\?size\\=128",
  "SocketCount": 1,
  "AbortOn": 0
}
