{
  "RunType": "HTTP",
  "Labels": "2pod-diffnode-nosidecar-1core-conn1-resp2048",
  "StartTime": "2021-03-28T09:11:12.518305419Z",
  "RequestedQPS": "max",
  "RequestedDuration": "1m0s",
  "ActualQPS": 7477.034826479375,
  "ActualDuration": 60000121761,
  "NumThreads": 1,
  "Version": "1.11.3",
  "DurationHistogram": {
    "Count": 448623,
    "Min": 0.000093848,
    "Max": 0.019132123,
    "Sum": 59.90805250999986,
    "Avg": 0.00013353763072780454,
    "StdDev": 0.00041141293802329765,
    "Data": [
      {
        "Start": 0.000093848,
        "End": 0.001,
        "Percent": 99.86692612728282,
        "Count": 448026
      },
      {
        "Start": 0.001,
        "End": 0.002,
        "Percent": 99.86826355313927,
        "Count": 6
      },
      {
        "Start": 0.002,
        "End": 0.003,
        "Percent": 99.86848645744868,
        "Count": 1
      },
      {
        "Start": 0.003,
        "End": 0.004,
        "Percent": 99.86915517037691,
        "Count": 3
      },
      {
        "Start": 0.004,
        "End": 0.005,
        "Percent": 99.87160711778041,
        "Count": 11
      },
      {
        "Start": 0.005,
        "End": 0.006,
        "Percent": 99.8736132565651,
        "Count": 9
      },
      {
        "Start": 0.006,
        "End": 0.007,
        "Percent": 99.8760652039686,
        "Count": 11
      },
      {
        "Start": 0.007,
        "End": 0.008,
        "Percent": 99.88252942894145,
        "Count": 29
      },
      {
        "Start": 0.008,
        "End": 0.009000000000000001,
        "Percent": 99.89345174010249,
        "Count": 49
      },
      {
        "Start": 0.009000000000000001,
        "End": 0.01,
        "Percent": 99.90816342452348,
        "Count": 66
      },
      {
        "Start": 0.01,
        "End": 0.011,
        "Percent": 99.93000804684557,
        "Count": 98
      },
      {
        "Start": 0.011,
        "End": 0.012,
        "Percent": 99.95029233900179,
        "Count": 91
      },
      {
        "Start": 0.012,
        "End": 0.014,
        "Percent": 99.98194475093787,
        "Count": 142
      },
      {
        "Start": 0.014,
        "End": 0.016,
        "Percent": 99.99687933966827,
        "Count": 67
      },
      {
        "Start": 0.016,
        "End": 0.018000000000000002,
        "Percent": 99.99977709569059,
        "Count": 13
      },
      {
        "Start": 0.018000000000000002,
        "End": 0.019132123,
        "Percent": 100,
        "Count": 1
      }
    ],
    "Percentiles": [
      {
        "Percentile": 50,
        "Value": 0.0005475267192589699
      },
      {
        "Percentile": 75,
        "Value": 0.0007743670901623793
      },
      {
        "Percentile": 90,
        "Value": 0.0009104713127044249
      },
      {
        "Percentile": 99,
        "Value": 0.0009921338462296524
      },
      {
        "Percentile": 99.9,
        "Value": 0.009445106060606633
      }
    ]
  },
  "Exactly": 0,
  "Jitter": true,
  "RetCodes": {
    "200": 448623
  },
  "Sizes": {
    "Count": 448623,
    "Min": 75,
    "Max": 75,
    "Sum": 33646725,
    "Avg": 75,
    "StdDev": 0,
    "Data": [
      {
        "Start": 75,
        "End": 75,
        "Percent": 100,
        "Count": 448623
      }
    ],
    "Percentiles": null
  },
  "HeaderSizes": {
    "Count": 448623,
    "Min": 75,
    "Max": 75,
    "Sum": 33646725,
    "Avg": 75,
    "StdDev": 0,
    "Data": [
      {
        "Start": 75,
        "End": 75,
        "Percent": 100,
        "Count": 448623
      }
    ],
    "Percentiles": null
  },
  "URL": "http://fortio-server:8080/echo\\?size\\=2048",
  "SocketCount": 1,
  "AbortOn": 0
}
