{
  "RunType": "HTTP",
  "Labels": "2pod-diffnode-nosidecar-1core-conn2-resp512",
  "StartTime": "2021-03-28T08:38:48.274890581Z",
  "RequestedQPS": "max",
  "RequestedDuration": "1m0s",
  "ActualQPS": 11952.077484676434,
  "ActualDuration": 60000113028,
  "NumThreads": 2,
  "Version": "1.11.3",
  "DurationHistogram": {
    "Count": 717126,
    "Min": 0.000079435,
    "Max": 0.038172891,
    "Sum": 119.8826270910011,
    "Avg": 0.00016717093940395565,
    "StdDev": 0.0012451616531382506,
    "Data": [
      {
        "Start": 0.000079435,
        "End": 0.001,
        "Percent": 99.83168927078366,
        "Count": 715919
      },
      {
        "Start": 0.001,
        "End": 0.002,
        "Percent": 99.83210760731029,
        "Count": 3
      },
      {
        "Start": 0.002,
        "End": 0.003,
        "Percent": 99.83238649832805,
        "Count": 2
      },
      {
        "Start": 0.004,
        "End": 0.005,
        "Percent": 99.8326653893458,
        "Count": 2
      },
      {
        "Start": 0.005,
        "End": 0.006,
        "Percent": 99.83294428036356,
        "Count": 2
      },
      {
        "Start": 0.02,
        "End": 0.025,
        "Percent": 99.84674938574253,
        "Count": 99
      },
      {
        "Start": 0.025,
        "End": 0.03,
        "Percent": 99.89848366953646,
        "Count": 371
      },
      {
        "Start": 0.03,
        "End": 0.035,
        "Percent": 99.99079659641401,
        "Count": 662
      },
      {
        "Start": 0.035,
        "End": 0.038172891,
        "Percent": 100,
        "Count": 66
      }
    ],
    "Percentiles": [
      {
        "Percentile": 50,
        "Value": 0.0005404928690995337
      },
      {
        "Percentile": 75,
        "Value": 0.0007710224465755855
      },
      {
        "Percentile": 90,
        "Value": 0.0009093401930612166
      },
      {
        "Percentile": 99,
        "Value": 0.0009923308409525951
      },
      {
        "Percentile": 99.9,
        "Value": 0.030082129909365582
      }
    ]
  },
  "Exactly": 0,
  "Jitter": true,
  "RetCodes": {
    "200": 717126
  },
  "Sizes": {
    "Count": 717126,
    "Min": 75,
    "Max": 75,
    "Sum": 53784450,
    "Avg": 75,
    "StdDev": 0,
    "Data": [
      {
        "Start": 75,
        "End": 75,
        "Percent": 100,
        "Count": 717126
      }
    ],
    "Percentiles": null
  },
  "HeaderSizes": {
    "Count": 717126,
    "Min": 75,
    "Max": 75,
    "Sum": 53784450,
    "Avg": 75,
    "StdDev": 0,
    "Data": [
      {
        "Start": 75,
        "End": 75,
        "Percent": 100,
        "Count": 717126
      }
    ],
    "Percentiles": null
  },
  "URL": "http://fortio-server:8080/echo\\?size\\=512",
  "SocketCount": 2,
  "AbortOn": 0
}
