{
  "RunType": "HTTP",
  "Labels": "2pod-diffnode-nosidecar-1core-conn15-resp512",
  "StartTime": "2021-03-28T08:51:58.00835831Z",
  "RequestedQPS": "max",
  "RequestedDuration": "1m0s",
  "ActualQPS": 27347.31789728652,
  "ActualDuration": 60034991591,
  "NumThreads": 15,
  "Version": "1.11.3",
  "DurationHistogram": {
    "Count": 1641796,
    "Min": 0.000073598,
    "Max": 0.080959809,
    "Sum": 899.9575372459999,
    "Avg": 0.0005481543000750397,
    "StdDev": 0.005362391908537749,
    "Data": [
      {
        "Start": 0.000073598,
        "End": 0.001,
        "Percent": 99.4452416743615,
        "Count": 1632688
      },
      {
        "Start": 0.001,
        "End": 0.002,
        "Percent": 99.44688621485251,
        "Count": 27
      },
      {
        "Start": 0.002,
        "End": 0.003,
        "Percent": 99.44706894157375,
        "Count": 3
      },
      {
        "Start": 0.005,
        "End": 0.006,
        "Percent": 99.44767803064448,
        "Count": 10
      },
      {
        "Start": 0.009000000000000001,
        "End": 0.01,
        "Percent": 99.44786075736572,
        "Count": 3
      },
      {
        "Start": 0.01,
        "End": 0.011,
        "Percent": 99.44810439299401,
        "Count": 4
      },
      {
        "Start": 0.011,
        "End": 0.012,
        "Percent": 99.44846984643647,
        "Count": 6
      },
      {
        "Start": 0.02,
        "End": 0.025,
        "Percent": 99.44877439097183,
        "Count": 5
      },
      {
        "Start": 0.025,
        "End": 0.03,
        "Percent": 99.44913984441429,
        "Count": 6
      },
      {
        "Start": 0.03,
        "End": 0.035,
        "Percent": 99.45151529179022,
        "Count": 39
      },
      {
        "Start": 0.035,
        "End": 0.04,
        "Percent": 99.45285528774586,
        "Count": 22
      },
      {
        "Start": 0.04,
        "End": 0.045,
        "Percent": 99.45395164807321,
        "Count": 18
      },
      {
        "Start": 0.045,
        "End": 0.05,
        "Percent": 99.45456073714395,
        "Count": 10
      },
      {
        "Start": 0.05,
        "End": 0.06,
        "Percent": 99.4593116318958,
        "Count": 78
      },
      {
        "Start": 0.06,
        "End": 0.07,
        "Percent": 99.63698291383339,
        "Count": 2917
      },
      {
        "Start": 0.07,
        "End": 0.08,
        "Percent": 99.99725909918163,
        "Count": 5915
      },
      {
        "Start": 0.08,
        "End": 0.080959809,
        "Percent": 100,
        "Count": 45
      }
    ],
    "Percentiles": [
      {
        "Percentile": 50,
        "Value": 0.0005393826988393978
      },
      {
        "Percentile": 75,
        "Value": 0.0007722753319638118
      },
      {
        "Percentile": 90,
        "Value": 0.0009120109118384601
      },
      {
        "Percentile": 99,
        "Value": 0.000995852259763249
      },
      {
        "Percentile": 99.9,
        "Value": 0.07730042941673712
      }
    ]
  },
  "Exactly": 0,
  "Jitter": true,
  "RetCodes": {
    "200": 1641796
  },
  "Sizes": {
    "Count": 1641796,
    "Min": 75,
    "Max": 75,
    "Sum": 123134700,
    "Avg": 75,
    "StdDev": 0,
    "Data": [
      {
        "Start": 75,
        "End": 75,
        "Percent": 100,
        "Count": 1641796
      }
    ],
    "Percentiles": null
  },
  "HeaderSizes": {
    "Count": 1641796,
    "Min": 75,
    "Max": 75,
    "Sum": 123134700,
    "Avg": 75,
    "StdDev": 0,
    "Data": [
      {
        "Start": 75,
        "End": 75,
        "Percent": 100,
        "Count": 1641796
      }
    ],
    "Percentiles": null
  },
  "URL": "http://fortio-server:8080/echo\\?size\\=512",
  "SocketCount": 15,
  "AbortOn": 0
}
