{
  "RunType": "HTTP",
  "Labels": "2pod-diffnode-nosidecar-1core-conn4-resp1024",
  "StartTime": "2021-03-28T08:57:31.600606106Z",
  "RequestedQPS": "max",
  "RequestedDuration": "1m0s",
  "ActualQPS": 19824.82045744738,
  "ActualDuration": 60042611864,
  "NumThreads": 4,
  "Version": "1.11.3",
  "DurationHistogram": {
    "Count": 1190334,
    "Min": 0.000076157,
    "Max": 0.056762085,
    "Sum": 239.8600912490012,
    "Avg": 0.00020150654459084692,
    "StdDev": 0.0019630373267649384,
    "Data": [
      {
        "Start": 0.000076157,
        "End": 0.001,
        "Percent": 99.7978718578147,
        "Count": 1187928
      },
      {
        "Start": 0.001,
        "End": 0.002,
        "Percent": 99.7984599280538,
        "Count": 7
      },
      {
        "Start": 0.002,
        "End": 0.003,
        "Percent": 99.79854393808796,
        "Count": 1
      },
      {
        "Start": 0.003,
        "End": 0.004,
        "Percent": 99.79879596819045,
        "Count": 3
      },
      {
        "Start": 0.004,
        "End": 0.005,
        "Percent": 99.79921601836124,
        "Count": 5
      },
      {
        "Start": 0.005,
        "End": 0.006,
        "Percent": 99.80022413877113,
        "Count": 12
      },
      {
        "Start": 0.006,
        "End": 0.007,
        "Percent": 99.80056017890777,
        "Count": 4
      },
      {
        "Start": 0.007,
        "End": 0.008,
        "Percent": 99.80190433945431,
        "Count": 16
      },
      {
        "Start": 0.008,
        "End": 0.009000000000000001,
        "Percent": 99.80408860034242,
        "Count": 26
      },
      {
        "Start": 0.009000000000000001,
        "End": 0.01,
        "Percent": 99.80837311208451,
        "Count": 51
      },
      {
        "Start": 0.01,
        "End": 0.011,
        "Percent": 99.81366574423649,
        "Count": 63
      },
      {
        "Start": 0.011,
        "End": 0.012,
        "Percent": 99.82181471754987,
        "Count": 97
      },
      {
        "Start": 0.012,
        "End": 0.014,
        "Percent": 99.83794464410829,
        "Count": 192
      },
      {
        "Start": 0.014,
        "End": 0.016,
        "Percent": 99.84592559735334,
        "Count": 95
      },
      {
        "Start": 0.016,
        "End": 0.018000000000000002,
        "Percent": 99.84836188834394,
        "Count": 29
      },
      {
        "Start": 0.018000000000000002,
        "End": 0.02,
        "Percent": 99.84869792848058,
        "Count": 4
      },
      {
        "Start": 0.02,
        "End": 0.025,
        "Percent": 99.84878193851473,
        "Count": 1
      },
      {
        "Start": 0.035,
        "End": 0.04,
        "Percent": 99.84886594854889,
        "Count": 1
      },
      {
        "Start": 0.04,
        "End": 0.045,
        "Percent": 99.85054614923206,
        "Count": 20
      },
      {
        "Start": 0.045,
        "End": 0.05,
        "Percent": 99.91809021669548,
        "Count": 804
      },
      {
        "Start": 0.05,
        "End": 0.056762085,
        "Percent": 100,
        "Count": 975
      }
    ],
    "Percentiles": [
      {
        "Percentile": 50,
        "Value": 0.0005390136763260705
      },
      {
        "Percentile": 75,
        "Value": 0.000770442403335811
      },
      {
        "Percentile": 90,
        "Value": 0.0009092996395416553
      },
      {
        "Percentile": 99,
        "Value": 0.000992613981265162
      },
      {
        "Percentile": 99.9,
        "Value": 0.048660858208956125
      }
    ]
  },
  "Exactly": 0,
  "Jitter": true,
  "RetCodes": {
    "200": 1190334
  },
  "Sizes": {
    "Count": 1190334,
    "Min": 75,
    "Max": 75,
    "Sum": 89275050,
    "Avg": 75,
    "StdDev": 0,
    "Data": [
      {
        "Start": 75,
        "End": 75,
        "Percent": 100,
        "Count": 1190334
      }
    ],
    "Percentiles": null
  },
  "HeaderSizes": {
    "Count": 1190334,
    "Min": 75,
    "Max": 75,
    "Sum": 89275050,
    "Avg": 75,
    "StdDev": 0,
    "Data": [
      {
        "Start": 75,
        "End": 75,
        "Percent": 100,
        "Count": 1190334
      }
    ],
    "Percentiles": null
  },
  "URL": "http://fortio-server:8080/echo\\?size\\=1024",
  "SocketCount": 4,
  "AbortOn": 0
}
