{
  "RunType": "HTTP",
  "Labels": "2pod-diffnode-nosidecar-1core-conn15-resp1024",
  "StartTime": "2021-03-28T09:08:41.01209003Z",
  "RequestedQPS": "max",
  "RequestedDuration": "1m0s",
  "ActualQPS": 28131.49070421852,
  "ActualDuration": 60031088212,
  "NumThreads": 15,
  "Version": "1.11.3",
  "DurationHistogram": {
    "Count": 1688764,
    "Min": 0.000074654,
    "Max": 0.077229727,
    "Sum": 899.8311426189995,
    "Avg": 0.0005328341571818202,
    "StdDev": 0.005241962086530673,
    "Data": [
      {
        "Start": 0.000074654,
        "End": 0.001,
        "Percent": 99.45948634622718,
        "Count": 1679636
      },
      {
        "Start": 0.001,
        "End": 0.002,
        "Percent": 99.46096671885473,
        "Count": 25
      },
      {
        "Start": 0.003,
        "End": 0.004,
        "Percent": 99.46126279338024,
        "Count": 5
      },
      {
        "Start": 0.004,
        "End": 0.005,
        "Percent": 99.46191415733637,
        "Count": 11
      },
      {
        "Start": 0.006,
        "End": 0.007,
        "Percent": 99.46238787657718,
        "Count": 8
      },
      {
        "Start": 0.007,
        "End": 0.008,
        "Percent": 99.46286159581801,
        "Count": 8
      },
      {
        "Start": 0.011,
        "End": 0.012,
        "Percent": 99.46327610015372,
        "Count": 7
      },
      {
        "Start": 0.012,
        "End": 0.014,
        "Percent": 99.46339452996392,
        "Count": 2
      },
      {
        "Start": 0.016,
        "End": 0.018000000000000002,
        "Percent": 99.46357217467923,
        "Count": 3
      },
      {
        "Start": 0.018000000000000002,
        "End": 0.02,
        "Percent": 99.46398667901495,
        "Count": 7
      },
      {
        "Start": 0.02,
        "End": 0.025,
        "Percent": 99.46493411749658,
        "Count": 16
      },
      {
        "Start": 0.025,
        "End": 0.03,
        "Percent": 99.46576312616801,
        "Count": 14
      },
      {
        "Start": 0.03,
        "End": 0.035,
        "Percent": 99.46706585408026,
        "Count": 22
      },
      {
        "Start": 0.035,
        "End": 0.04,
        "Percent": 99.46789486275169,
        "Count": 14
      },
      {
        "Start": 0.04,
        "End": 0.045,
        "Percent": 99.46878308632823,
        "Count": 15
      },
      {
        "Start": 0.05,
        "End": 0.06,
        "Percent": 99.47127011234252,
        "Count": 42
      },
      {
        "Start": 0.06,
        "End": 0.07,
        "Percent": 99.53670258248044,
        "Count": 1105
      },
      {
        "Start": 0.07,
        "End": 0.077229727,
        "Percent": 100,
        "Count": 7824
      }
    ],
    "Percentiles": [
      {
        "Percentile": 50,
        "Value": 0.0005398411274568582
      },
      {
        "Percentile": 75,
        "Value": 0.0007724349666457296
      },
      {
        "Percentile": 90,
        "Value": 0.0009119912701590525
      },
      {
        "Percentile": 99,
        "Value": 0.0009957250522670462
      },
      {
        "Percentile": 99.9,
        "Value": 0.07566923330273168
      }
    ]
  },
  "Exactly": 0,
  "Jitter": true,
  "RetCodes": {
    "200": 1688764
  },
  "Sizes": {
    "Count": 1688764,
    "Min": 75,
    "Max": 75,
    "Sum": 126657300,
    "Avg": 75,
    "StdDev": 0,
    "Data": [
      {
        "Start": 75,
        "End": 75,
        "Percent": 100,
        "Count": 1688764
      }
    ],
    "Percentiles": null
  },
  "HeaderSizes": {
    "Count": 1688764,
    "Min": 75,
    "Max": 75,
    "Sum": 126657300,
    "Avg": 75,
    "StdDev": 0,
    "Data": [
      {
        "Start": 75,
        "End": 75,
        "Percent": 100,
        "Count": 1688764
      }
    ],
    "Percentiles": null
  },
  "URL": "http://fortio-server:8080/echo\\?size\\=1024",
  "SocketCount": 15,
  "AbortOn": 0
}
