{
  "RunType": "HTTP",
  "Labels": "2pod-diffnode-nosidecar-1core-conn14-resp2048",
  "StartTime": "2021-03-28T09:24:23.075766712Z",
  "RequestedQPS": "max",
  "RequestedDuration": "1m0s",
  "ActualQPS": 28214.94708033047,
  "ActualDuration": 60067275518,
  "NumThreads": 14,
  "Version": "1.11.3",
  "DurationHistogram": {
    "Count": 1694795,
    "Min": 0.000073792,
    "Max": 0.077852606,
    "Sum": 840.3457275320006,
    "Avg": 0.0004958391590322137,
    "StdDev": 0.004958371643542023,
    "Data": [
      {
        "Start": 0.000073792,
        "End": 0.001,
        "Percent": 99.49557321091932,
        "Count": 1686246
      },
      {
        "Start": 0.001,
        "End": 0.002,
        "Percent": 99.49952649140457,
        "Count": 67
      },
      {
        "Start": 0.002,
        "End": 0.003,
        "Percent": 99.49999852489535,
        "Count": 8
      },
      {
        "Start": 0.003,
        "End": 0.004,
        "Percent": 99.50011653326804,
        "Count": 2
      },
      {
        "Start": 0.004,
        "End": 0.005,
        "Percent": 99.50047055838611,
        "Count": 6
      },
      {
        "Start": 0.006,
        "End": 0.007,
        "Percent": 99.50064757094516,
        "Count": 3
      },
      {
        "Start": 0.007,
        "End": 0.008,
        "Percent": 99.50111960443593,
        "Count": 8
      },
      {
        "Start": 0.008,
        "End": 0.009000000000000001,
        "Percent": 99.50147362955401,
        "Count": 6
      },
      {
        "Start": 0.011,
        "End": 0.012,
        "Percent": 99.5018276546721,
        "Count": 6
      },
      {
        "Start": 0.012,
        "End": 0.014,
        "Percent": 99.50218167979018,
        "Count": 6
      },
      {
        "Start": 0.014,
        "End": 0.016,
        "Percent": 99.50259470909461,
        "Count": 7
      },
      {
        "Start": 0.025,
        "End": 0.03,
        "Percent": 99.50336176351712,
        "Count": 13
      },
      {
        "Start": 0.03,
        "End": 0.035,
        "Percent": 99.50342076770347,
        "Count": 1
      },
      {
        "Start": 0.035,
        "End": 0.04,
        "Percent": 99.50519089329389,
        "Count": 30
      },
      {
        "Start": 0.045,
        "End": 0.05,
        "Percent": 99.50566292678465,
        "Count": 8
      },
      {
        "Start": 0.05,
        "End": 0.06,
        "Percent": 99.50743305237506,
        "Count": 30
      },
      {
        "Start": 0.06,
        "End": 0.07,
        "Percent": 99.71707492646603,
        "Count": 3553
      },
      {
        "Start": 0.07,
        "End": 0.077852606,
        "Percent": 100,
        "Count": 4795
      }
    ],
    "Percentiles": [
      {
        "Percentile": 50,
        "Value": 0.0005392435906478596
      },
      {
        "Percentile": 75,
        "Value": 0.0007719696606080374
      },
      {
        "Percentile": 90,
        "Value": 0.0009116053025841441
      },
      {
        "Percentile": 99,
        "Value": 0.000995386687769808
      },
      {
        "Percentile": 99.9,
        "Value": 0.07507709872455288
      }
    ]
  },
  "Exactly": 0,
  "Jitter": true,
  "RetCodes": {
    "200": 1694795
  },
  "Sizes": {
    "Count": 1694795,
    "Min": 75,
    "Max": 75,
    "Sum": 127109625,
    "Avg": 75,
    "StdDev": 0,
    "Data": [
      {
        "Start": 75,
        "End": 75,
        "Percent": 100,
        "Count": 1694795
      }
    ],
    "Percentiles": null
  },
  "HeaderSizes": {
    "Count": 1694795,
    "Min": 75,
    "Max": 75,
    "Sum": 127109625,
    "Avg": 75,
    "StdDev": 0,
    "Data": [
      {
        "Start": 75,
        "End": 75,
        "Percent": 100,
        "Count": 1694795
      }
    ],
    "Percentiles": null
  },
  "URL": "http://fortio-server:8080/echo\\?size\\=2048",
  "SocketCount": 14,
  "AbortOn": 0
}
