{
  "RunType": "HTTP",
  "Labels": "2pod-diffnode-nosidecar-1core-conn12-resp2048",
  "StartTime": "2021-03-28T09:22:21.250353186Z",
  "RequestedQPS": "max",
  "RequestedDuration": "1m0s",
  "ActualQPS": 28403.86433513949,
  "ActualDuration": 60000145751,
  "NumThreads": 12,
  "Version": "1.11.3",
  "DurationHistogram": {
    "Count": 1704236,
    "Min": 0.000071594,
    "Max": 0.071307422,
    "Sum": 719.5382293949968,
    "Avg": 0.00042220574462398214,
    "StdDev": 0.004363755488528847,
    "Data": [
      {
        "Start": 0.000071594,
        "End": 0.001,
        "Percent": 99.57412001624188,
        "Count": 1696978
      },
      {
        "Start": 0.001,
        "End": 0.002,
        "Percent": 99.57535223994799,
        "Count": 21
      },
      {
        "Start": 0.004,
        "End": 0.005,
        "Percent": 99.57564562654468,
        "Count": 5
      },
      {
        "Start": 0.005,
        "End": 0.006,
        "Percent": 99.57570430386401,
        "Count": 1
      },
      {
        "Start": 0.006,
        "End": 0.007,
        "Percent": 99.57588033582203,
        "Count": 3
      },
      {
        "Start": 0.007,
        "End": 0.008,
        "Percent": 99.57623239973806,
        "Count": 6
      },
      {
        "Start": 0.008,
        "End": 0.009000000000000001,
        "Percent": 99.57646710901541,
        "Count": 4
      },
      {
        "Start": 0.009000000000000001,
        "End": 0.01,
        "Percent": 99.57717123684748,
        "Count": 12
      },
      {
        "Start": 0.011,
        "End": 0.012,
        "Percent": 99.5775233007635,
        "Count": 6
      },
      {
        "Start": 0.025,
        "End": 0.03,
        "Percent": 99.57787536467954,
        "Count": 6
      },
      {
        "Start": 0.045,
        "End": 0.05,
        "Percent": 99.57822742859557,
        "Count": 6
      },
      {
        "Start": 0.05,
        "End": 0.06,
        "Percent": 99.579342297663,
        "Count": 19
      },
      {
        "Start": 0.06,
        "End": 0.07,
        "Percent": 99.9937215268308,
        "Count": 7062
      },
      {
        "Start": 0.07,
        "End": 0.071307422,
        "Percent": 100,
        "Count": 107
      }
    ],
    "Percentiles": [
      {
        "Percentile": 50,
        "Value": 0.0005377821307183304
      },
      {
        "Percentile": 75,
        "Value": 0.0007708764696245147
      },
      {
        "Percentile": 90,
        "Value": 0.0009107330729682254
      },
      {
        "Percentile": 99,
        "Value": 0.0009946470349744517
      },
      {
        "Percentile": 99.9,
        "Value": 0.06773826677994904
      }
    ]
  },
  "Exactly": 0,
  "Jitter": true,
  "RetCodes": {
    "200": 1704236
  },
  "Sizes": {
    "Count": 1704236,
    "Min": 75,
    "Max": 75,
    "Sum": 127817700,
    "Avg": 75,
    "StdDev": 0,
    "Data": [
      {
        "Start": 75,
        "End": 75,
        "Percent": 100,
        "Count": 1704236
      }
    ],
    "Percentiles": null
  },
  "HeaderSizes": {
    "Count": 1704236,
    "Min": 75,
    "Max": 75,
    "Sum": 127817700,
    "Avg": 75,
    "StdDev": 0,
    "Data": [
      {
        "Start": 75,
        "End": 75,
        "Percent": 100,
        "Count": 1704236
      }
    ],
    "Percentiles": null
  },
  "URL": "http://fortio-server:8080/echo\\?size\\=2048",
  "SocketCount": 12,
  "AbortOn": 0
}
