{
  "RunType": "HTTP",
  "Labels": "2pod-diffnode-nosidecar-1core-conn9-resp128",
  "StartTime": "2021-03-28T08:28:10.413013085Z",
  "RequestedQPS": "max",
  "RequestedDuration": "1m0s",
  "ActualQPS": 27577.061795450343,
  "ActualDuration": 60030071814,
  "NumThreads": 9,
  "Version": "1.11.3",
  "DurationHistogram": {
    "Count": 1655453,
    "Min": 0.000073316,
    "Max": 0.069666083,
    "Sum": 539.7461098090023,
    "Avg": 0.0003260413372104205,
    "StdDev": 0.003443686562545469,
    "Data": [
      {
        "Start": 0.000073316,
        "End": 0.001,
        "Percent": 99.66867075054381,
        "Count": 1649968
      },
      {
        "Start": 0.001,
        "End": 0.002,
        "Percent": 99.66999969192723,
        "Count": 22
      },
      {
        "Start": 0.002,
        "End": 0.003,
        "Percent": 99.67193269757583,
        "Count": 32
      },
      {
        "Start": 0.003,
        "End": 0.004,
        "Percent": 99.67211391685538,
        "Count": 3
      },
      {
        "Start": 0.005,
        "End": 0.006,
        "Percent": 99.67241594898798,
        "Count": 5
      },
      {
        "Start": 0.01,
        "End": 0.011,
        "Percent": 99.67253676184102,
        "Count": 2
      },
      {
        "Start": 0.011,
        "End": 0.012,
        "Percent": 99.67271798112057,
        "Count": 3
      },
      {
        "Start": 0.016,
        "End": 0.018000000000000002,
        "Percent": 99.67295960682665,
        "Count": 4
      },
      {
        "Start": 0.02,
        "End": 0.025,
        "Percent": 99.67326163895925,
        "Count": 5
      },
      {
        "Start": 0.025,
        "End": 0.03,
        "Percent": 99.67350326466533,
        "Count": 4
      },
      {
        "Start": 0.03,
        "End": 0.035,
        "Percent": 99.67434895463659,
        "Count": 14
      },
      {
        "Start": 0.04,
        "End": 0.045,
        "Percent": 99.67489261247526,
        "Count": 9
      },
      {
        "Start": 0.05,
        "End": 0.06,
        "Percent": 99.81551877341127,
        "Count": 2328
      },
      {
        "Start": 0.06,
        "End": 0.069666083,
        "Percent": 100,
        "Count": 3054
      }
    ],
    "Percentiles": [
      {
        "Percentile": 50,
        "Value": 0.0005381980111202224
      },
      {
        "Percentile": 75,
        "Value": 0.0007706392974992833
      },
      {
        "Percentile": 90,
        "Value": 0.0009101040693267198
      },
      {
        "Percentile": 99,
        "Value": 0.0009937829324231818
      },
      {
        "Percentile": 99.9,
        "Value": 0.06442648047852047
      }
    ]
  },
  "Exactly": 0,
  "Jitter": true,
  "RetCodes": {
    "200": 1655453
  },
  "Sizes": {
    "Count": 1655453,
    "Min": 75,
    "Max": 75,
    "Sum": 124158975,
    "Avg": 75,
    "StdDev": 0,
    "Data": [
      {
        "Start": 75,
        "End": 75,
        "Percent": 100,
        "Count": 1655453
      }
    ],
    "Percentiles": null
  },
  "HeaderSizes": {
    "Count": 1655453,
    "Min": 75,
    "Max": 75,
    "Sum": 124158975,
    "Avg": 75,
    "StdDev": 0,
    "Data": [
      {
        "Start": 75,
        "End": 75,
        "Percent": 100,
        "Count": 1655453
      }
    ],
    "Percentiles": null
  },
  "URL": "http://fortio-server:8080/echo\\?size\\=128",
  "SocketCount": 9,
  "AbortOn": 0
}
