{
  "RunType": "HTTP",
  "Labels": "2pod-diffnode-nosidecar-1core-conn3-resp128",
  "StartTime": "2021-03-28T08:22:05.800153699Z",
  "RequestedQPS": "max",
  "RequestedDuration": "1m0s",
  "ActualQPS": 19202.76546665315,
  "ActualDuration": 60000159977,
  "NumThreads": 3,
  "Version": "1.11.3",
  "DurationHistogram": {
    "Count": 1152169,
    "Min": 0.000076702,
    "Max": 0.039990452,
    "Sum": 179.75651741499917,
    "Avg": 0.0001560157558613356,
    "StdDev": 0.0010654065782500063,
    "Data": [
      {
        "Start": 0.000076702,
        "End": 0.001,
        "Percent": 99.84394650437567,
        "Count": 1150371
      },
      {
        "Start": 0.001,
        "End": 0.002,
        "Percent": 99.8443804684903,
        "Count": 5
      },
      {
        "Start": 0.002,
        "End": 0.003,
        "Percent": 99.84446726131323,
        "Count": 1
      },
      {
        "Start": 0.003,
        "End": 0.004,
        "Percent": 99.84455405413615,
        "Count": 1
      },
      {
        "Start": 0.004,
        "End": 0.005,
        "Percent": 99.84481443260493,
        "Count": 3
      },
      {
        "Start": 0.005,
        "End": 0.006,
        "Percent": 99.84524839671958,
        "Count": 5
      },
      {
        "Start": 0.006,
        "End": 0.007,
        "Percent": 99.84602953212593,
        "Count": 9
      },
      {
        "Start": 0.007,
        "End": 0.008,
        "Percent": 99.84724463164692,
        "Count": 14
      },
      {
        "Start": 0.008,
        "End": 0.009000000000000001,
        "Percent": 99.8502823804494,
        "Count": 35
      },
      {
        "Start": 0.009000000000000001,
        "End": 0.01,
        "Percent": 99.85453522877286,
        "Count": 49
      },
      {
        "Start": 0.01,
        "End": 0.011,
        "Percent": 99.86069751920074,
        "Count": 71
      },
      {
        "Start": 0.011,
        "End": 0.012,
        "Percent": 99.8689428373789,
        "Count": 95
      },
      {
        "Start": 0.012,
        "End": 0.014,
        "Percent": 99.88465233832883,
        "Count": 181
      },
      {
        "Start": 0.014,
        "End": 0.016,
        "Percent": 99.89237689956943,
        "Count": 89
      },
      {
        "Start": 0.016,
        "End": 0.018000000000000002,
        "Percent": 99.89558823401775,
        "Count": 37
      },
      {
        "Start": 0.018000000000000002,
        "End": 0.02,
        "Percent": 99.89593540530946,
        "Count": 4
      },
      {
        "Start": 0.02,
        "End": 0.025,
        "Percent": 99.8979316402368,
        "Count": 23
      },
      {
        "Start": 0.025,
        "End": 0.03,
        "Percent": 99.91893550338536,
        "Count": 242
      },
      {
        "Start": 0.03,
        "End": 0.035,
        "Percent": 99.98828296890474,
        "Count": 799
      },
      {
        "Start": 0.035,
        "End": 0.039990452,
        "Percent": 100,
        "Count": 135
      }
    ],
    "Percentiles": [
      {
        "Percentile": 50,
        "Value": 0.0005390721447212635
      },
      {
        "Percentile": 75,
        "Value": 0.0007702576183866929
      },
      {
        "Percentile": 90,
        "Value": 0.0009089689025859505
      },
      {
        "Percentile": 99,
        "Value": 0.0009921956731055051
      },
      {
        "Percentile": 99.9,
        "Value": 0.025492376033059146
      }
    ]
  },
  "Exactly": 0,
  "Jitter": true,
  "RetCodes": {
    "200": 1152169
  },
  "Sizes": {
    "Count": 1152169,
    "Min": 75,
    "Max": 75,
    "Sum": 86412675,
    "Avg": 75,
    "StdDev": 0,
    "Data": [
      {
        "Start": 75,
        "End": 75,
        "Percent": 100,
        "Count": 1152169
      }
    ],
    "Percentiles": null
  },
  "HeaderSizes": {
    "Count": 1152169,
    "Min": 75,
    "Max": 75,
    "Sum": 86412675,
    "Avg": 75,
    "StdDev": 0,
    "Data": [
      {
        "Start": 75,
        "End": 75,
        "Percent": 100,
        "Count": 1152169
      }
    ],
    "Percentiles": null
  },
  "URL": "http://fortio-server:8080/echo\\?size\\=128",
  "SocketCount": 3,
  "AbortOn": 0
}
