{
  "RunType": "HTTP",
  "Labels": "2pod-diffnode-nosidecar-1core-conn7-resp512",
  "StartTime": "2021-03-28T08:43:51.877877538Z",
  "RequestedQPS": "max",
  "RequestedDuration": "1m0s",
  "ActualQPS": 25750.258281995102,
  "ActualDuration": 60044601614,
  "NumThreads": 7,
  "Version": "1.11.3",
  "DurationHistogram": {
    "Count": 1546164,
    "Min": 0.00007302,
    "Max": 0.06860645,
    "Sum": 419.87193227299935,
    "Avg": 0.0002715571778110209,
    "StdDev": 0.0029144995383098777,
    "Data": [
      {
        "Start": 0.00007302,
        "End": 0.001,
        "Percent": 99.72635503090228,
        "Count": 1541933
      },
      {
        "Start": 0.001,
        "End": 0.002,
        "Percent": 99.72745452616928,
        "Count": 17
      },
      {
        "Start": 0.004,
        "End": 0.005,
        "Percent": 99.72764855474581,
        "Count": 3
      },
      {
        "Start": 0.005,
        "End": 0.006,
        "Percent": 99.72790725951451,
        "Count": 4
      },
      {
        "Start": 0.006,
        "End": 0.007,
        "Percent": 99.72797193570669,
        "Count": 1
      },
      {
        "Start": 0.008,
        "End": 0.009000000000000001,
        "Percent": 99.72816596428322,
        "Count": 3
      },
      {
        "Start": 0.02,
        "End": 0.025,
        "Percent": 99.73010625004851,
        "Count": 30
      },
      {
        "Start": 0.025,
        "End": 0.03,
        "Percent": 99.74498177424904,
        "Count": 230
      },
      {
        "Start": 0.03,
        "End": 0.035,
        "Percent": 99.79614064226045,
        "Count": 791
      },
      {
        "Start": 0.035,
        "End": 0.04,
        "Percent": 99.80616545204778,
        "Count": 155
      },
      {
        "Start": 0.04,
        "End": 0.045,
        "Percent": 99.80629480443213,
        "Count": 2
      },
      {
        "Start": 0.05,
        "End": 0.06,
        "Percent": 99.80875249973482,
        "Count": 38
      },
      {
        "Start": 0.06,
        "End": 0.06860645,
        "Percent": 100,
        "Count": 2957
      }
    ],
    "Percentiles": [
      {
        "Percentile": 50,
        "Value": 0.0005377814975109148
      },
      {
        "Percentile": 75,
        "Value": 0.0007701625468568004
      },
      {
        "Percentile": 90,
        "Value": 0.0009095911764643317
      },
      {
        "Percentile": 99,
        "Value": 0.0009932483542288504
      },
      {
        "Percentile": 99.9,
        "Value": 0.06410628660541126
      }
    ]
  },
  "Exactly": 0,
  "Jitter": true,
  "RetCodes": {
    "200": 1546164
  },
  "Sizes": {
    "Count": 1546164,
    "Min": 75,
    "Max": 75,
    "Sum": 115962300,
    "Avg": 75,
    "StdDev": 0,
    "Data": [
      {
        "Start": 75,
        "End": 75,
        "Percent": 100,
        "Count": 1546164
      }
    ],
    "Percentiles": null
  },
  "HeaderSizes": {
    "Count": 1546164,
    "Min": 75,
    "Max": 75,
    "Sum": 115962300,
    "Avg": 75,
    "StdDev": 0,
    "Data": [
      {
        "Start": 75,
        "End": 75,
        "Percent": 100,
        "Count": 1546164
      }
    ],
    "Percentiles": null
  },
  "URL": "http://fortio-server:8080/echo\\?size\\=512",
  "SocketCount": 7,
  "AbortOn": 0
}
