{
  "RunType": "HTTP",
  "Labels": "2pod-diffnode-nosidecar-1core-conn4-resp32",
  "StartTime": "2021-03-28T08:07:25.304772565Z",
  "RequestedQPS": "max",
  "RequestedDuration": "1m0s",
  "ActualQPS": 23621.1594691496,
  "ActualDuration": 60017587276,
  "NumThreads": 4,
  "Version": "1.11.3",
  "DurationHistogram": {
    "Count": 1417685,
    "Min": 0.000074263,
    "Max": 0.03870334,
    "Sum": 239.7344629639989,
    "Avg": 0.00016910277174689647,
    "StdDev": 0.001300641917903314,
    "Data": [
      {
        "Start": 0.000074263,
        "End": 0.001,
        "Percent": 99.83063938745208,
        "Count": 1415284
      },
      {
        "Start": 0.001,
        "End": 0.002,
        "Percent": 99.83085100004585,
        "Count": 3
      },
      {
        "Start": 0.02,
        "End": 0.025,
        "Percent": 99.83564755217132,
        "Count": 68
      },
      {
        "Start": 0.025,
        "End": 0.03,
        "Percent": 99.87169223064362,
        "Count": 511
      },
      {
        "Start": 0.03,
        "End": 0.035,
        "Percent": 99.98405851793594,
        "Count": 1593
      },
      {
        "Start": 0.035,
        "End": 0.03870334,
        "Percent": 100,
        "Count": 226
      }
    ],
    "Percentiles": [
      {
        "Percentile": 50,
        "Value": 0.0005379164203304216
      },
      {
        "Percentile": 75,
        "Value": 0.00076974345754577
      },
      {
        "Percentile": 90,
        "Value": 0.0009088396798749791
      },
      {
        "Percentile": 99,
        "Value": 0.0009922974132725046
      },
      {
        "Percentile": 99.9,
        "Value": 0.03125962021343405
      }
    ]
  },
  "Exactly": 0,
  "Jitter": true,
  "RetCodes": {
    "200": 1417685
  },
  "Sizes": {
    "Count": 1417685,
    "Min": 75,
    "Max": 75,
    "Sum": 106326375,
    "Avg": 75,
    "StdDev": 8.201818816729013e-7,
    "Data": [
      {
        "Start": 75,
        "End": 75,
        "Percent": 100,
        "Count": 1417685
      }
    ],
    "Percentiles": null
  },
  "HeaderSizes": {
    "Count": 1417685,
    "Min": 75,
    "Max": 75,
    "Sum": 106326375,
    "Avg": 75,
    "StdDev": 8.201818816729013e-7,
    "Data": [
      {
        "Start": 75,
        "End": 75,
        "Percent": 100,
        "Count": 1417685
      }
    ],
    "Percentiles": null
  },
  "URL": "http://fortio-server:8080/echo\\?size\\=32",
  "SocketCount": 4,
  "AbortOn": 0
}
