{
  "RunType": "HTTP",
  "Labels": "2pod-diffnode-nosidecar-1core-conn3-resp2048",
  "StartTime": "2021-03-28T09:13:14.239896892Z",
  "RequestedQPS": "max",
  "RequestedDuration": "1m0s",
  "ActualQPS": 19007.57983145377,
  "ActualDuration": 60003115079,
  "NumThreads": 3,
  "Version": "1.11.3",
  "DurationHistogram": {
    "Count": 1140514,
    "Min": 0.000076823,
    "Max": 0.041485541,
    "Sum": 179.7734313510008,
    "Avg": 0.00015762492293036368,
    "StdDev": 0.0011059024945275794,
    "Data": [
      {
        "Start": 0.000076823,
        "End": 0.001,
        "Percent": 99.84200106267876,
        "Count": 1138712
      },
      {
        "Start": 0.001,
        "End": 0.002,
        "Percent": 99.84217642220963,
        "Count": 2
      },
      {
        "Start": 0.002,
        "End": 0.003,
        "Percent": 99.84226410197508,
        "Count": 1
      },
      {
        "Start": 0.003,
        "End": 0.004,
        "Percent": 99.84243946150595,
        "Count": 2
      },
      {
        "Start": 0.004,
        "End": 0.005,
        "Percent": 99.84270250080228,
        "Count": 3
      },
      {
        "Start": 0.005,
        "End": 0.006,
        "Percent": 99.84331625916035,
        "Count": 7
      },
      {
        "Start": 0.006,
        "End": 0.007,
        "Percent": 99.84419305681473,
        "Count": 10
      },
      {
        "Start": 0.007,
        "End": 0.008,
        "Percent": 99.84577129259264,
        "Count": 18
      },
      {
        "Start": 0.008,
        "End": 0.009000000000000001,
        "Percent": 99.84892776414844,
        "Count": 36
      },
      {
        "Start": 0.009000000000000001,
        "End": 0.01,
        "Percent": 99.8537501512476,
        "Count": 55
      },
      {
        "Start": 0.01,
        "End": 0.011,
        "Percent": 99.85988773482833,
        "Count": 70
      },
      {
        "Start": 0.011,
        "End": 0.012,
        "Percent": 99.8669897958289,
        "Count": 81
      },
      {
        "Start": 0.012,
        "End": 0.014,
        "Percent": 99.88417502985496,
        "Count": 196
      },
      {
        "Start": 0.014,
        "End": 0.016,
        "Percent": 99.89241692780624,
        "Count": 94
      },
      {
        "Start": 0.016,
        "End": 0.018000000000000002,
        "Percent": 99.8943458826459,
        "Count": 22
      },
      {
        "Start": 0.018000000000000002,
        "End": 0.02,
        "Percent": 99.89495964100396,
        "Count": 7
      },
      {
        "Start": 0.02,
        "End": 0.025,
        "Percent": 99.89531036006572,
        "Count": 4
      },
      {
        "Start": 0.025,
        "End": 0.03,
        "Percent": 99.90951448206685,
        "Count": 162
      },
      {
        "Start": 0.03,
        "End": 0.035,
        "Percent": 99.97492358708442,
        "Count": 746
      },
      {
        "Start": 0.035,
        "End": 0.04,
        "Percent": 99.99973696070369,
        "Count": 283
      },
      {
        "Start": 0.04,
        "End": 0.041485541,
        "Percent": 100,
        "Count": 3
      }
    ],
    "Percentiles": [
      {
        "Percentile": 50,
        "Value": 0.0005391415543232656
      },
      {
        "Percentile": 75,
        "Value": 0.0007703012368454332
      },
      {
        "Percentile": 90,
        "Value": 0.0009089970463587338
      },
      {
        "Percentile": 99,
        "Value": 0.000992214532066714
      },
      {
        "Percentile": 99.9,
        "Value": 0.026650802469139017
      }
    ]
  },
  "Exactly": 0,
  "Jitter": true,
  "RetCodes": {
    "200": 1140514
  },
  "Sizes": {
    "Count": 1140514,
    "Min": 75,
    "Max": 75,
    "Sum": 85538550,
    "Avg": 75,
    "StdDev": 0,
    "Data": [
      {
        "Start": 75,
        "End": 75,
        "Percent": 100,
        "Count": 1140514
      }
    ],
    "Percentiles": null
  },
  "HeaderSizes": {
    "Count": 1140514,
    "Min": 75,
    "Max": 75,
    "Sum": 85538550,
    "Avg": 75,
    "StdDev": 0,
    "Data": [
      {
        "Start": 75,
        "End": 75,
        "Percent": 100,
        "Count": 1140514
      }
    ],
    "Percentiles": null
  },
  "URL": "http://fortio-server:8080/echo\\?size\\=2048",
  "SocketCount": 3,
  "AbortOn": 0
}
