{
  "RunType": "HTTP",
  "Labels": "2pod-diffnode-nosidecar-1core-conn7-resp128",
  "StartTime": "2021-03-28T08:26:08.787886401Z",
  "RequestedQPS": "max",
  "RequestedDuration": "1m0s",
  "ActualQPS": 25808.42535948808,
  "ActualDuration": 60055426800,
  "NumThreads": 7,
  "Version": "1.11.3",
  "DurationHistogram": {
    "Count": 1549936,
    "Min": 0.000073989,
    "Max": 0.062592939,
    "Sum": 419.9426851859987,
    "Avg": 0.00027094195191672347,
    "StdDev": 0.002831423372361836,
    "Data": [
      {
        "Start": 0.000073989,
        "End": 0.001,
        "Percent": 99.72527897926108,
        "Count": 1545678
      },
      {
        "Start": 0.001,
        "End": 0.002,
        "Percent": 99.72637579874265,
        "Count": 17
      },
      {
        "Start": 0.002,
        "End": 0.003,
        "Percent": 99.72689194908693,
        "Count": 8
      },
      {
        "Start": 0.003,
        "End": 0.004,
        "Percent": 99.727020986673,
        "Count": 2
      },
      {
        "Start": 0.004,
        "End": 0.005,
        "Percent": 99.72734358063816,
        "Count": 5
      },
      {
        "Start": 0.006,
        "End": 0.007,
        "Percent": 99.7276016558103,
        "Count": 4
      },
      {
        "Start": 0.008,
        "End": 0.009000000000000001,
        "Percent": 99.7277952121894,
        "Count": 3
      },
      {
        "Start": 0.009000000000000001,
        "End": 0.01,
        "Percent": 99.72805328736155,
        "Count": 4
      },
      {
        "Start": 0.014,
        "End": 0.016,
        "Percent": 99.72831136253367,
        "Count": 4
      },
      {
        "Start": 0.018000000000000002,
        "End": 0.02,
        "Percent": 99.72876299408492,
        "Count": 7
      },
      {
        "Start": 0.02,
        "End": 0.025,
        "Percent": 99.72902106925706,
        "Count": 4
      },
      {
        "Start": 0.03,
        "End": 0.035,
        "Percent": 99.72947270080829,
        "Count": 7
      },
      {
        "Start": 0.035,
        "End": 0.04,
        "Percent": 99.72973077598043,
        "Count": 4
      },
      {
        "Start": 0.04,
        "End": 0.045,
        "Percent": 99.7304404827038,
        "Count": 11
      },
      {
        "Start": 0.045,
        "End": 0.05,
        "Percent": 99.7765069009301,
        "Count": 714
      },
      {
        "Start": 0.05,
        "End": 0.06,
        "Percent": 99.99135448173344,
        "Count": 3330
      },
      {
        "Start": 0.06,
        "End": 0.062592939,
        "Percent": 100,
        "Count": 134
      }
    ],
    "Percentiles": [
      {
        "Percentile": 50,
        "Value": 0.0005382696787168342
      },
      {
        "Percentile": 75,
        "Value": 0.0007704103176239279
      },
      {
        "Percentile": 90,
        "Value": 0.0009096947009681843
      },
      {
        "Percentile": 99,
        "Value": 0.000993265330974738
      },
      {
        "Percentile": 99.9,
        "Value": 0.05574793993994026
      }
    ]
  },
  "Exactly": 0,
  "Jitter": true,
  "RetCodes": {
    "200": 1549936
  },
  "Sizes": {
    "Count": 1549936,
    "Min": 75,
    "Max": 75,
    "Sum": 116245200,
    "Avg": 75,
    "StdDev": 0,
    "Data": [
      {
        "Start": 75,
        "End": 75,
        "Percent": 100,
        "Count": 1549936
      }
    ],
    "Percentiles": null
  },
  "HeaderSizes": {
    "Count": 1549936,
    "Min": 75,
    "Max": 75,
    "Sum": 116245200,
    "Avg": 75,
    "StdDev": 0,
    "Data": [
      {
        "Start": 75,
        "End": 75,
        "Percent": 100,
        "Count": 1549936
      }
    ],
    "Percentiles": null
  },
  "URL": "http://fortio-server:8080/echo\\?size\\=128",
  "SocketCount": 7,
  "AbortOn": 0
}
