{
  "RunType": "HTTP",
  "Labels": "2pod-diffnode-nosidecar-1core-conn16-resp128",
  "StartTime": "2021-03-28T08:35:15.946377195Z",
  "RequestedQPS": "max",
  "RequestedDuration": "1m0s",
  "ActualQPS": 27220.207916741798,
  "ActualDuration": 60076212680,
  "NumThreads": 16,
  "Version": "1.11.3",
  "DurationHistogram": {
    "Count": 1635287,
    "Min": 0.000073918,
    "Max": 0.08230044,
    "Sum": 960.3914230550012,
    "Avg": 0.0005872922753345444,
    "StdDev": 0.005668606740514674,
    "Data": [
      {
        "Start": 0.000073918,
        "End": 0.001,
        "Percent": 99.40567007503881,
        "Count": 1625568
      },
      {
        "Start": 0.001,
        "End": 0.002,
        "Percent": 99.40915570172086,
        "Count": 57
      },
      {
        "Start": 0.003,
        "End": 0.004,
        "Percent": 99.40946145844735,
        "Count": 5
      },
      {
        "Start": 0.004,
        "End": 0.005,
        "Percent": 99.40976721517384,
        "Count": 5
      },
      {
        "Start": 0.006,
        "End": 0.007,
        "Percent": 99.41043987997215,
        "Count": 11
      },
      {
        "Start": 0.007,
        "End": 0.008,
        "Percent": 99.41099024207983,
        "Count": 9
      },
      {
        "Start": 0.01,
        "End": 0.011,
        "Percent": 99.41135715015163,
        "Count": 6
      },
      {
        "Start": 0.011,
        "End": 0.012,
        "Percent": 99.41147945284223,
        "Count": 2
      },
      {
        "Start": 0.014,
        "End": 0.016,
        "Percent": 99.41196866360461,
        "Count": 8
      },
      {
        "Start": 0.018000000000000002,
        "End": 0.02,
        "Percent": 99.41227442033112,
        "Count": 5
      },
      {
        "Start": 0.035,
        "End": 0.04,
        "Percent": 99.4125801770576,
        "Count": 5
      },
      {
        "Start": 0.05,
        "End": 0.06,
        "Percent": 99.41533198759606,
        "Count": 45
      },
      {
        "Start": 0.06,
        "End": 0.07,
        "Percent": 99.59695148313415,
        "Count": 2970
      },
      {
        "Start": 0.07,
        "End": 0.08,
        "Percent": 99.93793138452149,
        "Count": 5576
      },
      {
        "Start": 0.08,
        "End": 0.08230044,
        "Percent": 100,
        "Count": 1015
      }
    ],
    "Percentiles": [
      {
        "Percentile": 50,
        "Value": 0.0005397271617786286
      },
      {
        "Percentile": 75,
        "Value": 0.0007726320275168604
      },
      {
        "Percentile": 90,
        "Value": 0.0009123749469597993
      },
      {
        "Percentile": 99,
        "Value": 0.0009962206986255627
      },
      {
        "Percentile": 99.9,
        "Value": 0.0788875771162126
      }
    ]
  },
  "Exactly": 0,
  "Jitter": true,
  "RetCodes": {
    "200": 1635287
  },
  "Sizes": {
    "Count": 1635287,
    "Min": 75,
    "Max": 75,
    "Sum": 122646525,
    "Avg": 75,
    "StdDev": 0,
    "Data": [
      {
        "Start": 75,
        "End": 75,
        "Percent": 100,
        "Count": 1635287
      }
    ],
    "Percentiles": null
  },
  "HeaderSizes": {
    "Count": 1635287,
    "Min": 75,
    "Max": 75,
    "Sum": 122646525,
    "Avg": 75,
    "StdDev": 0,
    "Data": [
      {
        "Start": 75,
        "End": 75,
        "Percent": 100,
        "Count": 1635287
      }
    ],
    "Percentiles": null
  },
  "URL": "http://fortio-server:8080/echo\\?size\\=128",
  "SocketCount": 16,
  "AbortOn": 0
}
