{
  "RunType": "HTTP",
  "Labels": "2pod-diffnode-nosidecar-1core-conn15-resp2048",
  "StartTime": "2021-03-28T09:25:23.840340515Z",
  "RequestedQPS": "max",
  "RequestedDuration": "1m0s",
  "ActualQPS": 26377.740562130806,
  "ActualDuration": 60002751042,
  "NumThreads": 15,
  "Version": "1.11.3",
  "DurationHistogram": {
    "Count": 1582737,
    "Min": 0.000073183,
    "Max": 0.082212705,
    "Sum": 899.5885878120006,
    "Avg": 0.0005683752814346292,
    "StdDev": 0.005533346454427497,
    "Data": [
      {
        "Start": 0.000073183,
        "End": 0.001,
        "Percent": 99.42353025170954,
        "Count": 1573613
      },
      {
        "Start": 0.001,
        "End": 0.002,
        "Percent": 99.42795297007652,
        "Count": 70
      },
      {
        "Start": 0.003,
        "End": 0.004,
        "Percent": 99.42909024051374,
        "Count": 18
      },
      {
        "Start": 0.005,
        "End": 0.006,
        "Percent": 99.42927978558662,
        "Count": 3
      },
      {
        "Start": 0.006,
        "End": 0.007,
        "Percent": 99.42953251235043,
        "Count": 4
      },
      {
        "Start": 0.007,
        "End": 0.008,
        "Percent": 99.4295956940414,
        "Count": 1
      },
      {
        "Start": 0.01,
        "End": 0.011,
        "Percent": 99.42978523911427,
        "Count": 3
      },
      {
        "Start": 0.014,
        "End": 0.016,
        "Percent": 99.4300379658781,
        "Count": 4
      },
      {
        "Start": 0.02,
        "End": 0.025,
        "Percent": 99.43161750815202,
        "Count": 25
      },
      {
        "Start": 0.04,
        "End": 0.045,
        "Percent": 99.43180705322489,
        "Count": 3
      },
      {
        "Start": 0.05,
        "End": 0.06,
        "Percent": 99.57485040155123,
        "Count": 2264
      },
      {
        "Start": 0.06,
        "End": 0.07,
        "Percent": 99.58432765519477,
        "Count": 150
      },
      {
        "Start": 0.07,
        "End": 0.08,
        "Percent": 99.94174648093777,
        "Count": 5657
      },
      {
        "Start": 0.08,
        "End": 0.082212705,
        "Percent": 100,
        "Count": 922
      }
    ],
    "Percentiles": [
      {
        "Percentile": 50,
        "Value": 0.0005392781061935852
      },
      {
        "Percentile": 75,
        "Value": 0.0007723259537775196
      },
      {
        "Percentile": 90,
        "Value": 0.00091215466232788
      },
      {
        "Percentile": 99,
        "Value": 0.0009960518874580966
      },
      {
        "Percentile": 99.9,
        "Value": 0.07883200106063304
      }
    ]
  },
  "Exactly": 0,
  "Jitter": true,
  "RetCodes": {
    "200": 1582737
  },
  "Sizes": {
    "Count": 1582737,
    "Min": 75,
    "Max": 75,
    "Sum": 118705275,
    "Avg": 75,
    "StdDev": 0,
    "Data": [
      {
        "Start": 75,
        "End": 75,
        "Percent": 100,
        "Count": 1582737
      }
    ],
    "Percentiles": null
  },
  "HeaderSizes": {
    "Count": 1582737,
    "Min": 75,
    "Max": 75,
    "Sum": 118705275,
    "Avg": 75,
    "StdDev": 0,
    "Data": [
      {
        "Start": 75,
        "End": 75,
        "Percent": 100,
        "Count": 1582737
      }
    ],
    "Percentiles": null
  },
  "URL": "http://fortio-server:8080/echo\\?size\\=2048",
  "SocketCount": 15,
  "AbortOn": 0
}
