{
  "RunType": "HTTP",
  "Labels": "2pod-diffnode-nosidecar-1core-conn13-resp2048",
  "StartTime": "2021-03-28T09:23:22.147142439Z",
  "RequestedQPS": "max",
  "RequestedDuration": "1m0s",
  "ActualQPS": 26925.06840278135,
  "ActualDuration": 60000256112,
  "NumThreads": 13,
  "Version": "1.11.3",
  "DurationHistogram": {
    "Count": 1615511,
    "Min": 0.000074208,
    "Max": 0.080117342,
    "Sum": 779.5469810699977,
    "Avg": 0.00048253894963884355,
    "StdDev": 0.00488352340552278,
    "Data": [
      {
        "Start": 0.000074208,
        "End": 0.001,
        "Percent": 99.51414753598088,
        "Count": 1607662
      },
      {
        "Start": 0.001,
        "End": 0.002,
        "Percent": 99.51519983460342,
        "Count": 17
      },
      {
        "Start": 0.002,
        "End": 0.003,
        "Percent": 99.51563313403622,
        "Count": 7
      },
      {
        "Start": 0.003,
        "End": 0.004,
        "Percent": 99.51581883379315,
        "Count": 3
      },
      {
        "Start": 0.005,
        "End": 0.006,
        "Percent": 99.51693303233466,
        "Count": 18
      },
      {
        "Start": 0.008,
        "End": 0.009000000000000001,
        "Percent": 99.51718063201055,
        "Count": 4
      },
      {
        "Start": 0.025,
        "End": 0.03,
        "Percent": 99.51742823168644,
        "Count": 4
      },
      {
        "Start": 0.05,
        "End": 0.06,
        "Percent": 99.65410325277884,
        "Count": 2208
      },
      {
        "Start": 0.06,
        "End": 0.07,
        "Percent": 99.66623563689755,
        "Count": 196
      },
      {
        "Start": 0.07,
        "End": 0.08,
        "Percent": 99.99993810008102,
        "Count": 5391
      },
      {
        "Start": 0.08,
        "End": 0.080117342,
        "Percent": 100,
        "Count": 1
      }
    ],
    "Percentiles": [
      {
        "Percentile": 50,
        "Value": 0.0005393636852246836
      },
      {
        "Percentile": 75,
        "Value": 0.000771941815768374
      },
      {
        "Percentile": 90,
        "Value": 0.0009114886940945882
      },
      {
        "Percentile": 99,
        "Value": 0.000995216821090317
      },
      {
        "Percentile": 99.9,
        "Value": 0.07700517343721036
      }
    ]
  },
  "Exactly": 0,
  "Jitter": true,
  "RetCodes": {
    "200": 1615511
  },
  "Sizes": {
    "Count": 1615511,
    "Min": 75,
    "Max": 75,
    "Sum": 121163325,
    "Avg": 75,
    "StdDev": 0,
    "Data": [
      {
        "Start": 75,
        "End": 75,
        "Percent": 100,
        "Count": 1615511
      }
    ],
    "Percentiles": null
  },
  "HeaderSizes": {
    "Count": 1615511,
    "Min": 75,
    "Max": 75,
    "Sum": 121163325,
    "Avg": 75,
    "StdDev": 0,
    "Data": [
      {
        "Start": 75,
        "End": 75,
        "Percent": 100,
        "Count": 1615511
      }
    ],
    "Percentiles": null
  },
  "URL": "http://fortio-server:8080/echo\\?size\\=2048",
  "SocketCount": 13,
  "AbortOn": 0
}
