{
  "RunType": "HTTP",
  "Labels": "2pod-diffnode-nosidecar-1core-conn11-resp2048",
  "StartTime": "2021-03-28T09:21:20.33747701Z",
  "RequestedQPS": "max",
  "RequestedDuration": "1m0s",
  "ActualQPS": 27429.99533627902,
  "ActualDuration": 60005770319,
  "NumThreads": 11,
  "Version": "1.11.3",
  "DurationHistogram": {
    "Count": 1645958,
    "Min": 0.000073508,
    "Max": 0.074653424,
    "Sum": 659.5885621560019,
    "Avg": 0.00040073231647223194,
    "StdDev": 0.004181154868806275,
    "Data": [
      {
        "Start": 0.000073508,
        "End": 0.001,
        "Percent": 99.59391430401018,
        "Count": 1639274
      },
      {
        "Start": 0.001,
        "End": 0.002,
        "Percent": 99.59670902902747,
        "Count": 46
      },
      {
        "Start": 0.002,
        "End": 0.003,
        "Percent": 99.59725582305259,
        "Count": 9
      },
      {
        "Start": 0.003,
        "End": 0.004,
        "Percent": 99.59743808772764,
        "Count": 3
      },
      {
        "Start": 0.006,
        "End": 0.007,
        "Percent": 99.59762035240267,
        "Count": 3
      },
      {
        "Start": 0.007,
        "End": 0.008,
        "Percent": 99.59822790131948,
        "Count": 10
      },
      {
        "Start": 0.008,
        "End": 0.009000000000000001,
        "Percent": 99.59834941110283,
        "Count": 2
      },
      {
        "Start": 0.018000000000000002,
        "End": 0.02,
        "Percent": 99.59901771491131,
        "Count": 11
      },
      {
        "Start": 0.02,
        "End": 0.025,
        "Percent": 99.59926073447804,
        "Count": 4
      },
      {
        "Start": 0.045,
        "End": 0.05,
        "Percent": 99.59956450893644,
        "Count": 5
      },
      {
        "Start": 0.05,
        "End": 0.06,
        "Percent": 99.73480489781635,
        "Count": 2226
      },
      {
        "Start": 0.06,
        "End": 0.07,
        "Percent": 99.80339717052318,
        "Count": 1129
      },
      {
        "Start": 0.07,
        "End": 0.074653424,
        "Percent": 100,
        "Count": 3236
      }
    ],
    "Percentiles": [
      {
        "Percentile": 50,
        "Value": 0.0005386425646368848
      },
      {
        "Percentile": 75,
        "Value": 0.0007712101295476716
      },
      {
        "Percentile": 90,
        "Value": 0.0009107506684941435
      },
      {
        "Percentile": 99,
        "Value": 0.0009944749918620267
      },
      {
        "Percentile": 99.9,
        "Value": 0.07228650791217815
      }
    ]
  },
  "Exactly": 0,
  "Jitter": true,
  "RetCodes": {
    "200": 1645958
  },
  "Sizes": {
    "Count": 1645958,
    "Min": 75,
    "Max": 75,
    "Sum": 123446850,
    "Avg": 75,
    "StdDev": 0,
    "Data": [
      {
        "Start": 75,
        "End": 75,
        "Percent": 100,
        "Count": 1645958
      }
    ],
    "Percentiles": null
  },
  "HeaderSizes": {
    "Count": 1645958,
    "Min": 75,
    "Max": 75,
    "Sum": 123446850,
    "Avg": 75,
    "StdDev": 0,
    "Data": [
      {
        "Start": 75,
        "End": 75,
        "Percent": 100,
        "Count": 1645958
      }
    ],
    "Percentiles": null
  },
  "URL": "http://fortio-server:8080/echo\\?size\\=2048",
  "SocketCount": 11,
  "AbortOn": 0
}
