{
  "RunType": "HTTP",
  "Labels": "2pod-diffnode-nosidecar-1core-conn10-resp128",
  "StartTime": "2021-03-28T08:29:11.045206034Z",
  "RequestedQPS": "max",
  "RequestedDuration": "1m0s",
  "ActualQPS": 28104.93062997936,
  "ActualDuration": 60000183676,
  "NumThreads": 10,
  "Version": "1.11.3",
  "DurationHistogram": {
    "Count": 1686301,
    "Min": 0.00007422,
    "Max": 0.070162939,
    "Sum": 599.560296731003,
    "Avg": 0.0003555476138192428,
    "StdDev": 0.003744899749731522,
    "Data": [
      {
        "Start": 0.00007422,
        "End": 0.001,
        "Percent": 99.63778708546101,
        "Count": 1680193
      },
      {
        "Start": 0.001,
        "End": 0.002,
        "Percent": 99.63926962031097,
        "Count": 25
      },
      {
        "Start": 0.002,
        "End": 0.003,
        "Percent": 99.6410486621309,
        "Count": 30
      },
      {
        "Start": 0.003,
        "End": 0.004,
        "Percent": 99.64217538861686,
        "Count": 19
      },
      {
        "Start": 0.005,
        "End": 0.006,
        "Percent": 99.64276840255684,
        "Count": 10
      },
      {
        "Start": 0.006,
        "End": 0.007,
        "Percent": 99.64300560813282,
        "Count": 4
      },
      {
        "Start": 0.007,
        "End": 0.008,
        "Percent": 99.64318351231482,
        "Count": 3
      },
      {
        "Start": 0.009000000000000001,
        "End": 0.01,
        "Percent": 99.64419163601279,
        "Count": 17
      },
      {
        "Start": 0.025,
        "End": 0.03,
        "Percent": 99.64448814298278,
        "Count": 5
      },
      {
        "Start": 0.045,
        "End": 0.05,
        "Percent": 99.64478464995277,
        "Count": 5
      },
      {
        "Start": 0.05,
        "End": 0.06,
        "Percent": 99.65154500886852,
        "Count": 114
      },
      {
        "Start": 0.06,
        "End": 0.07,
        "Percent": 99.999940698606,
        "Count": 5875
      },
      {
        "Start": 0.07,
        "End": 0.070162939,
        "Percent": 100,
        "Count": 1
      }
    ],
    "Percentiles": [
      {
        "Percentile": 50,
        "Value": 0.0005387924679738983
      },
      {
        "Percentile": 75,
        "Value": 0.0007710789774591238
      },
      {
        "Percentile": 90,
        "Value": 0.000910450883150259
      },
      {
        "Percentile": 99,
        "Value": 0.0009940740265649403
      },
      {
        "Percentile": 99.9,
        "Value": 0.06713140255319176
      }
    ]
  },
  "Exactly": 0,
  "Jitter": true,
  "RetCodes": {
    "200": 1686301
  },
  "Sizes": {
    "Count": 1686301,
    "Min": 75,
    "Max": 75,
    "Sum": 126472575,
    "Avg": 75,
    "StdDev": 0,
    "Data": [
      {
        "Start": 75,
        "End": 75,
        "Percent": 100,
        "Count": 1686301
      }
    ],
    "Percentiles": null
  },
  "HeaderSizes": {
    "Count": 1686301,
    "Min": 75,
    "Max": 75,
    "Sum": 126472575,
    "Avg": 75,
    "StdDev": 0,
    "Data": [
      {
        "Start": 75,
        "End": 75,
        "Percent": 100,
        "Count": 1686301
      }
    ],
    "Percentiles": null
  },
  "URL": "http://fortio-server:8080/echo\\?size\\=128",
  "SocketCount": 10,
  "AbortOn": 0
}
