{
  "RunType": "HTTP",
  "Labels": "2pod-diffnode-nosidecar-1core-conn13-resp32",
  "StartTime": "2021-03-28T08:16:31.767507755Z",
  "RequestedQPS": "max",
  "RequestedDuration": "1m0s",
  "ActualQPS": 28381.427812140042,
  "ActualDuration": 60054941960,
  "NumThreads": 13,
  "Version": "1.11.3",
  "DurationHistogram": {
    "Count": 1704445,
    "Min": 0.000074189,
    "Max": 0.076399332,
    "Sum": 779.9805058180023,
    "Avg": 0.00045761553222192693,
    "StdDev": 0.0046731604517449305,
    "Data": [
      {
        "Start": 0.000074189,
        "End": 0.001,
        "Percent": 99.5349219247321,
        "Count": 1696518
      },
      {
        "Start": 0.001,
        "End": 0.002,
        "Percent": 99.53920484380546,
        "Count": 73
      },
      {
        "Start": 0.002,
        "End": 0.003,
        "Percent": 99.54078893716137,
        "Count": 27
      },
      {
        "Start": 0.003,
        "End": 0.004,
        "Percent": 99.54096494753423,
        "Count": 3
      },
      {
        "Start": 0.004,
        "End": 0.005,
        "Percent": 99.54114095790712,
        "Count": 3
      },
      {
        "Start": 0.005,
        "End": 0.006,
        "Percent": 99.54131696828,
        "Count": 3
      },
      {
        "Start": 0.008,
        "End": 0.009000000000000001,
        "Percent": 99.54143430852858,
        "Count": 2
      },
      {
        "Start": 0.009000000000000001,
        "End": 0.01,
        "Percent": 99.54161031890146,
        "Count": 3
      },
      {
        "Start": 0.02,
        "End": 0.025,
        "Percent": 99.54190366952292,
        "Count": 5
      },
      {
        "Start": 0.025,
        "End": 0.03,
        "Percent": 99.54237303051727,
        "Count": 8
      },
      {
        "Start": 0.03,
        "End": 0.035,
        "Percent": 99.54266638113873,
        "Count": 5
      },
      {
        "Start": 0.04,
        "End": 0.045,
        "Percent": 99.54295973176019,
        "Count": 5
      },
      {
        "Start": 0.05,
        "End": 0.06,
        "Percent": 99.54747733133073,
        "Count": 77
      },
      {
        "Start": 0.06,
        "End": 0.07,
        "Percent": 99.7186767540167,
        "Count": 2918
      },
      {
        "Start": 0.07,
        "End": 0.076399332,
        "Percent": 100,
        "Count": 4795
      }
    ],
    "Percentiles": [
      {
        "Percentile": 50,
        "Value": 0.0005392571597275477
      },
      {
        "Percentile": 75,
        "Value": 0.000771791512447709
      },
      {
        "Percentile": 90,
        "Value": 0.0009113121240798058
      },
      {
        "Percentile": 99,
        "Value": 0.0009950244910590638
      },
      {
        "Percentile": 99.9,
        "Value": 0.07412460636272385
      }
    ]
  },
  "Exactly": 0,
  "Jitter": true,
  "RetCodes": {
    "200": 1704445
  },
  "Sizes": {
    "Count": 1704445,
    "Min": 75,
    "Max": 75,
    "Sum": 127833375,
    "Avg": 75,
    "StdDev": 0,
    "Data": [
      {
        "Start": 75,
        "End": 75,
        "Percent": 100,
        "Count": 1704445
      }
    ],
    "Percentiles": null
  },
  "HeaderSizes": {
    "Count": 1704445,
    "Min": 75,
    "Max": 75,
    "Sum": 127833375,
    "Avg": 75,
    "StdDev": 0,
    "Data": [
      {
        "Start": 75,
        "End": 75,
        "Percent": 100,
        "Count": 1704445
      }
    ],
    "Percentiles": null
  },
  "URL": "http://fortio-server:8080/echo\\?size\\=32",
  "SocketCount": 13,
  "AbortOn": 0
}
