{
  "RunType": "HTTP",
  "Labels": "2pod-diffnode-nosidecar-1core-conn12-resp1024",
  "StartTime": "2021-03-28T09:05:38.578651083Z",
  "RequestedQPS": "max",
  "RequestedDuration": "1m0s",
  "ActualQPS": 28154.595314428272,
  "ActualDuration": 60064653074,
  "NumThreads": 12,
  "Version": "1.11.3",
  "DurationHistogram": {
    "Count": 1691096,
    "Min": 0.000072547,
    "Max": 0.074106188,
    "Sum": 720.1756052309979,
    "Avg": 0.00042586323025481577,
    "StdDev": 0.0043983585436490795,
    "Data": [
      {
        "Start": 0.000072547,
        "End": 0.001,
        "Percent": 99.56643502202122,
        "Count": 1683764
      },
      {
        "Start": 0.001,
        "End": 0.002,
        "Percent": 99.56950995094306,
        "Count": 52
      },
      {
        "Start": 0.002,
        "End": 0.003,
        "Percent": 99.57021954992501,
        "Count": 12
      },
      {
        "Start": 0.003,
        "End": 0.004,
        "Percent": 99.57081088240999,
        "Count": 10
      },
      {
        "Start": 0.004,
        "End": 0.005,
        "Percent": 99.57122481514946,
        "Count": 7
      },
      {
        "Start": 0.006,
        "End": 0.007,
        "Percent": 99.57128394839796,
        "Count": 1
      },
      {
        "Start": 0.007,
        "End": 0.008,
        "Percent": 99.57169788113744,
        "Count": 7
      },
      {
        "Start": 0.008,
        "End": 0.009000000000000001,
        "Percent": 99.57181614763444,
        "Count": 2
      },
      {
        "Start": 0.01,
        "End": 0.011,
        "Percent": 99.57211181387692,
        "Count": 5
      },
      {
        "Start": 0.012,
        "End": 0.014,
        "Percent": 99.57252574661639,
        "Count": 7
      },
      {
        "Start": 0.018000000000000002,
        "End": 0.02,
        "Percent": 99.57293967935587,
        "Count": 7
      },
      {
        "Start": 0.02,
        "End": 0.025,
        "Percent": 99.57323534559836,
        "Count": 5
      },
      {
        "Start": 0.025,
        "End": 0.03,
        "Percent": 99.57406321107732,
        "Count": 14
      },
      {
        "Start": 0.03,
        "End": 0.035,
        "Percent": 99.57453627706529,
        "Count": 8
      },
      {
        "Start": 0.04,
        "End": 0.045,
        "Percent": 99.57542327579274,
        "Count": 15
      },
      {
        "Start": 0.05,
        "End": 0.06,
        "Percent": 99.58139573389091,
        "Count": 101
      },
      {
        "Start": 0.06,
        "End": 0.07,
        "Percent": 99.80633861117288,
        "Count": 3804
      },
      {
        "Start": 0.07,
        "End": 0.074106188,
        "Percent": 100,
        "Count": 3275
      }
    ],
    "Percentiles": [
      {
        "Percentile": 50,
        "Value": 0.0005382925365101858
      },
      {
        "Percentile": 75,
        "Value": 0.0007711655801760698
      },
      {
        "Percentile": 90,
        "Value": 0.0009108894063756004
      },
      {
        "Percentile": 99,
        "Value": 0.0009947237020953186
      },
      {
        "Percentile": 99.9,
        "Value": 0.07198589544975642
      }
    ]
  },
  "Exactly": 0,
  "Jitter": true,
  "RetCodes": {
    "200": 1691096
  },
  "Sizes": {
    "Count": 1691096,
    "Min": 75,
    "Max": 75,
    "Sum": 126832200,
    "Avg": 75,
    "StdDev": 0,
    "Data": [
      {
        "Start": 75,
        "End": 75,
        "Percent": 100,
        "Count": 1691096
      }
    ],
    "Percentiles": null
  },
  "HeaderSizes": {
    "Count": 1691096,
    "Min": 75,
    "Max": 75,
    "Sum": 126832200,
    "Avg": 75,
    "StdDev": 0,
    "Data": [
      {
        "Start": 75,
        "End": 75,
        "Percent": 100,
        "Count": 1691096
      }
    ],
    "Percentiles": null
  },
  "URL": "http://fortio-server:8080/echo\\?size\\=1024",
  "SocketCount": 12,
  "AbortOn": 0
}
