{
  "RunType": "HTTP",
  "Labels": "2pod-diffnode-nosidecar-1core-conn8-resp32",
  "StartTime": "2021-03-28T08:11:28.148261207Z",
  "RequestedQPS": "max",
  "RequestedDuration": "1m0s",
  "ActualQPS": 26842.668285495278,
  "ActualDuration": 60000145398,
  "NumThreads": 8,
  "Version": "1.11.3",
  "DurationHistogram": {
    "Count": 1610564,
    "Min": 0.000074444,
    "Max": 0.06761466,
    "Sum": 479.593609056003,
    "Avg": 0.0002977799137792742,
    "StdDev": 0.003155540347435719,
    "Data": [
      {
        "Start": 0.000074444,
        "End": 0.001,
        "Percent": 99.69979460611314,
        "Count": 1605729
      },
      {
        "Start": 0.001,
        "End": 0.002,
        "Percent": 99.70091222702109,
        "Count": 18
      },
      {
        "Start": 0.002,
        "End": 0.003,
        "Percent": 99.70109849717242,
        "Count": 3
      },
      {
        "Start": 0.006,
        "End": 0.007,
        "Percent": 99.70128476732374,
        "Count": 3
      },
      {
        "Start": 0.007,
        "End": 0.008,
        "Percent": 99.70147103747507,
        "Count": 3
      },
      {
        "Start": 0.009000000000000001,
        "End": 0.01,
        "Percent": 99.70165730762639,
        "Count": 3
      },
      {
        "Start": 0.01,
        "End": 0.011,
        "Percent": 99.70171939767684,
        "Count": 1
      },
      {
        "Start": 0.011,
        "End": 0.012,
        "Percent": 99.70184357777772,
        "Count": 2
      },
      {
        "Start": 0.014,
        "End": 0.016,
        "Percent": 99.7019677578786,
        "Count": 2
      },
      {
        "Start": 0.018000000000000002,
        "End": 0.02,
        "Percent": 99.70202984792905,
        "Count": 1
      },
      {
        "Start": 0.02,
        "End": 0.025,
        "Percent": 99.70215402802994,
        "Count": 2
      },
      {
        "Start": 0.03,
        "End": 0.035,
        "Percent": 99.70227820813082,
        "Count": 2
      },
      {
        "Start": 0.04,
        "End": 0.045,
        "Percent": 99.70320955888745,
        "Count": 15
      },
      {
        "Start": 0.045,
        "End": 0.05,
        "Percent": 99.76846620190194,
        "Count": 1051
      },
      {
        "Start": 0.05,
        "End": 0.06,
        "Percent": 99.82161528508026,
        "Count": 856
      },
      {
        "Start": 0.06,
        "End": 0.06761466,
        "Percent": 100,
        "Count": 2873
      }
    ],
    "Percentiles": [
      {
        "Percentile": 50,
        "Value": 0.0005386151804465015
      },
      {
        "Percentile": 75,
        "Value": 0.0007707010588742302
      },
      {
        "Percentile": 90,
        "Value": 0.0009099525859308675
      },
      {
        "Percentile": 99,
        "Value": 0.0009935035021648498
      },
      {
        "Percentile": 99.9,
        "Value": 0.06334598709076256
      }
    ]
  },
  "Exactly": 0,
  "Jitter": true,
  "RetCodes": {
    "200": 1610564
  },
  "Sizes": {
    "Count": 1610564,
    "Min": 75,
    "Max": 75,
    "Sum": 120792300,
    "Avg": 75,
    "StdDev": 0,
    "Data": [
      {
        "Start": 75,
        "End": 75,
        "Percent": 100,
        "Count": 1610564
      }
    ],
    "Percentiles": null
  },
  "HeaderSizes": {
    "Count": 1610564,
    "Min": 75,
    "Max": 75,
    "Sum": 120792300,
    "Avg": 75,
    "StdDev": 0,
    "Data": [
      {
        "Start": 75,
        "End": 75,
        "Percent": 100,
        "Count": 1610564
      }
    ],
    "Percentiles": null
  },
  "URL": "http://fortio-server:8080/echo\\?size\\=32",
  "SocketCount": 8,
  "AbortOn": 0
}
