{
  "RunType": "HTTP",
  "Labels": "2pod-diffnode-nosidecar-1core-conn7-resp1024",
  "StartTime": "2021-03-28T09:00:34.530853412Z",
  "RequestedQPS": "max",
  "RequestedDuration": "1m0s",
  "ActualQPS": 25766.420949137355,
  "ActualDuration": 60012331672,
  "NumThreads": 7,
  "Version": "1.11.3",
  "DurationHistogram": {
    "Count": 1546303,
    "Min": 0.000074254,
    "Max": 0.061995277,
    "Sum": 419.66427211999894,
    "Avg": 0.0002713984724339272,
    "StdDev": 0.0028398805243737726,
    "Data": [
      {
        "Start": 0.000074254,
        "End": 0.001,
        "Percent": 99.72618561821325,
        "Count": 1542069
      },
      {
        "Start": 0.001,
        "End": 0.002,
        "Percent": 99.72670298123977,
        "Count": 8
      },
      {
        "Start": 0.002,
        "End": 0.003,
        "Percent": 99.72702633313135,
        "Count": 5
      },
      {
        "Start": 0.003,
        "End": 0.004,
        "Percent": 99.72741435540124,
        "Count": 6
      },
      {
        "Start": 0.004,
        "End": 0.005,
        "Percent": 99.72760836653619,
        "Count": 3
      },
      {
        "Start": 0.008,
        "End": 0.009000000000000001,
        "Percent": 99.72780237767113,
        "Count": 3
      },
      {
        "Start": 0.01,
        "End": 0.011,
        "Percent": 99.72793171842775,
        "Count": 2
      },
      {
        "Start": 0.012,
        "End": 0.014,
        "Percent": 99.72838441107596,
        "Count": 7
      },
      {
        "Start": 0.025,
        "End": 0.03,
        "Percent": 99.72857842221092,
        "Count": 3
      },
      {
        "Start": 0.04,
        "End": 0.045,
        "Percent": 99.72954847788564,
        "Count": 15
      },
      {
        "Start": 0.045,
        "End": 0.05,
        "Percent": 99.77300697211349,
        "Count": 672
      },
      {
        "Start": 0.05,
        "End": 0.06,
        "Percent": 99.98874735417314,
        "Count": 3336
      },
      {
        "Start": 0.06,
        "End": 0.061995277,
        "Percent": 100,
        "Count": 174
      }
    ],
    "Percentiles": [
      {
        "Percentile": 50,
        "Value": 0.0005383975933908233
      },
      {
        "Percentile": 75,
        "Value": 0.0007704696902500409
      },
      {
        "Percentile": 90,
        "Value": 0.0009097129483655714
      },
      {
        "Percentile": 99,
        "Value": 0.0009932589032348898
      },
      {
        "Percentile": 99.9,
        "Value": 0.05588638189448469
      }
    ]
  },
  "Exactly": 0,
  "Jitter": true,
  "RetCodes": {
    "200": 1546303
  },
  "Sizes": {
    "Count": 1546303,
    "Min": 75,
    "Max": 75,
    "Sum": 115972725,
    "Avg": 75,
    "StdDev": 0,
    "Data": [
      {
        "Start": 75,
        "End": 75,
        "Percent": 100,
        "Count": 1546303
      }
    ],
    "Percentiles": null
  },
  "HeaderSizes": {
    "Count": 1546303,
    "Min": 75,
    "Max": 75,
    "Sum": 115972725,
    "Avg": 75,
    "StdDev": 0,
    "Data": [
      {
        "Start": 75,
        "End": 75,
        "Percent": 100,
        "Count": 1546303
      }
    ],
    "Percentiles": null
  },
  "URL": "http://fortio-server:8080/echo\\?size\\=1024",
  "SocketCount": 7,
  "AbortOn": 0
}
