{
  "RunType": "HTTP",
  "Labels": "2pod-diffnode-nosidecar-1core-conn5-resp1024",
  "StartTime": "2021-03-28T08:58:32.472976232Z",
  "RequestedQPS": "max",
  "RequestedDuration": "1m0s",
  "ActualQPS": 20975.18446915094,
  "ActualDuration": 60049626827,
  "NumThreads": 5,
  "Version": "1.11.3",
  "DurationHistogram": {
    "Count": 1259552,
    "Min": 0.000072702,
    "Max": 0.062536188,
    "Sum": 299.89879155200015,
    "Avg": 0.00023809957155560083,
    "StdDev": 0.0025322507688361816,
    "Data": [
      {
        "Start": 0.000072702,
        "End": 0.001,
        "Percent": 99.75880313000178,
        "Count": 1256514
      },
      {
        "Start": 0.001,
        "End": 0.002,
        "Percent": 99.76039099616372,
        "Count": 20
      },
      {
        "Start": 0.002,
        "End": 0.003,
        "Percent": 99.7607085693961,
        "Count": 4
      },
      {
        "Start": 0.003,
        "End": 0.004,
        "Percent": 99.7609467493204,
        "Count": 3
      },
      {
        "Start": 0.004,
        "End": 0.005,
        "Percent": 99.76174068240137,
        "Count": 10
      },
      {
        "Start": 0.005,
        "End": 0.006,
        "Percent": 99.76269340209852,
        "Count": 12
      },
      {
        "Start": 0.006,
        "End": 0.007,
        "Percent": 99.76404308833617,
        "Count": 17
      },
      {
        "Start": 0.007,
        "End": 0.008,
        "Percent": 99.76626610096288,
        "Count": 28
      },
      {
        "Start": 0.008,
        "End": 0.009000000000000001,
        "Percent": 99.77023576636772,
        "Count": 50
      },
      {
        "Start": 0.009000000000000001,
        "End": 0.01,
        "Percent": 99.77484057823735,
        "Count": 58
      },
      {
        "Start": 0.01,
        "End": 0.011,
        "Percent": 99.7810332562689,
        "Count": 78
      },
      {
        "Start": 0.011,
        "End": 0.012,
        "Percent": 99.7887344071543,
        "Count": 97
      },
      {
        "Start": 0.012,
        "End": 0.014,
        "Percent": 99.80151672975788,
        "Count": 161
      },
      {
        "Start": 0.014,
        "End": 0.016,
        "Percent": 99.80755062117325,
        "Count": 76
      },
      {
        "Start": 0.016,
        "End": 0.018000000000000002,
        "Percent": 99.80921788064327,
        "Count": 21
      },
      {
        "Start": 0.018000000000000002,
        "End": 0.02,
        "Percent": 99.80945606056757,
        "Count": 3
      },
      {
        "Start": 0.04,
        "End": 0.045,
        "Percent": 99.80969424049185,
        "Count": 3
      },
      {
        "Start": 0.045,
        "End": 0.05,
        "Percent": 99.81017060034044,
        "Count": 6
      },
      {
        "Start": 0.05,
        "End": 0.06,
        "Percent": 99.98038985290007,
        "Count": 2144
      },
      {
        "Start": 0.06,
        "End": 0.062536188,
        "Percent": 100,
        "Count": 247
      }
    ],
    "Percentiles": [
      {
        "Percentile": 50,
        "Value": 0.0005374716426141233
      },
      {
        "Percentile": 75,
        "Value": 0.0007698568329177653
      },
      {
        "Percentile": 90,
        "Value": 0.0009092879470999504
      },
      {
        "Percentile": 99,
        "Value": 0.0009929466156092615
      },
      {
        "Percentile": 99.9,
        "Value": 0.055277276119403355
      }
    ]
  },
  "Exactly": 0,
  "Jitter": true,
  "RetCodes": {
    "200": 1259552
  },
  "Sizes": {
    "Count": 1259552,
    "Min": 75,
    "Max": 75,
    "Sum": 94466400,
    "Avg": 75,
    "StdDev": 0,
    "Data": [
      {
        "Start": 75,
        "End": 75,
        "Percent": 100,
        "Count": 1259552
      }
    ],
    "Percentiles": null
  },
  "HeaderSizes": {
    "Count": 1259552,
    "Min": 75,
    "Max": 75,
    "Sum": 94466400,
    "Avg": 75,
    "StdDev": 0,
    "Data": [
      {
        "Start": 75,
        "End": 75,
        "Percent": 100,
        "Count": 1259552
      }
    ],
    "Percentiles": null
  },
  "URL": "http://fortio-server:8080/echo\\?size\\=1024",
  "SocketCount": 5,
  "AbortOn": 0
}
