{
  "RunType": "HTTP",
  "Labels": "2pod-diffnode-nosidecar-1core-conn9-resp512",
  "StartTime": "2021-03-28T08:45:53.421026476Z",
  "RequestedQPS": "max",
  "RequestedDuration": "1m0s",
  "ActualQPS": 26625.34470116962,
  "ActualDuration": 60022096162,
  "NumThreads": 9,
  "Version": "1.11.3",
  "DurationHistogram": {
    "Count": 1598109,
    "Min": 0.00007408,
    "Max": 0.071465343,
    "Sum": 539.676295948999,
    "Avg": 0.0003376968003740665,
    "StdDev": 0.003604525501384127,
    "Data": [
      {
        "Start": 0.00007408,
        "End": 0.001,
        "Percent": 99.65903452142501,
        "Count": 1592660
      },
      {
        "Start": 0.001,
        "End": 0.002,
        "Percent": 99.66053629633524,
        "Count": 24
      },
      {
        "Start": 0.003,
        "End": 0.004,
        "Percent": 99.660724018199,
        "Count": 3
      },
      {
        "Start": 0.004,
        "End": 0.005,
        "Percent": 99.66109946192657,
        "Count": 6
      },
      {
        "Start": 0.005,
        "End": 0.006,
        "Percent": 99.66134975774493,
        "Count": 4
      },
      {
        "Start": 0.007,
        "End": 0.008,
        "Percent": 99.66153747960871,
        "Count": 3
      },
      {
        "Start": 0.009000000000000001,
        "End": 0.01,
        "Percent": 99.66191292333627,
        "Count": 6
      },
      {
        "Start": 0.014,
        "End": 0.016,
        "Percent": 99.66210064520004,
        "Count": 3
      },
      {
        "Start": 0.03,
        "End": 0.035,
        "Percent": 99.66228836706382,
        "Count": 3
      },
      {
        "Start": 0.04,
        "End": 0.045,
        "Percent": 99.66266381079137,
        "Count": 6
      },
      {
        "Start": 0.045,
        "End": 0.05,
        "Percent": 99.71916809178849,
        "Count": 903
      },
      {
        "Start": 0.05,
        "End": 0.06,
        "Percent": 99.77529692905803,
        "Count": 897
      },
      {
        "Start": 0.06,
        "End": 0.07,
        "Percent": 99.99543210131475,
        "Count": 3518
      },
      {
        "Start": 0.07,
        "End": 0.071465343,
        "Percent": 100,
        "Count": 73
      }
    ],
    "Percentiles": [
      {
        "Percentile": 50,
        "Value": 0.000538623644760115
      },
      {
        "Percentile": 75,
        "Value": 0.0007708957578238657
      },
      {
        "Percentile": 90,
        "Value": 0.0009102590256621161
      },
      {
        "Percentile": 99,
        "Value": 0.000993876986365066
      },
      {
        "Percentile": 99.9,
        "Value": 0.06566484081864707
      }
    ]
  },
  "Exactly": 0,
  "Jitter": true,
  "RetCodes": {
    "200": 1598109
  },
  "Sizes": {
    "Count": 1598109,
    "Min": 75,
    "Max": 75,
    "Sum": 119858175,
    "Avg": 75,
    "StdDev": 0,
    "Data": [
      {
        "Start": 75,
        "End": 75,
        "Percent": 100,
        "Count": 1598109
      }
    ],
    "Percentiles": null
  },
  "HeaderSizes": {
    "Count": 1598109,
    "Min": 75,
    "Max": 75,
    "Sum": 119858175,
    "Avg": 75,
    "StdDev": 0,
    "Data": [
      {
        "Start": 75,
        "End": 75,
        "Percent": 100,
        "Count": 1598109
      }
    ],
    "Percentiles": null
  },
  "URL": "http://fortio-server:8080/echo\\?size\\=512",
  "SocketCount": 9,
  "AbortOn": 0
}
