{
  "RunType": "HTTP",
  "Labels": "2pod-diffnode-nosidecar-1core-conn1-resp1024",
  "StartTime": "2021-03-28T08:54:29.462394328Z",
  "RequestedQPS": "max",
  "RequestedDuration": "1m0s",
  "ActualQPS": 7465.502064517904,
  "ActualDuration": 60000117357,
  "NumThreads": 1,
  "Version": "1.11.3",
  "DurationHistogram": {
    "Count": 447931,
    "Min": 0.000094722,
    "Max": 0.019343161,
    "Sum": 59.91049753400003,
    "Avg": 0.0001337493889326705,
    "StdDev": 0.00042330530397254376,
    "Data": [
      {
        "Start": 0.000094722,
        "End": 0.001,
        "Percent": 99.86605079800238,
        "Count": 447331
      },
      {
        "Start": 0.001,
        "End": 0.002,
        "Percent": 99.86716704135235,
        "Count": 5
      },
      {
        "Start": 0.002,
        "End": 0.003,
        "Percent": 99.86806003603233,
        "Count": 4
      },
      {
        "Start": 0.003,
        "End": 0.004,
        "Percent": 99.86850653337233,
        "Count": 2
      },
      {
        "Start": 0.004,
        "End": 0.005,
        "Percent": 99.86895303071232,
        "Count": 2
      },
      {
        "Start": 0.005,
        "End": 0.006,
        "Percent": 99.87096226874229,
        "Count": 9
      },
      {
        "Start": 0.006,
        "End": 0.007,
        "Percent": 99.87386450145223,
        "Count": 13
      },
      {
        "Start": 0.007,
        "End": 0.008,
        "Percent": 99.87922246953214,
        "Count": 24
      },
      {
        "Start": 0.008,
        "End": 0.009000000000000001,
        "Percent": 99.88949190835196,
        "Count": 46
      },
      {
        "Start": 0.009000000000000001,
        "End": 0.01,
        "Percent": 99.90199383387173,
        "Count": 56
      },
      {
        "Start": 0.01,
        "End": 0.011,
        "Percent": 99.92253271151137,
        "Count": 92
      },
      {
        "Start": 0.011,
        "End": 0.012,
        "Percent": 99.94798305989092,
        "Count": 114
      },
      {
        "Start": 0.012,
        "End": 0.014,
        "Percent": 99.97990761970036,
        "Count": 143
      },
      {
        "Start": 0.014,
        "End": 0.016,
        "Percent": 99.99531177793008,
        "Count": 69
      },
      {
        "Start": 0.016,
        "End": 0.018000000000000002,
        "Percent": 99.99933025399001,
        "Count": 18
      },
      {
        "Start": 0.018000000000000002,
        "End": 0.019343161,
        "Percent": 100,
        "Count": 3
      }
    ],
    "Percentiles": [
      {
        "Percentile": 50,
        "Value": 0.0005479671090492477
      },
      {
        "Percentile": 75,
        "Value": 0.0007745906754420673
      },
      {
        "Percentile": 90,
        "Value": 0.0009105648152777591
      },
      {
        "Percentile": 99,
        "Value": 0.0009921492991791742
      },
      {
        "Percentile": 99.9,
        "Value": 0.009840517857143743
      }
    ]
  },
  "Exactly": 0,
  "Jitter": true,
  "RetCodes": {
    "200": 447931
  },
  "Sizes": {
    "Count": 447931,
    "Min": 75,
    "Max": 75,
    "Sum": 33594825,
    "Avg": 75,
    "StdDev": 0,
    "Data": [
      {
        "Start": 75,
        "End": 75,
        "Percent": 100,
        "Count": 447931
      }
    ],
    "Percentiles": null
  },
  "HeaderSizes": {
    "Count": 447931,
    "Min": 75,
    "Max": 75,
    "Sum": 33594825,
    "Avg": 75,
    "StdDev": 0,
    "Data": [
      {
        "Start": 75,
        "End": 75,
        "Percent": 100,
        "Count": 447931
      }
    ],
    "Percentiles": null
  },
  "URL": "http://fortio-server:8080/echo\\?size\\=1024",
  "SocketCount": 1,
  "AbortOn": 0
}
