{
  "RunType": "HTTP",
  "Labels": "2pod-diffnode-nosidecar-1core-conn12-resp32",
  "StartTime": "2021-03-28T08:15:31.046883546Z",
  "RequestedQPS": "max",
  "RequestedDuration": "1m0s",
  "ActualQPS": 28672.321786608773,
  "ActualDuration": 60000198547,
  "NumThreads": 12,
  "Version": "1.11.3",
  "DurationHistogram": {
    "Count": 1720345,
    "Min": 0.000074076,
    "Max": 0.075158675,
    "Sum": 719.5439068279986,
    "Avg": 0.00041825558642481515,
    "StdDev": 0.0043331157592044305,
    "Data": [
      {
        "Start": 0.000074076,
        "End": 0.001,
        "Percent": 99.5752014857485,
        "Count": 1713037
      },
      {
        "Start": 0.001,
        "End": 0.002,
        "Percent": 99.57874728615481,
        "Count": 61
      },
      {
        "Start": 0.002,
        "End": 0.003,
        "Percent": 99.579561076412,
        "Count": 14
      },
      {
        "Start": 0.003,
        "End": 0.004,
        "Percent": 99.57973546003853,
        "Count": 3
      },
      {
        "Start": 0.005,
        "End": 0.006,
        "Percent": 99.58014235516713,
        "Count": 7
      },
      {
        "Start": 0.008,
        "End": 0.009000000000000001,
        "Percent": 99.58060737817124,
        "Count": 8
      },
      {
        "Start": 0.009000000000000001,
        "End": 0.01,
        "Percent": 99.58078176179778,
        "Count": 3
      },
      {
        "Start": 0.011,
        "End": 0.012,
        "Percent": 99.58107240117535,
        "Count": 5
      },
      {
        "Start": 0.016,
        "End": 0.018000000000000002,
        "Percent": 99.58142116842842,
        "Count": 6
      },
      {
        "Start": 0.018000000000000002,
        "End": 0.02,
        "Percent": 99.58147929630394,
        "Count": 1
      },
      {
        "Start": 0.04,
        "End": 0.045,
        "Percent": 99.58211870293458,
        "Count": 11
      },
      {
        "Start": 0.045,
        "End": 0.05,
        "Percent": 99.58240934231215,
        "Count": 5
      },
      {
        "Start": 0.05,
        "End": 0.06,
        "Percent": 99.58682706085116,
        "Count": 76
      },
      {
        "Start": 0.06,
        "End": 0.07,
        "Percent": 99.84474044450387,
        "Count": 4437
      },
      {
        "Start": 0.07,
        "End": 0.075158675,
        "Percent": 100,
        "Count": 2671
      }
    ],
    "Percentiles": [
      {
        "Percentile": 50,
        "Value": 0.0005390127765569435
      },
      {
        "Percentile": 75,
        "Value": 0.0007714814350935999
      },
      {
        "Percentile": 90,
        "Value": 0.0009109626302155939
      },
      {
        "Percentile": 99,
        "Value": 0.0009946513472887902
      },
      {
        "Percentile": 99.9,
        "Value": 0.07183606146841078
      }
    ]
  },
  "Exactly": 0,
  "Jitter": true,
  "RetCodes": {
    "200": 1720345
  },
  "Sizes": {
    "Count": 1720345,
    "Min": 75,
    "Max": 75,
    "Sum": 129025875,
    "Avg": 75,
    "StdDev": 0,
    "Data": [
      {
        "Start": 75,
        "End": 75,
        "Percent": 100,
        "Count": 1720345
      }
    ],
    "Percentiles": null
  },
  "HeaderSizes": {
    "Count": 1720345,
    "Min": 75,
    "Max": 75,
    "Sum": 129025875,
    "Avg": 75,
    "StdDev": 0,
    "Data": [
      {
        "Start": 75,
        "End": 75,
        "Percent": 100,
        "Count": 1720345
      }
    ],
    "Percentiles": null
  },
  "URL": "http://fortio-server:8080/echo\\?size\\=32",
  "SocketCount": 12,
  "AbortOn": 0
}
