{
  "RunType": "HTTP",
  "Labels": "2pod-diffnode-nosidecar-1core-conn8-resp2048",
  "StartTime": "2021-03-28T09:18:18.060471577Z",
  "RequestedQPS": "max",
  "RequestedDuration": "1m0s",
  "ActualQPS": 26424.54703807467,
  "ActualDuration": 60000423005,
  "NumThreads": 8,
  "Version": "1.11.3",
  "DurationHistogram": {
    "Count": 1585484,
    "Min": 0.000073904,
    "Max": 0.066550162,
    "Sum": 479.59405442799726,
    "Avg": 0.000302490630260537,
    "StdDev": 0.0032042747018372502,
    "Data": [
      {
        "Start": 0.000073904,
        "End": 0.001,
        "Percent": 99.69365821414786,
        "Count": 1580627
      },
      {
        "Start": 0.001,
        "End": 0.002,
        "Percent": 99.69491965860267,
        "Count": 20
      },
      {
        "Start": 0.002,
        "End": 0.003,
        "Percent": 99.6954242363846,
        "Count": 8
      },
      {
        "Start": 0.004,
        "End": 0.005,
        "Percent": 99.69586574194379,
        "Count": 7
      },
      {
        "Start": 0.005,
        "End": 0.006,
        "Percent": 99.69599188638927,
        "Count": 2
      },
      {
        "Start": 0.007,
        "End": 0.008,
        "Percent": 99.69655953639393,
        "Count": 9
      },
      {
        "Start": 0.009000000000000001,
        "End": 0.01,
        "Percent": 99.6968118252849,
        "Count": 4
      },
      {
        "Start": 0.014,
        "End": 0.016,
        "Percent": 99.69700104195311,
        "Count": 3
      },
      {
        "Start": 0.016,
        "End": 0.018000000000000002,
        "Percent": 99.69744254751231,
        "Count": 7
      },
      {
        "Start": 0.03,
        "End": 0.035,
        "Percent": 99.69763176418053,
        "Count": 3
      },
      {
        "Start": 0.04,
        "End": 0.045,
        "Percent": 99.69832555863067,
        "Count": 11
      },
      {
        "Start": 0.045,
        "End": 0.05,
        "Percent": 99.74216075343554,
        "Count": 695
      },
      {
        "Start": 0.05,
        "End": 0.06,
        "Percent": 99.8165859762697,
        "Count": 1180
      },
      {
        "Start": 0.06,
        "End": 0.066550162,
        "Percent": 100,
        "Count": 2908
      }
    ],
    "Percentiles": [
      {
        "Percentile": 50,
        "Value": 0.0005383745763007822
      },
      {
        "Percentile": 75,
        "Value": 0.0007706101574034591
      },
      {
        "Percentile": 90,
        "Value": 0.0009099515060650653
      },
      {
        "Percentile": 99,
        "Value": 0.0009935563152620292
      },
      {
        "Percentile": 99.9,
        "Value": 0.0629789181731749
      }
    ]
  },
  "Exactly": 0,
  "Jitter": true,
  "RetCodes": {
    "200": 1585484
  },
  "Sizes": {
    "Count": 1585484,
    "Min": 75,
    "Max": 75,
    "Sum": 118911300,
    "Avg": 75,
    "StdDev": 0,
    "Data": [
      {
        "Start": 75,
        "End": 75,
        "Percent": 100,
        "Count": 1585484
      }
    ],
    "Percentiles": null
  },
  "HeaderSizes": {
    "Count": 1585484,
    "Min": 75,
    "Max": 75,
    "Sum": 118911300,
    "Avg": 75,
    "StdDev": 0,
    "Data": [
      {
        "Start": 75,
        "End": 75,
        "Percent": 100,
        "Count": 1585484
      }
    ],
    "Percentiles": null
  },
  "URL": "http://fortio-server:8080/echo\\?size\\=2048",
  "SocketCount": 8,
  "AbortOn": 0
}
