{
  "RunType": "HTTP",
  "Labels": "2pod-diffnode-nosidecar-1core-conn15-resp32",
  "StartTime": "2021-03-28T08:18:33.163642429Z",
  "RequestedQPS": "max",
  "RequestedDuration": "1m0s",
  "ActualQPS": 28227.497497826353,
  "ActualDuration": 60058742371,
  "NumThreads": 15,
  "Version": "1.11.3",
  "DurationHistogram": {
    "Count": 1695308,
    "Min": 0.000074944,
    "Max": 0.078759182,
    "Sum": 899.874141277999,
    "Avg": 0.0005308027457417761,
    "StdDev": 0.005237520170485472,
    "Data": [
      {
        "Start": 0.000074944,
        "End": 0.001,
        "Percent": 99.46340134064134,
        "Count": 1686211
      },
      {
        "Start": 0.001,
        "End": 0.002,
        "Percent": 99.46652761622077,
        "Count": 53
      },
      {
        "Start": 0.002,
        "End": 0.003,
        "Percent": 99.46741241119608,
        "Count": 15
      },
      {
        "Start": 0.006,
        "End": 0.007,
        "Percent": 99.46758937019113,
        "Count": 3
      },
      {
        "Start": 0.007,
        "End": 0.008,
        "Percent": 99.4677663291862,
        "Count": 3
      },
      {
        "Start": 0.018000000000000002,
        "End": 0.02,
        "Percent": 99.46782531551789,
        "Count": 1
      },
      {
        "Start": 0.02,
        "End": 0.025,
        "Percent": 99.46859213782982,
        "Count": 13
      },
      {
        "Start": 0.025,
        "End": 0.03,
        "Percent": 99.46912301481501,
        "Count": 9
      },
      {
        "Start": 0.045,
        "End": 0.05,
        "Percent": 99.47018476878537,
        "Count": 18
      },
      {
        "Start": 0.05,
        "End": 0.06,
        "Percent": 99.471010577429,
        "Count": 14
      },
      {
        "Start": 0.06,
        "End": 0.07,
        "Percent": 99.68029408225526,
        "Count": 3548
      },
      {
        "Start": 0.07,
        "End": 0.078759182,
        "Percent": 100,
        "Count": 5420
      }
    ],
    "Percentiles": [
      {
        "Percentile": 50,
        "Value": 0.0005399670360204245
      },
      {
        "Percentile": 75,
        "Value": 0.0007724788283309909
      },
      {
        "Percentile": 90,
        "Value": 0.0009119859037173306
      },
      {
        "Percentile": 99,
        "Value": 0.0009956901489491345
      },
      {
        "Percentile": 99.9,
        "Value": 0.07601941976419647
      }
    ]
  },
  "Exactly": 0,
  "Jitter": true,
  "RetCodes": {
    "200": 1695308
  },
  "Sizes": {
    "Count": 1695308,
    "Min": 75,
    "Max": 75,
    "Sum": 127148100,
    "Avg": 75,
    "StdDev": 0,
    "Data": [
      {
        "Start": 75,
        "End": 75,
        "Percent": 100,
        "Count": 1695308
      }
    ],
    "Percentiles": null
  },
  "HeaderSizes": {
    "Count": 1695308,
    "Min": 75,
    "Max": 75,
    "Sum": 127148100,
    "Avg": 75,
    "StdDev": 0,
    "Data": [
      {
        "Start": 75,
        "End": 75,
        "Percent": 100,
        "Count": 1695308
      }
    ],
    "Percentiles": null
  },
  "URL": "http://fortio-server:8080/echo\\?size\\=32",
  "SocketCount": 15,
  "AbortOn": 0
}
