{
  "RunType": "HTTP",
  "Labels": "2pod-diffnode-nosidecar-1core-conn12-resp512",
  "StartTime": "2021-03-28T08:48:55.594778936Z",
  "RequestedQPS": "max",
  "RequestedDuration": "1m0s",
  "ActualQPS": 27352.316764595136,
  "ActualDuration": 60048770791,
  "NumThreads": 12,
  "Version": "1.11.3",
  "DurationHistogram": {
    "Count": 1642473,
    "Min": 0.000073932,
    "Max": 0.076865768,
    "Sum": 720.0485850970017,
    "Avg": 0.00043839295081076016,
    "StdDev": 0.004515178753042095,
    "Data": [
      {
        "Start": 0.000073932,
        "End": 0.001,
        "Percent": 99.55426968966917,
        "Count": 1635152
      },
      {
        "Start": 0.001,
        "End": 0.002,
        "Percent": 99.55749653114542,
        "Count": 53
      },
      {
        "Start": 0.003,
        "End": 0.004,
        "Percent": 99.55767918254973,
        "Count": 3
      },
      {
        "Start": 0.005,
        "End": 0.006,
        "Percent": 99.5582880205641,
        "Count": 10
      },
      {
        "Start": 0.006,
        "End": 0.007,
        "Percent": 99.55877509097562,
        "Count": 8
      },
      {
        "Start": 0.007,
        "End": 0.008,
        "Percent": 99.55889685857849,
        "Count": 2
      },
      {
        "Start": 0.008,
        "End": 0.009000000000000001,
        "Percent": 99.55895774237993,
        "Count": 1
      },
      {
        "Start": 0.011,
        "End": 0.012,
        "Percent": 99.55920127758569,
        "Count": 4
      },
      {
        "Start": 0.02,
        "End": 0.025,
        "Percent": 99.55993188320295,
        "Count": 12
      },
      {
        "Start": 0.025,
        "End": 0.03,
        "Percent": 99.5612713268346,
        "Count": 22
      },
      {
        "Start": 0.03,
        "End": 0.035,
        "Percent": 99.56139309443748,
        "Count": 2
      },
      {
        "Start": 0.035,
        "End": 0.04,
        "Percent": 99.56261077046624,
        "Count": 20
      },
      {
        "Start": 0.045,
        "End": 0.05,
        "Percent": 99.56382844649501,
        "Count": 20
      },
      {
        "Start": 0.05,
        "End": 0.06,
        "Percent": 99.70057346452575,
        "Count": 2246
      },
      {
        "Start": 0.06,
        "End": 0.07,
        "Percent": 99.71025398895446,
        "Count": 159
      },
      {
        "Start": 0.07,
        "End": 0.076865768,
        "Percent": 100,
        "Count": 4759
      }
    ],
    "Percentiles": [
      {
        "Percentile": 50,
        "Value": 0.000539038841517389
      },
      {
        "Percentile": 75,
        "Value": 0.0007715925454511542
      },
      {
        "Percentile": 90,
        "Value": 0.0009111247678114132
      },
      {
        "Percentile": 99,
        "Value": 0.0009948441012275688
      },
      {
        "Percentile": 99.9,
        "Value": 0.0744961864567633
      }
    ]
  },
  "Exactly": 0,
  "Jitter": true,
  "RetCodes": {
    "200": 1642473
  },
  "Sizes": {
    "Count": 1642473,
    "Min": 75,
    "Max": 75,
    "Sum": 123185475,
    "Avg": 75,
    "StdDev": 0,
    "Data": [
      {
        "Start": 75,
        "End": 75,
        "Percent": 100,
        "Count": 1642473
      }
    ],
    "Percentiles": null
  },
  "HeaderSizes": {
    "Count": 1642473,
    "Min": 75,
    "Max": 75,
    "Sum": 123185475,
    "Avg": 75,
    "StdDev": 0,
    "Data": [
      {
        "Start": 75,
        "End": 75,
        "Percent": 100,
        "Count": 1642473
      }
    ],
    "Percentiles": null
  },
  "URL": "http://fortio-server:8080/echo\\?size\\=512",
  "SocketCount": 12,
  "AbortOn": 0
}
