{
  "RunType": "HTTP",
  "Labels": "2pod-diffnode-nosidecar-1core-conn8-resp128",
  "StartTime": "2021-03-28T08:27:09.588307931Z",
  "RequestedQPS": "max",
  "RequestedDuration": "1m0s",
  "ActualQPS": 27118.18695543751,
  "ActualDuration": 60054752284,
  "NumThreads": 8,
  "Version": "1.11.3",
  "DurationHistogram": {
    "Count": 1628576,
    "Min": 0.000073579,
    "Max": 0.062283472,
    "Sum": 479.9418812589967,
    "Avg": 0.0002947003279300424,
    "StdDev": 0.0031056073358215817,
    "Data": [
      {
        "Start": 0.000073579,
        "End": 0.001,
        "Percent": 99.70041312164737,
        "Count": 1623697
      },
      {
        "Start": 0.001,
        "End": 0.002,
        "Percent": 99.70200960839408,
        "Count": 26
      },
      {
        "Start": 0.002,
        "End": 0.003,
        "Percent": 99.70237802841255,
        "Count": 6
      },
      {
        "Start": 0.003,
        "End": 0.004,
        "Percent": 99.7026236417582,
        "Count": 4
      },
      {
        "Start": 0.004,
        "End": 0.005,
        "Percent": 99.70299206177667,
        "Count": 6
      },
      {
        "Start": 0.005,
        "End": 0.006,
        "Percent": 99.70323767512231,
        "Count": 4
      },
      {
        "Start": 0.007,
        "End": 0.008,
        "Percent": 99.70342188513155,
        "Count": 3
      },
      {
        "Start": 0.008,
        "End": 0.009000000000000001,
        "Percent": 99.7036674984772,
        "Count": 4
      },
      {
        "Start": 0.009000000000000001,
        "End": 0.01,
        "Percent": 99.70403591849566,
        "Count": 6
      },
      {
        "Start": 0.01,
        "End": 0.011,
        "Percent": 99.70428153184132,
        "Count": 4
      },
      {
        "Start": 0.016,
        "End": 0.018000000000000002,
        "Percent": 99.70452714518696,
        "Count": 4
      },
      {
        "Start": 0.018000000000000002,
        "End": 0.02,
        "Percent": 99.70477275853261,
        "Count": 4
      },
      {
        "Start": 0.025,
        "End": 0.03,
        "Percent": 99.70526398522391,
        "Count": 8
      },
      {
        "Start": 0.03,
        "End": 0.035,
        "Percent": 99.70575521191519,
        "Count": 8
      },
      {
        "Start": 0.04,
        "End": 0.045,
        "Percent": 99.70643064861572,
        "Count": 11
      },
      {
        "Start": 0.045,
        "End": 0.05,
        "Percent": 99.70722889198908,
        "Count": 13
      },
      {
        "Start": 0.05,
        "End": 0.06,
        "Percent": 99.98207022576779,
        "Count": 4476
      },
      {
        "Start": 0.06,
        "End": 0.062283472,
        "Percent": 100,
        "Count": 292
      }
    ],
    "Percentiles": [
      {
        "Percentile": 50,
        "Value": 0.0005381811033660243
      },
      {
        "Percentile": 75,
        "Value": 0.0007704824403305791
      },
      {
        "Percentile": 90,
        "Value": 0.0009098632425093122
      },
      {
        "Percentile": 99,
        "Value": 0.0009934917238165518
      },
      {
        "Percentile": 99.9,
        "Value": 0.05701390527256505
      }
    ]
  },
  "Exactly": 0,
  "Jitter": true,
  "RetCodes": {
    "200": 1628576
  },
  "Sizes": {
    "Count": 1628576,
    "Min": 75,
    "Max": 75,
    "Sum": 122143200,
    "Avg": 75,
    "StdDev": 0,
    "Data": [
      {
        "Start": 75,
        "End": 75,
        "Percent": 100,
        "Count": 1628576
      }
    ],
    "Percentiles": null
  },
  "HeaderSizes": {
    "Count": 1628576,
    "Min": 75,
    "Max": 75,
    "Sum": 122143200,
    "Avg": 75,
    "StdDev": 0,
    "Data": [
      {
        "Start": 75,
        "End": 75,
        "Percent": 100,
        "Count": 1628576
      }
    ],
    "Percentiles": null
  },
  "URL": "http://fortio-server:8080/echo\\?size\\=128",
  "SocketCount": 8,
  "AbortOn": 0
}
