{
  "RunType": "HTTP",
  "Labels": "2pod-diffnode-nosidecar-1core-conn6-resp32",
  "StartTime": "2021-03-28T08:09:26.673412532Z",
  "RequestedQPS": "max",
  "RequestedDuration": "1m0s",
  "ActualQPS": 25259.67008032611,
  "ActualDuration": 60001456677,
  "NumThreads": 6,
  "Version": "1.11.3",
  "DurationHistogram": {
    "Count": 1515617,
    "Min": 0.000074777,
    "Max": 0.061774036,
    "Sum": 359.6323728600032,
    "Avg": 0.00023728446755348035,
    "StdDev": 0.00243994784449734,
    "Data": [
      {
        "Start": 0.000074777,
        "End": 0.001,
        "Percent": 99.75989976359463,
        "Count": 1511978
      },
      {
        "Start": 0.001,
        "End": 0.002,
        "Percent": 99.76102141899966,
        "Count": 17
      },
      {
        "Start": 0.002,
        "End": 0.003,
        "Percent": 99.7614832771076,
        "Count": 7
      },
      {
        "Start": 0.004,
        "End": 0.005,
        "Percent": 99.76168121629674,
        "Count": 3
      },
      {
        "Start": 0.006,
        "End": 0.007,
        "Percent": 99.76187915548586,
        "Count": 3
      },
      {
        "Start": 0.009000000000000001,
        "End": 0.01,
        "Percent": 99.7623410135938,
        "Count": 7
      },
      {
        "Start": 0.01,
        "End": 0.011,
        "Percent": 99.76260493251263,
        "Count": 4
      },
      {
        "Start": 0.02,
        "End": 0.025,
        "Percent": 99.76359462845825,
        "Count": 15
      },
      {
        "Start": 0.025,
        "End": 0.03,
        "Percent": 99.77533902034617,
        "Count": 178
      },
      {
        "Start": 0.03,
        "End": 0.035,
        "Percent": 99.82475783789704,
        "Count": 749
      },
      {
        "Start": 0.035,
        "End": 0.04,
        "Percent": 99.84178060816156,
        "Count": 258
      },
      {
        "Start": 0.04,
        "End": 0.045,
        "Percent": 99.84191256762098,
        "Count": 2
      },
      {
        "Start": 0.045,
        "End": 0.05,
        "Percent": 99.84270432437746,
        "Count": 12
      },
      {
        "Start": 0.05,
        "End": 0.06,
        "Percent": 99.9956453378393,
        "Count": 2318
      },
      {
        "Start": 0.06,
        "End": 0.061774036,
        "Percent": 100,
        "Count": 66
      }
    ],
    "Percentiles": [
      {
        "Percentile": 50,
        "Value": 0.0005385015993639453
      },
      {
        "Percentile": 75,
        "Value": 0.000770364205010559
      },
      {
        "Percentile": 90,
        "Value": 0.0009094817683985272
      },
      {
        "Percentile": 99,
        "Value": 0.0009929523064313081
      },
      {
        "Percentile": 99.9,
        "Value": 0.053746259706644095
      }
    ]
  },
  "Exactly": 0,
  "Jitter": true,
  "RetCodes": {
    "200": 1515617
  },
  "Sizes": {
    "Count": 1515617,
    "Min": 75,
    "Max": 75,
    "Sum": 113671275,
    "Avg": 75,
    "StdDev": 7.932412850161753e-7,
    "Data": [
      {
        "Start": 75,
        "End": 75,
        "Percent": 100,
        "Count": 1515617
      }
    ],
    "Percentiles": null
  },
  "HeaderSizes": {
    "Count": 1515617,
    "Min": 75,
    "Max": 75,
    "Sum": 113671275,
    "Avg": 75,
    "StdDev": 7.932412850161753e-7,
    "Data": [
      {
        "Start": 75,
        "End": 75,
        "Percent": 100,
        "Count": 1515617
      }
    ],
    "Percentiles": null
  },
  "URL": "http://fortio-server:8080/echo\\?size\\=32",
  "SocketCount": 6,
  "AbortOn": 0
}
