{
  "RunType": "HTTP",
  "Labels": "2pod-diffnode-nosidecar-1core-conn7-resp2048",
  "StartTime": "2021-03-28T09:17:17.399858052Z",
  "RequestedQPS": "max",
  "RequestedDuration": "1m0s",
  "ActualQPS": 25291.02949059057,
  "ActualDuration": 60043186481,
  "NumThreads": 7,
  "Version": "1.11.3",
  "DurationHistogram": {
    "Count": 1518554,
    "Min": 0.000073329,
    "Max": 0.067778688,
    "Sum": 419.89356172399994,
    "Avg": 0.0002765088114904046,
    "StdDev": 0.002954105005792274,
    "Data": [
      {
        "Start": 0.000073329,
        "End": 0.001,
        "Percent": 99.71953582157764,
        "Count": 1514295
      },
      {
        "Start": 0.001,
        "End": 0.002,
        "Percent": 99.72085286397454,
        "Count": 20
      },
      {
        "Start": 0.002,
        "End": 0.003,
        "Percent": 99.72111627245393,
        "Count": 4
      },
      {
        "Start": 0.003,
        "End": 0.004,
        "Percent": 99.72131382881346,
        "Count": 3
      },
      {
        "Start": 0.004,
        "End": 0.005,
        "Percent": 99.72144553305316,
        "Count": 2
      },
      {
        "Start": 0.005,
        "End": 0.006,
        "Percent": 99.72177479365239,
        "Count": 5
      },
      {
        "Start": 0.006,
        "End": 0.007,
        "Percent": 99.72190649789208,
        "Count": 2
      },
      {
        "Start": 0.007,
        "End": 0.008,
        "Percent": 99.72223575849131,
        "Count": 5
      },
      {
        "Start": 0.009000000000000001,
        "End": 0.01,
        "Percent": 99.72230161061114,
        "Count": 1
      },
      {
        "Start": 0.012,
        "End": 0.014,
        "Percent": 99.7229601318096,
        "Count": 10
      },
      {
        "Start": 0.014,
        "End": 0.016,
        "Percent": 99.72302598392945,
        "Count": 1
      },
      {
        "Start": 0.016,
        "End": 0.018000000000000002,
        "Percent": 99.72309183604929,
        "Count": 1
      },
      {
        "Start": 0.02,
        "End": 0.025,
        "Percent": 99.72335524452868,
        "Count": 4
      },
      {
        "Start": 0.025,
        "End": 0.03,
        "Percent": 99.72994045651323,
        "Count": 100
      },
      {
        "Start": 0.03,
        "End": 0.035,
        "Percent": 99.77215166533426,
        "Count": 641
      },
      {
        "Start": 0.035,
        "End": 0.04,
        "Percent": 99.80244364046322,
        "Count": 460
      },
      {
        "Start": 0.04,
        "End": 0.045,
        "Percent": 99.8028387531823,
        "Count": 6
      },
      {
        "Start": 0.045,
        "End": 0.05,
        "Percent": 99.80310216166168,
        "Count": 4
      },
      {
        "Start": 0.05,
        "End": 0.06,
        "Percent": 99.80573624645551,
        "Count": 40
      },
      {
        "Start": 0.06,
        "End": 0.067778688,
        "Percent": 100,
        "Count": 2950
      }
    ],
    "Percentiles": [
      {
        "Percentile": 50,
        "Value": 0.0005379673398441782
      },
      {
        "Percentile": 75,
        "Value": 0.0007702868157408667
      },
      {
        "Percentile": 90,
        "Value": 0.0009096785012788798
      },
      {
        "Percentile": 99,
        "Value": 0.0009933135126016877
      },
      {
        "Percentile": 99.9,
        "Value": 0.06377449892299955
      }
    ]
  },
  "Exactly": 0,
  "Jitter": true,
  "RetCodes": {
    "200": 1518554
  },
  "Sizes": {
    "Count": 1518554,
    "Min": 75,
    "Max": 75,
    "Sum": 113891550,
    "Avg": 75,
    "StdDev": 0,
    "Data": [
      {
        "Start": 75,
        "End": 75,
        "Percent": 100,
        "Count": 1518554
      }
    ],
    "Percentiles": null
  },
  "HeaderSizes": {
    "Count": 1518554,
    "Min": 75,
    "Max": 75,
    "Sum": 113891550,
    "Avg": 75,
    "StdDev": 0,
    "Data": [
      {
        "Start": 75,
        "End": 75,
        "Percent": 100,
        "Count": 1518554
      }
    ],
    "Percentiles": null
  },
  "URL": "http://fortio-server:8080/echo\\?size\\=2048",
  "SocketCount": 7,
  "AbortOn": 0
}
