{
  "RunType": "HTTP",
  "Labels": "2pod-diffnode-nosidecar-1core-conn14-resp32",
  "StartTime": "2021-03-28T08:17:32.432628019Z",
  "RequestedQPS": "max",
  "RequestedDuration": "1m0s",
  "ActualQPS": 25694.33525363587,
  "ActualDuration": 60010698264,
  "NumThreads": 14,
  "Version": "1.11.3",
  "DurationHistogram": {
    "Count": 1541935,
    "Min": 0.000073093,
    "Max": 0.081831547,
    "Sum": 839.6890743050026,
    "Avg": 0.0005445683989954198,
    "StdDev": 0.00539396684782154,
    "Data": [
      {
        "Start": 0.000073093,
        "End": 0.001,
        "Percent": 99.44874459688639,
        "Count": 1533435
      },
      {
        "Start": 0.001,
        "End": 0.002,
        "Percent": 99.45412744376384,
        "Count": 83
      },
      {
        "Start": 0.011,
        "End": 0.012,
        "Percent": 99.45425715091751,
        "Count": 2
      },
      {
        "Start": 0.012,
        "End": 0.014,
        "Percent": 99.45432200449436,
        "Count": 1
      },
      {
        "Start": 0.02,
        "End": 0.025,
        "Percent": 99.45471112595537,
        "Count": 6
      },
      {
        "Start": 0.025,
        "End": 0.03,
        "Percent": 99.45561907603108,
        "Count": 14
      },
      {
        "Start": 0.04,
        "End": 0.045,
        "Percent": 99.45743497618253,
        "Count": 28
      },
      {
        "Start": 0.045,
        "End": 0.05,
        "Percent": 99.51638687752727,
        "Count": 909
      },
      {
        "Start": 0.05,
        "End": 0.06,
        "Percent": 99.57267978222168,
        "Count": 868
      },
      {
        "Start": 0.07,
        "End": 0.08,
        "Percent": 99.95680751782663,
        "Count": 5923
      },
      {
        "Start": 0.08,
        "End": 0.081831547,
        "Percent": 100,
        "Count": 666
      }
    ],
    "Percentiles": [
      {
        "Percentile": 50,
        "Value": 0.0005391151735108912
      },
      {
        "Percentile": 75,
        "Value": 0.0007721265624987772
      },
      {
        "Percentile": 90,
        "Value": 0.0009119333958915089
      },
      {
        "Percentile": 99,
        "Value": 0.0009958174959271478
      },
      {
        "Percentile": 99.9,
        "Value": 0.07852112949518829
      }
    ]
  },
  "Exactly": 0,
  "Jitter": true,
  "RetCodes": {
    "200": 1541935
  },
  "Sizes": {
    "Count": 1541935,
    "Min": 75,
    "Max": 75,
    "Sum": 115645125,
    "Avg": 75,
    "StdDev": 0,
    "Data": [
      {
        "Start": 75,
        "End": 75,
        "Percent": 100,
        "Count": 1541935
      }
    ],
    "Percentiles": null
  },
  "HeaderSizes": {
    "Count": 1541935,
    "Min": 75,
    "Max": 75,
    "Sum": 115645125,
    "Avg": 75,
    "StdDev": 0,
    "Data": [
      {
        "Start": 75,
        "End": 75,
        "Percent": 100,
        "Count": 1541935
      }
    ],
    "Percentiles": null
  },
  "URL": "http://fortio-server:8080/echo\\?size\\=32",
  "SocketCount": 14,
  "AbortOn": 0
}
