{
  "RunType": "HTTP",
  "Labels": "2pod-diffnode-nosidecar-1core-conn6-resp1024",
  "StartTime": "2021-03-28T08:59:33.129561826Z",
  "RequestedQPS": "max",
  "RequestedDuration": "1m0s",
  "ActualQPS": 24806.829100786425,
  "ActualDuration": 60013675829,
  "NumThreads": 6,
  "Version": "1.11.3",
  "DurationHistogram": {
    "Count": 1488749,
    "Min": 0.000074316,
    "Max": 0.063213384,
    "Sum": 359.692346501997,
    "Avg": 0.0002416071120800061,
    "StdDev": 0.002506218274818036,
    "Data": [
      {
        "Start": 0.000074316,
        "End": 0.001,
        "Percent": 99.75556658644271,
        "Count": 1485110
      },
      {
        "Start": 0.001,
        "End": 0.002,
        "Percent": 99.75677565526492,
        "Count": 18
      },
      {
        "Start": 0.002,
        "End": 0.003,
        "Percent": 99.75744736016615,
        "Count": 10
      },
      {
        "Start": 0.003,
        "End": 0.004,
        "Percent": 99.75758170114639,
        "Count": 2
      },
      {
        "Start": 0.006,
        "End": 0.007,
        "Percent": 99.75778321261677,
        "Count": 3
      },
      {
        "Start": 0.008,
        "End": 0.009000000000000001,
        "Percent": 99.75798472408714,
        "Count": 3
      },
      {
        "Start": 0.016,
        "End": 0.018000000000000002,
        "Percent": 99.75811906506738,
        "Count": 2
      },
      {
        "Start": 0.018000000000000002,
        "End": 0.02,
        "Percent": 99.7581862355575,
        "Count": 1
      },
      {
        "Start": 0.02,
        "End": 0.025,
        "Percent": 99.75858925849825,
        "Count": 6
      },
      {
        "Start": 0.025,
        "End": 0.03,
        "Percent": 99.76839615005619,
        "Count": 146
      },
      {
        "Start": 0.03,
        "End": 0.035,
        "Percent": 99.81024336540277,
        "Count": 623
      },
      {
        "Start": 0.035,
        "End": 0.04,
        "Percent": 99.83791760733341,
        "Count": 412
      },
      {
        "Start": 0.04,
        "End": 0.045,
        "Percent": 99.83899233517538,
        "Count": 16
      },
      {
        "Start": 0.045,
        "End": 0.05,
        "Percent": 99.83919384664574,
        "Count": 3
      },
      {
        "Start": 0.05,
        "End": 0.06,
        "Percent": 99.987976482268,
        "Count": 2215
      },
      {
        "Start": 0.06,
        "End": 0.063213384,
        "Percent": 100,
        "Count": 179
      }
    ],
    "Percentiles": [
      {
        "Percentile": 50,
        "Value": 0.0005382918017586588
      },
      {
        "Percentile": 75,
        "Value": 0.0007702800142932269
      },
      {
        "Percentile": 90,
        "Value": 0.0009094729418139679
      },
      {
        "Percentile": 99,
        "Value": 0.0009929886983264123
      },
      {
        "Percentile": 99.9,
        "Value": 0.05408691196388302
      }
    ]
  },
  "Exactly": 0,
  "Jitter": true,
  "RetCodes": {
    "200": 1488749
  },
  "Sizes": {
    "Count": 1488749,
    "Min": 75,
    "Max": 75,
    "Sum": 111656175,
    "Avg": 75,
    "StdDev": 8.003672360275875e-7,
    "Data": [
      {
        "Start": 75,
        "End": 75,
        "Percent": 100,
        "Count": 1488749
      }
    ],
    "Percentiles": null
  },
  "HeaderSizes": {
    "Count": 1488749,
    "Min": 75,
    "Max": 75,
    "Sum": 111656175,
    "Avg": 75,
    "StdDev": 8.003672360275875e-7,
    "Data": [
      {
        "Start": 75,
        "End": 75,
        "Percent": 100,
        "Count": 1488749
      }
    ],
    "Percentiles": null
  },
  "URL": "http://fortio-server:8080/echo\\?size\\=1024",
  "SocketCount": 6,
  "AbortOn": 0
}
