{
  "RunType": "HTTP",
  "Labels": "2pod-diffnode-nosidecar-1core-conn16-resp512",
  "StartTime": "2021-03-28T08:52:58.644433682Z",
  "RequestedQPS": "max",
  "RequestedDuration": "1m0s",
  "ActualQPS": 28061.5415689759,
  "ActualDuration": 60000802018,
  "NumThreads": 16,
  "Version": "1.11.3",
  "DurationHistogram": {
    "Count": 1683715,
    "Min": 0.000074442,
    "Max": 0.077206217,
    "Sum": 959.527687494001,
    "Avg": 0.0005698872359597682,
    "StdDev": 0.005511497112451698,
    "Data": [
      {
        "Start": 0.000074442,
        "End": 0.001,
        "Percent": 99.4222894017099,
        "Count": 1673988
      },
      {
        "Start": 0.001,
        "End": 0.002,
        "Percent": 99.4263874824421,
        "Count": 69
      },
      {
        "Start": 0.002,
        "End": 0.003,
        "Percent": 99.4272783695578,
        "Count": 15
      },
      {
        "Start": 0.004,
        "End": 0.005,
        "Percent": 99.42757533192969,
        "Count": 5
      },
      {
        "Start": 0.005,
        "End": 0.006,
        "Percent": 99.42822864914787,
        "Count": 11
      },
      {
        "Start": 0.014,
        "End": 0.016,
        "Percent": 99.428406826571,
        "Count": 3
      },
      {
        "Start": 0.02,
        "End": 0.025,
        "Percent": 99.42983224595612,
        "Count": 24
      },
      {
        "Start": 0.025,
        "End": 0.03,
        "Percent": 99.43030738575115,
        "Count": 8
      },
      {
        "Start": 0.045,
        "End": 0.05,
        "Percent": 99.43078252554619,
        "Count": 8
      },
      {
        "Start": 0.05,
        "End": 0.06,
        "Percent": 99.43143584276436,
        "Count": 11
      },
      {
        "Start": 0.06,
        "End": 0.07,
        "Percent": 99.43398971916268,
        "Count": 43
      },
      {
        "Start": 0.07,
        "End": 0.077206217,
        "Percent": 100,
        "Count": 9530
      }
    ],
    "Percentiles": [
      {
        "Percentile": 50,
        "Value": 0.0005399097834576972
      },
      {
        "Percentile": 75,
        "Value": 0.0007726439516397081
      },
      {
        "Percentile": 90,
        "Value": 0.0009122844525489148
      },
      {
        "Percentile": 99,
        "Value": 0.0009960687530944387
      },
      {
        "Percentile": 99.9,
        "Value": 0.0759330569101622
      }
    ]
  },
  "Exactly": 0,
  "Jitter": true,
  "RetCodes": {
    "200": 1683715
  },
  "Sizes": {
    "Count": 1683715,
    "Min": 75,
    "Max": 75,
    "Sum": 126278625,
    "Avg": 75,
    "StdDev": 0,
    "Data": [
      {
        "Start": 75,
        "End": 75,
        "Percent": 100,
        "Count": 1683715
      }
    ],
    "Percentiles": null
  },
  "HeaderSizes": {
    "Count": 1683715,
    "Min": 75,
    "Max": 75,
    "Sum": 126278625,
    "Avg": 75,
    "StdDev": 0,
    "Data": [
      {
        "Start": 75,
        "End": 75,
        "Percent": 100,
        "Count": 1683715
      }
    ],
    "Percentiles": null
  },
  "URL": "http://fortio-server:8080/echo\\?size\\=512",
  "SocketCount": 16,
  "AbortOn": 0
}
