{
  "RunType": "HTTP",
  "Labels": "2pod-diffnode-nosidecar-1core-conn10-resp32",
  "StartTime": "2021-03-28T08:13:29.724971539Z",
  "RequestedQPS": "max",
  "RequestedDuration": "1m0s",
  "ActualQPS": 28168.674877174846,
  "ActualDuration": 60018052229,
  "NumThreads": 10,
  "Version": "1.11.3",
  "DurationHistogram": {
    "Count": 1690629,
    "Min": 0.000071643,
    "Max": 0.071796138,
    "Sum": 599.6393752250001,
    "Avg": 0.0003546841886806627,
    "StdDev": 0.003748230525356644,
    "Data": [
      {
        "Start": 0.000071643,
        "End": 0.001,
        "Percent": 99.6430322678719,
        "Count": 1684594
      },
      {
        "Start": 0.001,
        "End": 0.002,
        "Percent": 99.64409696036209,
        "Count": 18
      },
      {
        "Start": 0.007,
        "End": 0.008,
        "Percent": 99.64421525952767,
        "Count": 2
      },
      {
        "Start": 0.008,
        "End": 0.009000000000000001,
        "Percent": 99.64427440911045,
        "Count": 1
      },
      {
        "Start": 0.012,
        "End": 0.014,
        "Percent": 99.64451100744161,
        "Count": 4
      },
      {
        "Start": 0.025,
        "End": 0.03,
        "Percent": 99.64527995201786,
        "Count": 13
      },
      {
        "Start": 0.03,
        "End": 0.035,
        "Percent": 99.64569399909738,
        "Count": 7
      },
      {
        "Start": 0.045,
        "End": 0.05,
        "Percent": 99.64610804617689,
        "Count": 7
      },
      {
        "Start": 0.05,
        "End": 0.06,
        "Percent": 99.78368997574276,
        "Count": 2326
      },
      {
        "Start": 0.06,
        "End": 0.07,
        "Percent": 99.99810721335076,
        "Count": 3625
      },
      {
        "Start": 0.07,
        "End": 0.071796138,
        "Percent": 100,
        "Count": 32
      }
    ],
    "Percentiles": [
      {
        "Percentile": 50,
        "Value": 0.0005374841289370785
      },
      {
        "Percentile": 75,
        "Value": 0.0007704049689490281
      },
      {
        "Percentile": 90,
        "Value": 0.0009101574729561976
      },
      {
        "Percentile": 99,
        "Value": 0.0009940089753604996
      },
      {
        "Percentile": 99.9,
        "Value": 0.06542447172413829
      }
    ]
  },
  "Exactly": 0,
  "Jitter": true,
  "RetCodes": {
    "200": 1690629
  },
  "Sizes": {
    "Count": 1690629,
    "Min": 75,
    "Max": 75,
    "Sum": 126797175,
    "Avg": 75,
    "StdDev": 0,
    "Data": [
      {
        "Start": 75,
        "End": 75,
        "Percent": 100,
        "Count": 1690629
      }
    ],
    "Percentiles": null
  },
  "HeaderSizes": {
    "Count": 1690629,
    "Min": 75,
    "Max": 75,
    "Sum": 126797175,
    "Avg": 75,
    "StdDev": 0,
    "Data": [
      {
        "Start": 75,
        "End": 75,
        "Percent": 100,
        "Count": 1690629
      }
    ],
    "Percentiles": null
  },
  "URL": "http://fortio-server:8080/echo\\?size\\=32",
  "SocketCount": 10,
  "AbortOn": 0
}
