{
  "RunType": "HTTP",
  "Labels": "2pod-diffnode-nosidecar-1core-conn1-resp32",
  "StartTime": "2021-03-28T08:04:23.214789174Z",
  "RequestedQPS": "max",
  "RequestedDuration": "1m0s",
  "ActualQPS": 7548.3496645122705,
  "ActualDuration": 60000135146,
  "NumThreads": 1,
  "Version": "1.11.3",
  "DurationHistogram": {
    "Count": 452902,
    "Min": 0.000093413,
    "Max": 0.01934093,
    "Sum": 59.906498667000314,
    "Avg": 0.00013227254166905933,
    "StdDev": 0.00039244125734172155,
    "Data": [
      {
        "Start": 0.000093413,
        "End": 0.001,
        "Percent": 99.86707941232319,
        "Count": 452300
      },
      {
        "Start": 0.001,
        "End": 0.002,
        "Percent": 99.86774180727839,
        "Count": 3
      },
      {
        "Start": 0.002,
        "End": 0.003,
        "Percent": 99.868625000552,
        "Count": 4
      },
      {
        "Start": 0.003,
        "End": 0.004,
        "Percent": 99.8695081938256,
        "Count": 4
      },
      {
        "Start": 0.004,
        "End": 0.005,
        "Percent": 99.87105378205439,
        "Count": 7
      },
      {
        "Start": 0.005,
        "End": 0.006,
        "Percent": 99.8739241601936,
        "Count": 13
      },
      {
        "Start": 0.006,
        "End": 0.007,
        "Percent": 99.87988571479039,
        "Count": 27
      },
      {
        "Start": 0.007,
        "End": 0.008,
        "Percent": 99.8889384458448,
        "Count": 41
      },
      {
        "Start": 0.008,
        "End": 0.009000000000000001,
        "Percent": 99.9030695382224,
        "Count": 64
      },
      {
        "Start": 0.009000000000000001,
        "End": 0.01,
        "Percent": 99.91786302555519,
        "Count": 67
      },
      {
        "Start": 0.01,
        "End": 0.011,
        "Percent": 99.9401636557136,
        "Count": 101
      },
      {
        "Start": 0.011,
        "End": 0.012,
        "Percent": 99.960256302688,
        "Count": 91
      },
      {
        "Start": 0.012,
        "End": 0.014,
        "Percent": 99.9880768908064,
        "Count": 126
      },
      {
        "Start": 0.014,
        "End": 0.016,
        "Percent": 99.997792016816,
        "Count": 44
      },
      {
        "Start": 0.016,
        "End": 0.018000000000000002,
        "Percent": 99.9997792016816,
        "Count": 9
      },
      {
        "Start": 0.018000000000000002,
        "End": 0.01934093,
        "Percent": 100,
        "Count": 1
      }
    ],
    "Percentiles": [
      {
        "Percentile": 50,
        "Value": 0.0005473088214588138
      },
      {
        "Percentile": 75,
        "Value": 0.0007742577343869874
      },
      {
        "Percentile": 90,
        "Value": 0.0009104270821438916
      },
      {
        "Percentile": 99,
        "Value": 0.0009921286907980341
      },
      {
        "Percentile": 99.9,
        "Value": 0.008782781250000345
      }
    ]
  },
  "Exactly": 0,
  "Jitter": true,
  "RetCodes": {
    "200": 452902
  },
  "Sizes": {
    "Count": 452902,
    "Min": 75,
    "Max": 75,
    "Sum": 33967650,
    "Avg": 75,
    "StdDev": 0,
    "Data": [
      {
        "Start": 75,
        "End": 75,
        "Percent": 100,
        "Count": 452902
      }
    ],
    "Percentiles": null
  },
  "HeaderSizes": {
    "Count": 452902,
    "Min": 75,
    "Max": 75,
    "Sum": 33967650,
    "Avg": 75,
    "StdDev": 0,
    "Data": [
      {
        "Start": 75,
        "End": 75,
        "Percent": 100,
        "Count": 452902
      }
    ],
    "Percentiles": null
  },
  "URL": "http://fortio-server:8080/echo\\?size\\=32",
  "SocketCount": 1,
  "AbortOn": 0
}
