{
  "RunType": "HTTP",
  "Labels": "2pod-diffnode-nosidecar-1core-conn6-resp512",
  "StartTime": "2021-03-28T08:42:51.157387786Z",
  "RequestedQPS": "max",
  "RequestedDuration": "1m0s",
  "ActualQPS": 25195.872781772003,
  "ActualDuration": 60000144194,
  "NumThreads": 6,
  "Version": "1.11.3",
  "DurationHistogram": {
    "Count": 1511756,
    "Min": 0.000074343,
    "Max": 0.062703611,
    "Sum": 359.66406091499914,
    "Avg": 0.00023791144927818984,
    "StdDev": 0.002460207040898376,
    "Data": [
      {
        "Start": 0.000074343,
        "End": 0.001,
        "Percent": 99.75941884801516,
        "Count": 1508119
      },
      {
        "Start": 0.001,
        "End": 0.002,
        "Percent": 99.7609402575548,
        "Count": 23
      },
      {
        "Start": 0.002,
        "End": 0.003,
        "Percent": 99.7610725540365,
        "Count": 2
      },
      {
        "Start": 0.003,
        "End": 0.004,
        "Percent": 99.76146944348162,
        "Count": 6
      },
      {
        "Start": 0.004,
        "End": 0.005,
        "Percent": 99.76160173996333,
        "Count": 2
      },
      {
        "Start": 0.006,
        "End": 0.007,
        "Percent": 99.76186633292674,
        "Count": 4
      },
      {
        "Start": 0.02,
        "End": 0.025,
        "Percent": 99.76338774246638,
        "Count": 23
      },
      {
        "Start": 0.025,
        "End": 0.03,
        "Percent": 99.7783372448993,
        "Count": 226
      },
      {
        "Start": 0.03,
        "End": 0.035,
        "Percent": 99.8267577572042,
        "Count": 732
      },
      {
        "Start": 0.035,
        "End": 0.04,
        "Percent": 99.84150881491458,
        "Count": 223
      },
      {
        "Start": 0.05,
        "End": 0.06,
        "Percent": 99.99027620859451,
        "Count": 2249
      },
      {
        "Start": 0.06,
        "End": 0.062703611,
        "Percent": 100,
        "Count": 147
      }
    ],
    "Percentiles": [
      {
        "Percentile": 50,
        "Value": 0.0005382873572644846
      },
      {
        "Percentile": 75,
        "Value": 0.0007702598427881638
      },
      {
        "Percentile": 90,
        "Value": 0.0009094433341023713
      },
      {
        "Percentile": 99,
        "Value": 0.0009929534288908956
      },
      {
        "Percentile": 99.9,
        "Value": 0.053931720764784745
      }
    ]
  },
  "Exactly": 0,
  "Jitter": true,
  "RetCodes": {
    "200": 1511756
  },
  "Sizes": {
    "Count": 1511756,
    "Min": 75,
    "Max": 75,
    "Sum": 113381700,
    "Avg": 75,
    "StdDev": 0,
    "Data": [
      {
        "Start": 75,
        "End": 75,
        "Percent": 100,
        "Count": 1511756
      }
    ],
    "Percentiles": null
  },
  "HeaderSizes": {
    "Count": 1511756,
    "Min": 75,
    "Max": 75,
    "Sum": 113381700,
    "Avg": 75,
    "StdDev": 0,
    "Data": [
      {
        "Start": 75,
        "End": 75,
        "Percent": 100,
        "Count": 1511756
      }
    ],
    "Percentiles": null
  },
  "URL": "http://fortio-server:8080/echo\\?size\\=512",
  "SocketCount": 6,
  "AbortOn": 0
}
