{
  "RunType": "HTTP",
  "Labels": "2pod-diffnode-nosidecar-1core-conn2-resp1024",
  "StartTime": "2021-03-28T08:55:30.103207158Z",
  "RequestedQPS": "max",
  "RequestedDuration": "1m0s",
  "ActualQPS": 14906.498560447259,
  "ActualDuration": 60000139964,
  "NumThreads": 2,
  "Version": "1.11.3",
  "DurationHistogram": {
    "Count": 894392,
    "Min": 0.000083518,
    "Max": 0.019108799,
    "Sum": 119.81576436500109,
    "Avg": 0.00013396336770118817,
    "StdDev": 0.00041611013670649646,
    "Data": [
      {
        "Start": 0.000083518,
        "End": 0.001,
        "Percent": 99.86661329707779,
        "Count": 893199
      },
      {
        "Start": 0.001,
        "End": 0.002,
        "Percent": 99.86694872047156,
        "Count": 3
      },
      {
        "Start": 0.002,
        "End": 0.003,
        "Percent": 99.86750775946118,
        "Count": 5
      },
      {
        "Start": 0.003,
        "End": 0.004,
        "Percent": 99.86851402964248,
        "Count": 9
      },
      {
        "Start": 0.004,
        "End": 0.005,
        "Percent": 99.86963210762171,
        "Count": 10
      },
      {
        "Start": 0.005,
        "End": 0.006,
        "Percent": 99.87209187917603,
        "Count": 22
      },
      {
        "Start": 0.006,
        "End": 0.007,
        "Percent": 99.87622876769917,
        "Count": 37
      },
      {
        "Start": 0.007,
        "End": 0.008,
        "Percent": 99.88327265896832,
        "Count": 63
      },
      {
        "Start": 0.008,
        "End": 0.009000000000000001,
        "Percent": 99.89467705435648,
        "Count": 102
      },
      {
        "Start": 0.009000000000000001,
        "End": 0.01,
        "Percent": 99.90954749148024,
        "Count": 133
      },
      {
        "Start": 0.01,
        "End": 0.011,
        "Percent": 99.92698950795624,
        "Count": 156
      },
      {
        "Start": 0.011,
        "End": 0.012,
        "Percent": 99.94644406479486,
        "Count": 174
      },
      {
        "Start": 0.012,
        "End": 0.014,
        "Percent": 99.98099267435308,
        "Count": 309
      },
      {
        "Start": 0.014,
        "End": 0.016,
        "Percent": 99.99474503349762,
        "Count": 123
      },
      {
        "Start": 0.016,
        "End": 0.018000000000000002,
        "Percent": 99.99921734541454,
        "Count": 40
      },
      {
        "Start": 0.018000000000000002,
        "End": 0.019108799,
        "Percent": 100,
        "Count": 7
      }
    ],
    "Percentiles": [
      {
        "Percentile": 50,
        "Value": 0.000542370536604426
      },
      {
        "Percentile": 75,
        "Value": 0.000771797317940703
      },
      {
        "Percentile": 90,
        "Value": 0.0009094533867424692
      },
      {
        "Percentile": 99,
        "Value": 0.000992047028023529
      },
      {
        "Percentile": 99.9,
        "Value": 0.009357954887218618
      }
    ]
  },
  "Exactly": 0,
  "Jitter": true,
  "RetCodes": {
    "200": 894392
  },
  "Sizes": {
    "Count": 894392,
    "Min": 75,
    "Max": 75,
    "Sum": 67079400,
    "Avg": 75,
    "StdDev": 0,
    "Data": [
      {
        "Start": 75,
        "End": 75,
        "Percent": 100,
        "Count": 894392
      }
    ],
    "Percentiles": null
  },
  "HeaderSizes": {
    "Count": 894392,
    "Min": 75,
    "Max": 75,
    "Sum": 67079400,
    "Avg": 75,
    "StdDev": 0,
    "Data": [
      {
        "Start": 75,
        "End": 75,
        "Percent": 100,
        "Count": 894392
      }
    ],
    "Percentiles": null
  },
  "URL": "http://fortio-server:8080/echo\\?size\\=1024",
  "SocketCount": 2,
  "AbortOn": 0
}
