{
  "RunType": "HTTP",
  "Labels": "2pod-diffnode-nosidecar-1core-conn6-resp128",
  "StartTime": "2021-03-28T08:25:08.089934264Z",
  "RequestedQPS": "max",
  "RequestedDuration": "1m0s",
  "ActualQPS": 24790.87674479344,
  "ActualDuration": 60032608581,
  "NumThreads": 6,
  "Version": "1.11.3",
  "DurationHistogram": {
    "Count": 1488261,
    "Min": 0.000072092,
    "Max": 0.055853829,
    "Sum": 359.74903322600255,
    "Avg": 0.0002417244241608176,
    "StdDev": 0.002463948837147317,
    "Data": [
      {
        "Start": 0.000072092,
        "End": 0.001,
        "Percent": 99.75656151709948,
        "Count": 1484638
      },
      {
        "Start": 0.001,
        "End": 0.002,
        "Percent": 99.75709905722182,
        "Count": 8
      },
      {
        "Start": 0.004,
        "End": 0.005,
        "Percent": 99.75743501979828,
        "Count": 5
      },
      {
        "Start": 0.009000000000000001,
        "End": 0.01,
        "Percent": 99.75756940482886,
        "Count": 2
      },
      {
        "Start": 0.01,
        "End": 0.011,
        "Percent": 99.75777098237474,
        "Count": 3
      },
      {
        "Start": 0.018000000000000002,
        "End": 0.02,
        "Percent": 99.75790536740531,
        "Count": 2
      },
      {
        "Start": 0.025,
        "End": 0.03,
        "Percent": 99.7587116775888,
        "Count": 12
      },
      {
        "Start": 0.03,
        "End": 0.035,
        "Percent": 99.7588460626194,
        "Count": 2
      },
      {
        "Start": 0.035,
        "End": 0.04,
        "Percent": 99.75918202519586,
        "Count": 5
      },
      {
        "Start": 0.04,
        "End": 0.045,
        "Percent": 99.75985395034876,
        "Count": 10
      },
      {
        "Start": 0.045,
        "End": 0.05,
        "Percent": 99.8611802634081,
        "Count": 1508
      },
      {
        "Start": 0.05,
        "End": 0.055853829,
        "Percent": 100,
        "Count": 2066
      }
    ],
    "Percentiles": [
      {
        "Percentile": 50,
        "Value": 0.0005371778870457897
      },
      {
        "Percentile": 75,
        "Value": 0.0007697211430720103
      },
      {
        "Percentile": 90,
        "Value": 0.0009092470966877426
      },
      {
        "Percentile": 99,
        "Value": 0.000992962668857182
      },
      {
        "Percentile": 99.9,
        "Value": 0.05163697256177701
      }
    ]
  },
  "Exactly": 0,
  "Jitter": true,
  "RetCodes": {
    "200": 1488261
  },
  "Sizes": {
    "Count": 1488261,
    "Min": 75,
    "Max": 75,
    "Sum": 111619575,
    "Avg": 75,
    "StdDev": 8.004984452707076e-7,
    "Data": [
      {
        "Start": 75,
        "End": 75,
        "Percent": 100,
        "Count": 1488261
      }
    ],
    "Percentiles": null
  },
  "HeaderSizes": {
    "Count": 1488261,
    "Min": 75,
    "Max": 75,
    "Sum": 111619575,
    "Avg": 75,
    "StdDev": 8.004984452707076e-7,
    "Data": [
      {
        "Start": 75,
        "End": 75,
        "Percent": 100,
        "Count": 1488261
      }
    ],
    "Percentiles": null
  },
  "URL": "http://fortio-server:8080/echo\\?size\\=128",
  "SocketCount": 6,
  "AbortOn": 0
}
