{
  "RunType": "HTTP",
  "Labels": "2pod-diffnode-nosidecar-1core-conn11-resp128",
  "StartTime": "2021-03-28T08:30:12.06188457Z",
  "RequestedQPS": "max",
  "RequestedDuration": "1m0s",
  "ActualQPS": 26584.95512940915,
  "ActualDuration": 60060548992,
  "NumThreads": 11,
  "Version": "1.11.3",
  "DurationHistogram": {
    "Count": 1596707,
    "Min": 0.000074558,
    "Max": 0.077498816,
    "Sum": 660.0825660809993,
    "Avg": 0.0004134024376927009,
    "StdDev": 0.004339745099674076,
    "Data": [
      {
        "Start": 0.000074558,
        "End": 0.001,
        "Percent": 99.58019849602964,
        "Count": 1590004
      },
      {
        "Start": 0.001,
        "End": 0.002,
        "Percent": 99.58226524966697,
        "Count": 33
      },
      {
        "Start": 0.002,
        "End": 0.003,
        "Percent": 99.58314205424038,
        "Count": 14
      },
      {
        "Start": 0.003,
        "End": 0.004,
        "Percent": 99.58495829228531,
        "Count": 29
      },
      {
        "Start": 0.004,
        "End": 0.005,
        "Percent": 99.58502092118341,
        "Count": 1
      },
      {
        "Start": 0.005,
        "End": 0.006,
        "Percent": 99.58527143677581,
        "Count": 4
      },
      {
        "Start": 0.01,
        "End": 0.011,
        "Percent": 99.58564721016442,
        "Count": 6
      },
      {
        "Start": 0.011,
        "End": 0.012,
        "Percent": 99.58614824134922,
        "Count": 8
      },
      {
        "Start": 0.03,
        "End": 0.035,
        "Percent": 99.58683715922834,
        "Count": 11
      },
      {
        "Start": 0.04,
        "End": 0.045,
        "Percent": 99.58859076837516,
        "Count": 28
      },
      {
        "Start": 0.045,
        "End": 0.05,
        "Percent": 99.64539517895268,
        "Count": 907
      },
      {
        "Start": 0.05,
        "End": 0.06,
        "Percent": 99.69938128911566,
        "Count": 862
      },
      {
        "Start": 0.06,
        "End": 0.07,
        "Percent": 99.7021369606321,
        "Count": 44
      },
      {
        "Start": 0.07,
        "End": 0.077498816,
        "Percent": 100,
        "Count": 4756
      }
    ],
    "Percentiles": [
      {
        "Percentile": 50,
        "Value": 0.0005392294089879076
      },
      {
        "Percentile": 75,
        "Value": 0.0007715654045008091
      },
      {
        "Percentile": 90,
        "Value": 0.0009109670018085501
      },
      {
        "Percentile": 99,
        "Value": 0.0009946079601931947
      },
      {
        "Percentile": 99.9,
        "Value": 0.07498127773277725
      }
    ]
  },
  "Exactly": 0,
  "Jitter": true,
  "RetCodes": {
    "200": 1596707
  },
  "Sizes": {
    "Count": 1596707,
    "Min": 75,
    "Max": 75,
    "Sum": 119753025,
    "Avg": 75,
    "StdDev": 0,
    "Data": [
      {
        "Start": 75,
        "End": 75,
        "Percent": 100,
        "Count": 1596707
      }
    ],
    "Percentiles": null
  },
  "HeaderSizes": {
    "Count": 1596707,
    "Min": 75,
    "Max": 75,
    "Sum": 119753025,
    "Avg": 75,
    "StdDev": 0,
    "Data": [
      {
        "Start": 75,
        "End": 75,
        "Percent": 100,
        "Count": 1596707
      }
    ],
    "Percentiles": null
  },
  "URL": "http://fortio-server:8080/echo\\?size\\=128",
  "SocketCount": 11,
  "AbortOn": 0
}
