{
  "RunType": "HTTP",
  "Labels": "2pod-diffnode-nosidecar-1core-conn10-resp1024",
  "StartTime": "2021-03-28T09:03:36.917329623Z",
  "RequestedQPS": "max",
  "RequestedDuration": "1m0s",
  "ActualQPS": 28045.51059515506,
  "ActualDuration": 60026077767,
  "NumThreads": 10,
  "Version": "1.11.3",
  "DurationHistogram": {
    "Count": 1683462,
    "Min": 0.000073776,
    "Max": 0.069305798,
    "Sum": 599.7171537679995,
    "Avg": 0.0003562403866365855,
    "StdDev": 0.003753720678870752,
    "Data": [
      {
        "Start": 0.000073776,
        "End": 0.001,
        "Percent": 99.63931469792605,
        "Count": 1677390
      },
      {
        "Start": 0.001,
        "End": 0.002,
        "Percent": 99.64032452172962,
        "Count": 17
      },
      {
        "Start": 0.003,
        "End": 0.004,
        "Percent": 99.64062152873068,
        "Count": 5
      },
      {
        "Start": 0.004,
        "End": 0.005,
        "Percent": 99.64109673993235,
        "Count": 8
      },
      {
        "Start": 0.005,
        "End": 0.006,
        "Percent": 99.64157195113403,
        "Count": 8
      },
      {
        "Start": 0.007,
        "End": 0.008,
        "Percent": 99.64192835953529,
        "Count": 6
      },
      {
        "Start": 0.009000000000000001,
        "End": 0.01,
        "Percent": 99.64210656373592,
        "Count": 3
      },
      {
        "Start": 0.016,
        "End": 0.018000000000000002,
        "Percent": 99.64240357073697,
        "Count": 5
      },
      {
        "Start": 0.02,
        "End": 0.025,
        "Percent": 99.64270057773801,
        "Count": 5
      },
      {
        "Start": 0.025,
        "End": 0.03,
        "Percent": 99.64299758473906,
        "Count": 5
      },
      {
        "Start": 0.03,
        "End": 0.035,
        "Percent": 99.64477962674536,
        "Count": 30
      },
      {
        "Start": 0.04,
        "End": 0.045,
        "Percent": 99.64507663374641,
        "Count": 5
      },
      {
        "Start": 0.045,
        "End": 0.05,
        "Percent": 99.64525483794704,
        "Count": 3
      },
      {
        "Start": 0.05,
        "End": 0.06,
        "Percent": 99.6492941331613,
        "Count": 68
      },
      {
        "Start": 0.06,
        "End": 0.069305798,
        "Percent": 100,
        "Count": 5904
      }
    ],
    "Percentiles": [
      {
        "Percentile": 50,
        "Value": 0.00053856414843784
      },
      {
        "Percentile": 75,
        "Value": 0.0007709584987477563
      },
      {
        "Percentile": 90,
        "Value": 0.000910395108933706
      },
      {
        "Percentile": 99,
        "Value": 0.0009940570750452758
      },
      {
        "Percentile": 99.9,
        "Value": 0.06665234994568513
      }
    ]
  },
  "Exactly": 0,
  "Jitter": true,
  "RetCodes": {
    "200": 1683462
  },
  "Sizes": {
    "Count": 1683462,
    "Min": 75,
    "Max": 75,
    "Sum": 126259650,
    "Avg": 75,
    "StdDev": 0,
    "Data": [
      {
        "Start": 75,
        "End": 75,
        "Percent": 100,
        "Count": 1683462
      }
    ],
    "Percentiles": null
  },
  "HeaderSizes": {
    "Count": 1683462,
    "Min": 75,
    "Max": 75,
    "Sum": 126259650,
    "Avg": 75,
    "StdDev": 0,
    "Data": [
      {
        "Start": 75,
        "End": 75,
        "Percent": 100,
        "Count": 1683462
      }
    ],
    "Percentiles": null
  },
  "URL": "http://fortio-server:8080/echo\\?size\\=1024",
  "SocketCount": 10,
  "AbortOn": 0
}
