{
  "RunType": "HTTP",
  "Labels": "2pod-diffnode-nosidecar-1core-conn4-resp128",
  "StartTime": "2021-03-28T08:23:06.452335207Z",
  "RequestedQPS": "max",
  "RequestedDuration": "1m0s",
  "ActualQPS": 23273.48640727301,
  "ActualDuration": 60000206912,
  "NumThreads": 4,
  "Version": "1.11.3",
  "DurationHistogram": {
    "Count": 1396414,
    "Min": 0.000075469,
    "Max": 0.042530134,
    "Sum": 239.69891245600127,
    "Avg": 0.00017165318627283975,
    "StdDev": 0.0013382954309896764,
    "Data": [
      {
        "Start": 0.000075469,
        "End": 0.001,
        "Percent": 99.82762991491062,
        "Count": 1394007
      },
      {
        "Start": 0.001,
        "End": 0.002,
        "Percent": 99.8281311989138,
        "Count": 7
      },
      {
        "Start": 0.005,
        "End": 0.006,
        "Percent": 99.82827442291469,
        "Count": 2
      },
      {
        "Start": 0.02,
        "End": 0.025,
        "Percent": 99.83056600692917,
        "Count": 32
      },
      {
        "Start": 0.025,
        "End": 0.03,
        "Percent": 99.86200367512787,
        "Count": 439
      },
      {
        "Start": 0.03,
        "End": 0.035,
        "Percent": 99.97250099182621,
        "Count": 1543
      },
      {
        "Start": 0.035,
        "End": 0.04,
        "Percent": 99.99978516399864,
        "Count": 381
      },
      {
        "Start": 0.04,
        "End": 0.042530134,
        "Percent": 100,
        "Count": 3
      }
    ],
    "Percentiles": [
      {
        "Percentile": 50,
        "Value": 0.0005385323522280393
      },
      {
        "Percentile": 75,
        "Value": 0.0007700643599514637
      },
      {
        "Percentile": 90,
        "Value": 0.0009089835645855182
      },
      {
        "Percentile": 99,
        "Value": 0.0009923350873659513
      },
      {
        "Percentile": 99.9,
        "Value": 0.03171933246921595
      }
    ]
  },
  "Exactly": 0,
  "Jitter": true,
  "RetCodes": {
    "200": 1396414
  },
  "Sizes": {
    "Count": 1396414,
    "Min": 75,
    "Max": 75,
    "Sum": 104731050,
    "Avg": 75,
    "StdDev": 0,
    "Data": [
      {
        "Start": 75,
        "End": 75,
        "Percent": 100,
        "Count": 1396414
      }
    ],
    "Percentiles": null
  },
  "HeaderSizes": {
    "Count": 1396414,
    "Min": 75,
    "Max": 75,
    "Sum": 104731050,
    "Avg": 75,
    "StdDev": 0,
    "Data": [
      {
        "Start": 75,
        "End": 75,
        "Percent": 100,
        "Count": 1396414
      }
    ],
    "Percentiles": null
  },
  "URL": "http://fortio-server:8080/echo\\?size\\=128",
  "SocketCount": 4,
  "AbortOn": 0
}
