{
  "RunType": "HTTP",
  "Labels": "2pod-diffnode-nosidecar-1core-conn5-resp32",
  "StartTime": "2021-03-28T08:08:26.049030216Z",
  "RequestedQPS": "max",
  "RequestedDuration": "1m0s",
  "ActualQPS": 24167.828010082318,
  "ActualDuration": 60000178725,
  "NumThreads": 5,
  "Version": "1.11.3",
  "DurationHistogram": {
    "Count": 1450074,
    "Min": 0.000074201,
    "Max": 0.054606768,
    "Sum": 299.66675842400247,
    "Avg": 0.00020665618335616147,
    "StdDev": 0.0019755226493535904,
    "Data": [
      {
        "Start": 0.000074201,
        "End": 0.001,
        "Percent": 99.79290712060212,
        "Count": 1447071
      },
      {
        "Start": 0.001,
        "End": 0.002,
        "Percent": 99.79297608259992,
        "Count": 1
      },
      {
        "Start": 0.005,
        "End": 0.006,
        "Percent": 99.79311400659553,
        "Count": 2
      },
      {
        "Start": 0.009000000000000001,
        "End": 0.01,
        "Percent": 99.79325193059113,
        "Count": 2
      },
      {
        "Start": 0.02,
        "End": 0.025,
        "Percent": 99.79421739856035,
        "Count": 14
      },
      {
        "Start": 0.025,
        "End": 0.03,
        "Percent": 99.80849253210526,
        "Count": 207
      },
      {
        "Start": 0.03,
        "End": 0.035,
        "Percent": 99.86373109234425,
        "Count": 801
      },
      {
        "Start": 0.035,
        "End": 0.04,
        "Percent": 99.87593736595511,
        "Count": 177
      },
      {
        "Start": 0.04,
        "End": 0.045,
        "Percent": 99.87752349190455,
        "Count": 23
      },
      {
        "Start": 0.045,
        "End": 0.05,
        "Percent": 99.94158918786214,
        "Count": 929
      },
      {
        "Start": 0.05,
        "End": 0.054606768,
        "Percent": 100,
        "Count": 847
      }
    ],
    "Percentiles": [
      {
        "Percentile": 50,
        "Value": 0.0005380608020579516
      },
      {
        "Percentile": 75,
        "Value": 0.0007699910229743551
      },
      {
        "Percentile": 90,
        "Value": 0.0009091491555241972
      },
      {
        "Percentile": 99,
        "Value": 0.0009926440350541024
      },
      {
        "Percentile": 99.9,
        "Value": 0.04675417653390774
      }
    ]
  },
  "Exactly": 0,
  "Jitter": true,
  "RetCodes": {
    "200": 1450074
  },
  "Sizes": {
    "Count": 1450074,
    "Min": 75,
    "Max": 75,
    "Sum": 108755550,
    "Avg": 75,
    "StdDev": 0,
    "Data": [
      {
        "Start": 75,
        "End": 75,
        "Percent": 100,
        "Count": 1450074
      }
    ],
    "Percentiles": null
  },
  "HeaderSizes": {
    "Count": 1450074,
    "Min": 75,
    "Max": 75,
    "Sum": 108755550,
    "Avg": 75,
    "StdDev": 0,
    "Data": [
      {
        "Start": 75,
        "End": 75,
        "Percent": 100,
        "Count": 1450074
      }
    ],
    "Percentiles": null
  },
  "URL": "http://fortio-server:8080/echo\\?size\\=32",
  "SocketCount": 5,
  "AbortOn": 0
}
