{
  "RunType": "HTTP",
  "Labels": "2pod-diffnode-nosidecar-1core-conn9-resp1024",
  "StartTime": "2021-03-28T09:02:36.248279968Z",
  "RequestedQPS": "max",
  "RequestedDuration": "1m0s",
  "ActualQPS": 26441.284332032763,
  "ActualDuration": 60000186832,
  "NumThreads": 9,
  "Version": "1.11.3",
  "DurationHistogram": {
    "Count": 1586482,
    "Min": 0.000074089,
    "Max": 0.073996484,
    "Sum": 539.5878392989999,
    "Avg": 0.0003401159542301772,
    "StdDev": 0.0036129903679217755,
    "Data": [
      {
        "Start": 0.000074089,
        "End": 0.001,
        "Percent": 99.6549598419648,
        "Count": 1581008
      },
      {
        "Start": 0.001,
        "End": 0.002,
        "Percent": 99.6559683627044,
        "Count": 16
      },
      {
        "Start": 0.003,
        "End": 0.004,
        "Percent": 99.6574811438138,
        "Count": 24
      },
      {
        "Start": 0.004,
        "End": 0.005,
        "Percent": 99.6582375343685,
        "Count": 12
      },
      {
        "Start": 0.005,
        "End": 0.006,
        "Percent": 99.65830056691472,
        "Count": 1
      },
      {
        "Start": 0.006,
        "End": 0.007,
        "Percent": 99.65855269709962,
        "Count": 4
      },
      {
        "Start": 0.008,
        "End": 0.009000000000000001,
        "Percent": 99.65886785983075,
        "Count": 5
      },
      {
        "Start": 0.009000000000000001,
        "End": 0.01,
        "Percent": 99.6592460551081,
        "Count": 6
      },
      {
        "Start": 0.014,
        "End": 0.016,
        "Percent": 99.65943515274677,
        "Count": 3
      },
      {
        "Start": 0.016,
        "End": 0.018000000000000002,
        "Percent": 99.65962425038545,
        "Count": 3
      },
      {
        "Start": 0.02,
        "End": 0.025,
        "Percent": 99.65981334802412,
        "Count": 3
      },
      {
        "Start": 0.04,
        "End": 0.045,
        "Percent": 99.66031760839392,
        "Count": 8
      },
      {
        "Start": 0.045,
        "End": 0.05,
        "Percent": 99.70589013931453,
        "Count": 723
      },
      {
        "Start": 0.05,
        "End": 0.06,
        "Percent": 99.77478471233837,
        "Count": 1093
      },
      {
        "Start": 0.06,
        "End": 0.07,
        "Percent": 99.99602894958782,
        "Count": 3510
      },
      {
        "Start": 0.07,
        "End": 0.073996484,
        "Percent": 100,
        "Count": 63
      }
    ],
    "Percentiles": [
      {
        "Percentile": 50,
        "Value": 0.0005386471212733403
      },
      {
        "Percentile": 75,
        "Value": 0.0007709264747331921
      },
      {
        "Percentile": 90,
        "Value": 0.0009102940868091032
      },
      {
        "Percentile": 99,
        "Value": 0.0009939146540546499
      },
      {
        "Percentile": 99.9,
        "Value": 0.06565959544159576
      }
    ]
  },
  "Exactly": 0,
  "Jitter": true,
  "RetCodes": {
    "200": 1586482
  },
  "Sizes": {
    "Count": 1586482,
    "Min": 75,
    "Max": 75,
    "Sum": 118986150,
    "Avg": 75,
    "StdDev": 0,
    "Data": [
      {
        "Start": 75,
        "End": 75,
        "Percent": 100,
        "Count": 1586482
      }
    ],
    "Percentiles": null
  },
  "HeaderSizes": {
    "Count": 1586482,
    "Min": 75,
    "Max": 75,
    "Sum": 118986150,
    "Avg": 75,
    "StdDev": 0,
    "Data": [
      {
        "Start": 75,
        "End": 75,
        "Percent": 100,
        "Count": 1586482
      }
    ],
    "Percentiles": null
  },
  "URL": "http://fortio-server:8080/echo\\?size\\=1024",
  "SocketCount": 9,
  "AbortOn": 0
}
