{
  "RunType": "HTTP",
  "Labels": "2pod-diffnode-nosidecar-1core-conn2-resp128",
  "StartTime": "2021-03-28T08:21:04.583213082Z",
  "RequestedQPS": "max",
  "RequestedDuration": "1m0s",
  "ActualQPS": 14986.327018839906,
  "ActualDuration": 60000158736,
  "NumThreads": 2,
  "Version": "1.11.3",
  "DurationHistogram": {
    "Count": 899182,
    "Min": 0.000083878,
    "Max": 0.018364023,
    "Sum": 119.81362910700167,
    "Avg": 0.00013324736160977608,
    "StdDev": 0.0004005930098309173,
    "Data": [
      {
        "Start": 0.000083878,
        "End": 0.001,
        "Percent": 99.8674350687625,
        "Count": 897990
      },
      {
        "Start": 0.001,
        "End": 0.002,
        "Percent": 99.86765749314377,
        "Count": 2
      },
      {
        "Start": 0.002,
        "End": 0.003,
        "Percent": 99.86799112971568,
        "Count": 3
      },
      {
        "Start": 0.003,
        "End": 0.004,
        "Percent": 99.86832476628759,
        "Count": 3
      },
      {
        "Start": 0.004,
        "End": 0.005,
        "Percent": 99.86965931257521,
        "Count": 12
      },
      {
        "Start": 0.005,
        "End": 0.006,
        "Percent": 99.87266204172236,
        "Count": 27
      },
      {
        "Start": 0.006,
        "End": 0.007,
        "Percent": 99.87755537811033,
        "Count": 44
      },
      {
        "Start": 0.007,
        "End": 0.008,
        "Percent": 99.8865635655518,
        "Count": 81
      },
      {
        "Start": 0.008,
        "End": 0.009000000000000001,
        "Percent": 99.90024266499996,
        "Count": 123
      },
      {
        "Start": 0.009000000000000001,
        "End": 0.01,
        "Percent": 99.91714691797657,
        "Count": 152
      },
      {
        "Start": 0.01,
        "End": 0.011,
        "Percent": 99.93527450505015,
        "Count": 163
      },
      {
        "Start": 0.011,
        "End": 0.012,
        "Percent": 99.95607118469898,
        "Count": 187
      },
      {
        "Start": 0.012,
        "End": 0.014,
        "Percent": 99.98565362740803,
        "Count": 266
      },
      {
        "Start": 0.014,
        "End": 0.016,
        "Percent": 99.99666363428094,
        "Count": 99
      },
      {
        "Start": 0.016,
        "End": 0.018000000000000002,
        "Percent": 99.99977757561872,
        "Count": 28
      },
      {
        "Start": 0.018000000000000002,
        "End": 0.018364023,
        "Percent": 100,
        "Count": 2
      }
    ],
    "Percentiles": [
      {
        "Percentile": 50,
        "Value": 0.0005425465248705718
      },
      {
        "Percentile": 75,
        "Value": 0.0007718812974023066
      },
      {
        "Percentile": 90,
        "Value": 0.0009094821609213475
      },
      {
        "Percentile": 99,
        "Value": 0.0009920426790327721
      },
      {
        "Percentile": 99.9,
        "Value": 0.008982260162602177
      }
    ]
  },
  "Exactly": 0,
  "Jitter": true,
  "RetCodes": {
    "200": 899182
  },
  "Sizes": {
    "Count": 899182,
    "Min": 75,
    "Max": 75,
    "Sum": 67438650,
    "Avg": 75,
    "StdDev": 0,
    "Data": [
      {
        "Start": 75,
        "End": 75,
        "Percent": 100,
        "Count": 899182
      }
    ],
    "Percentiles": null
  },
  "HeaderSizes": {
    "Count": 899182,
    "Min": 75,
    "Max": 75,
    "Sum": 67438650,
    "Avg": 75,
    "StdDev": 0,
    "Data": [
      {
        "Start": 75,
        "End": 75,
        "Percent": 100,
        "Count": 899182
      }
    ],
    "Percentiles": null
  },
  "URL": "http://fortio-server:8080/echo\\?size\\=128",
  "SocketCount": 2,
  "AbortOn": 0
}
