{
  "RunType": "HTTP",
  "Labels": "2pod-diffnode-nosidecar-1core-conn11-resp1024",
  "StartTime": "2021-03-28T09:04:37.86171298Z",
  "RequestedQPS": "max",
  "RequestedDuration": "1m0s",
  "ActualQPS": 28153.355982648136,
  "ActualDuration": 60060903611,
  "NumThreads": 11,
  "Version": "1.11.3",
  "DurationHistogram": {
    "Count": 1690916,
    "Min": 0.000072138,
    "Max": 0.071044144,
    "Sum": 659.8478488659957,
    "Avg": 0.00039023100429944226,
    "StdDev": 0.004070357069298744,
    "Data": [
      {
        "Start": 0.000072138,
        "End": 0.001,
        "Percent": 99.60553924618372,
        "Count": 1684246
      },
      {
        "Start": 0.001,
        "End": 0.002,
        "Percent": 99.60754999065595,
        "Count": 34
      },
      {
        "Start": 0.002,
        "End": 0.003,
        "Percent": 99.60760913019925,
        "Count": 1
      },
      {
        "Start": 0.003,
        "End": 0.004,
        "Percent": 99.60808224654566,
        "Count": 8
      },
      {
        "Start": 0.005,
        "End": 0.006,
        "Percent": 99.60831880471886,
        "Count": 4
      },
      {
        "Start": 0.006,
        "End": 0.007,
        "Percent": 99.60849622334877,
        "Count": 3
      },
      {
        "Start": 0.007,
        "End": 0.008,
        "Percent": 99.60861450243537,
        "Count": 2
      },
      {
        "Start": 0.008,
        "End": 0.009000000000000001,
        "Percent": 99.60879192106528,
        "Count": 3
      },
      {
        "Start": 0.01,
        "End": 0.011,
        "Percent": 99.60902847923848,
        "Count": 4
      },
      {
        "Start": 0.012,
        "End": 0.014,
        "Percent": 99.60938331649828,
        "Count": 6
      },
      {
        "Start": 0.02,
        "End": 0.025,
        "Percent": 99.60967901421478,
        "Count": 5
      },
      {
        "Start": 0.045,
        "End": 0.05,
        "Percent": 99.61003385147458,
        "Count": 6
      },
      {
        "Start": 0.05,
        "End": 0.06,
        "Percent": 99.61263599137982,
        "Count": 44
      },
      {
        "Start": 0.06,
        "End": 0.07,
        "Percent": 99.99828495324428,
        "Count": 6521
      },
      {
        "Start": 0.07,
        "End": 0.071044144,
        "Percent": 100,
        "Count": 29
      }
    ],
    "Percentiles": [
      {
        "Percentile": 50,
        "Value": 0.0005379059986783396
      },
      {
        "Percentile": 75,
        "Value": 0.0007707902734709024
      },
      {
        "Percentile": 90,
        "Value": 0.0009105208383464401
      },
      {
        "Percentile": 99,
        "Value": 0.0009943591772717628
      },
      {
        "Percentile": 99.9,
        "Value": 0.06745143996319594
      }
    ]
  },
  "Exactly": 0,
  "Jitter": true,
  "RetCodes": {
    "200": 1690916
  },
  "Sizes": {
    "Count": 1690916,
    "Min": 75,
    "Max": 75,
    "Sum": 126818700,
    "Avg": 75,
    "StdDev": 0,
    "Data": [
      {
        "Start": 75,
        "End": 75,
        "Percent": 100,
        "Count": 1690916
      }
    ],
    "Percentiles": null
  },
  "HeaderSizes": {
    "Count": 1690916,
    "Min": 75,
    "Max": 75,
    "Sum": 126818700,
    "Avg": 75,
    "StdDev": 0,
    "Data": [
      {
        "Start": 75,
        "End": 75,
        "Percent": 100,
        "Count": 1690916
      }
    ],
    "Percentiles": null
  },
  "URL": "http://fortio-server:8080/echo\\?size\\=1024",
  "SocketCount": 11,
  "AbortOn": 0
}
