{
  "RunType": "HTTP",
  "Labels": "2pod-diffnode-nosidecar-1core-conn8-resp512",
  "StartTime": "2021-03-28T08:44:52.712109924Z",
  "RequestedQPS": "max",
  "RequestedDuration": "1m0s",
  "ActualQPS": 26341.98834230202,
  "ActualDuration": 60031079638,
  "NumThreads": 8,
  "Version": "1.11.3",
  "DurationHistogram": {
    "Count": 1581338,
    "Min": 0.000073708,
    "Max": 0.067102306,
    "Sum": 479.7796079069998,
    "Avg": 0.0003034010489262889,
    "StdDev": 0.0032110213423340917,
    "Data": [
      {
        "Start": 0.000073708,
        "End": 0.001,
        "Percent": 99.69393007693485,
        "Count": 1576498
      },
      {
        "Start": 0.002,
        "End": 0.003,
        "Percent": 99.69411978969708,
        "Count": 3
      },
      {
        "Start": 0.003,
        "End": 0.004,
        "Percent": 99.6941830272845,
        "Count": 1
      },
      {
        "Start": 0.004,
        "End": 0.005,
        "Percent": 99.69443597763413,
        "Count": 4
      },
      {
        "Start": 0.006,
        "End": 0.007,
        "Percent": 99.69462569039636,
        "Count": 3
      },
      {
        "Start": 0.007,
        "End": 0.008,
        "Percent": 99.69481540315859,
        "Count": 3
      },
      {
        "Start": 0.008,
        "End": 0.009000000000000001,
        "Percent": 99.69506835350823,
        "Count": 4
      },
      {
        "Start": 0.012,
        "End": 0.014,
        "Percent": 99.69519482868306,
        "Count": 2
      },
      {
        "Start": 0.016,
        "End": 0.018000000000000002,
        "Percent": 99.6960801549068,
        "Count": 14
      },
      {
        "Start": 0.018000000000000002,
        "End": 0.02,
        "Percent": 99.6961433924942,
        "Count": 1
      },
      {
        "Start": 0.03,
        "End": 0.035,
        "Percent": 99.69696548113053,
        "Count": 13
      },
      {
        "Start": 0.035,
        "End": 0.04,
        "Percent": 99.69709195630536,
        "Count": 2
      },
      {
        "Start": 0.04,
        "End": 0.045,
        "Percent": 99.69835670805357,
        "Count": 20
      },
      {
        "Start": 0.045,
        "End": 0.05,
        "Percent": 99.74433043410075,
        "Count": 727
      },
      {
        "Start": 0.05,
        "End": 0.06,
        "Percent": 99.81540948234975,
        "Count": 1124
      },
      {
        "Start": 0.06,
        "End": 0.067102306,
        "Percent": 100,
        "Count": 2919
      }
    ],
    "Percentiles": [
      {
        "Percentile": 50,
        "Value": 0.0005382756097423592
      },
      {
        "Percentile": 75,
        "Value": 0.0007705597083952587
      },
      {
        "Percentile": 90,
        "Value": 0.0009099301675869983
      },
      {
        "Percentile": 99,
        "Value": 0.000993552443102042
      },
      {
        "Percentile": 99.9,
        "Value": 0.06325470532667798
      }
    ]
  },
  "Exactly": 0,
  "Jitter": true,
  "RetCodes": {
    "200": 1581338
  },
  "Sizes": {
    "Count": 1581338,
    "Min": 75,
    "Max": 75,
    "Sum": 118600350,
    "Avg": 75,
    "StdDev": 0,
    "Data": [
      {
        "Start": 75,
        "End": 75,
        "Percent": 100,
        "Count": 1581338
      }
    ],
    "Percentiles": null
  },
  "HeaderSizes": {
    "Count": 1581338,
    "Min": 75,
    "Max": 75,
    "Sum": 118600350,
    "Avg": 75,
    "StdDev": 0,
    "Data": [
      {
        "Start": 75,
        "End": 75,
        "Percent": 100,
        "Count": 1581338
      }
    ],
    "Percentiles": null
  },
  "URL": "http://fortio-server:8080/echo\\?size\\=512",
  "SocketCount": 8,
  "AbortOn": 0
}
