{
  "RunType": "HTTP",
  "Labels": "2pod-diffnode-nosidecar-1core-conn10-resp2048",
  "StartTime": "2021-03-28T09:20:19.637321147Z",
  "RequestedQPS": "max",
  "RequestedDuration": "1m0s",
  "ActualQPS": 25413.922411970678,
  "ActualDuration": 60006006758,
  "NumThreads": 10,
  "Version": "1.11.3",
  "DurationHistogram": {
    "Count": 1524988,
    "Min": 0.000075391,
    "Max": 0.078312883,
    "Sum": 599.6623028910002,
    "Avg": 0.00039322427644742134,
    "StdDev": 0.004208386009051033,
    "Data": [
      {
        "Start": 0.000075391,
        "End": 0.001,
        "Percent": 99.6021608038883,
        "Count": 1518921
      },
      {
        "Start": 0.001,
        "End": 0.002,
        "Percent": 99.60425918105585,
        "Count": 32
      },
      {
        "Start": 0.003,
        "End": 0.004,
        "Percent": 99.60439032962883,
        "Count": 2
      },
      {
        "Start": 0.006,
        "End": 0.007,
        "Percent": 99.60530836963963,
        "Count": 14
      },
      {
        "Start": 0.007,
        "End": 0.008,
        "Percent": 99.605898538218,
        "Count": 9
      },
      {
        "Start": 0.009000000000000001,
        "End": 0.01,
        "Percent": 99.60609526107747,
        "Count": 3
      },
      {
        "Start": 0.011,
        "End": 0.012,
        "Percent": 99.60655428108286,
        "Count": 7
      },
      {
        "Start": 0.012,
        "End": 0.014,
        "Percent": 99.60668542965584,
        "Count": 2
      },
      {
        "Start": 0.02,
        "End": 0.025,
        "Percent": 99.60727559823421,
        "Count": 9
      },
      {
        "Start": 0.025,
        "End": 0.03,
        "Percent": 99.6192101183747,
        "Count": 182
      },
      {
        "Start": 0.03,
        "End": 0.035,
        "Percent": 99.66393178175828,
        "Count": 682
      },
      {
        "Start": 0.035,
        "End": 0.04,
        "Percent": 99.68504670200683,
        "Count": 322
      },
      {
        "Start": 0.04,
        "End": 0.045,
        "Percent": 99.6852434248663,
        "Count": 3
      },
      {
        "Start": 0.06,
        "End": 0.07,
        "Percent": 99.68747295060682,
        "Count": 34
      },
      {
        "Start": 0.07,
        "End": 0.078312883,
        "Percent": 100,
        "Count": 4766
      }
    ],
    "Percentiles": [
      {
        "Percentile": 50,
        "Value": 0.0005395417717569063
      },
      {
        "Percentile": 75,
        "Value": 0.0007716174619993153
      },
      {
        "Percentile": 90,
        "Value": 0.0009108628761447608
      },
      {
        "Percentile": 99,
        "Value": 0.000994410124632028
      },
      {
        "Percentile": 99.9,
        "Value": 0.07565299067511477
      }
    ]
  },
  "Exactly": 0,
  "Jitter": true,
  "RetCodes": {
    "200": 1524988
  },
  "Sizes": {
    "Count": 1524988,
    "Min": 75,
    "Max": 75,
    "Sum": 114374100,
    "Avg": 75,
    "StdDev": 0,
    "Data": [
      {
        "Start": 75,
        "End": 75,
        "Percent": 100,
        "Count": 1524988
      }
    ],
    "Percentiles": null
  },
  "HeaderSizes": {
    "Count": 1524988,
    "Min": 75,
    "Max": 75,
    "Sum": 114374100,
    "Avg": 75,
    "StdDev": 0,
    "Data": [
      {
        "Start": 75,
        "End": 75,
        "Percent": 100,
        "Count": 1524988
      }
    ],
    "Percentiles": null
  },
  "URL": "http://fortio-server:8080/echo\\?size\\=2048",
  "SocketCount": 10,
  "AbortOn": 0
}
