{
  "RunType": "HTTP",
  "Labels": "2pod-diffnode-nosidecar-1core-conn5-resp512",
  "StartTime": "2021-03-28T08:41:50.540877034Z",
  "RequestedQPS": "max",
  "RequestedDuration": "1m0s",
  "ActualQPS": 14193.013485634205,
  "ActualDuration": 60000154362,
  "NumThreads": 5,
  "Version": "1.11.3",
  "DurationHistogram": {
    "Count": 851583,
    "Min": 0.000073596,
    "Max": 0.067349585,
    "Sum": 299.78894408200193,
    "Avg": 0.0003520372577681822,
    "StdDev": 0.0037529704049952014,
    "Data": [
      {
        "Start": 0.000073596,
        "End": 0.001,
        "Percent": 99.64090405750233,
        "Count": 848525
      },
      {
        "Start": 0.001,
        "End": 0.002,
        "Percent": 99.64454433684092,
        "Count": 31
      },
      {
        "Start": 0.002,
        "End": 0.003,
        "Percent": 99.6448966219382,
        "Count": 3
      },
      {
        "Start": 0.003,
        "End": 0.004,
        "Percent": 99.6458360488643,
        "Count": 8
      },
      {
        "Start": 0.007,
        "End": 0.008,
        "Percent": 99.64654061905885,
        "Count": 6
      },
      {
        "Start": 0.008,
        "End": 0.009000000000000001,
        "Percent": 99.64689290415615,
        "Count": 3
      },
      {
        "Start": 0.009000000000000001,
        "End": 0.01,
        "Percent": 99.64712776088767,
        "Count": 2
      },
      {
        "Start": 0.01,
        "End": 0.011,
        "Percent": 99.64771490271647,
        "Count": 5
      },
      {
        "Start": 0.04,
        "End": 0.045,
        "Percent": 99.64818461617952,
        "Count": 4
      },
      {
        "Start": 0.045,
        "End": 0.05,
        "Percent": 99.64830204454528,
        "Count": 1
      },
      {
        "Start": 0.05,
        "End": 0.06,
        "Percent": 99.6548780330279,
        "Count": 56
      },
      {
        "Start": 0.06,
        "End": 0.067349585,
        "Percent": 100,
        "Count": 2939
      }
    ],
    "Percentiles": [
      {
        "Percentile": 50,
        "Value": 0.0005384667901744677
      },
      {
        "Percentile": 75,
        "Value": 0.0007709027311531554
      },
      {
        "Percentile": 90,
        "Value": 0.000910364295740368
      },
      {
        "Percentile": 99,
        "Value": 0.0009940412344926956
      },
      {
        "Percentile": 99.9,
        "Value": 0.0652200233657521
      }
    ]
  },
  "Exactly": 0,
  "Jitter": true,
  "RetCodes": {
    "200": 851583
  },
  "Sizes": {
    "Count": 851583,
    "Min": 75,
    "Max": 75,
    "Sum": 63868725,
    "Avg": 75,
    "StdDev": 0,
    "Data": [
      {
        "Start": 75,
        "End": 75,
        "Percent": 100,
        "Count": 851583
      }
    ],
    "Percentiles": null
  },
  "HeaderSizes": {
    "Count": 851583,
    "Min": 75,
    "Max": 75,
    "Sum": 63868725,
    "Avg": 75,
    "StdDev": 0,
    "Data": [
      {
        "Start": 75,
        "End": 75,
        "Percent": 100,
        "Count": 851583
      }
    ],
    "Percentiles": null
  },
  "URL": "http://fortio-server:8080/echo\\?size\\=512",
  "SocketCount": 5,
  "AbortOn": 0
}
