{
  "RunType": "HTTP",
  "Labels": "2pod-diffnode-nosidecar-1core-conn13-resp512",
  "StartTime": "2021-03-28T08:49:56.279048286Z",
  "RequestedQPS": "max",
  "RequestedDuration": "1m0s",
  "ActualQPS": 28401.939184620976,
  "ActualDuration": 60064208606,
  "NumThreads": 13,
  "Version": "1.11.3",
  "DurationHistogram": {
    "Count": 1705940,
    "Min": 0.000073901,
    "Max": 0.074655716,
    "Sum": 780.2224812509994,
    "Avg": 0.0004573563438637932,
    "StdDev": 0.004658046948433941,
    "Data": [
      {
        "Start": 0.000073901,
        "End": 0.001,
        "Percent": 99.53656048864556,
        "Count": 1698034
      },
      {
        "Start": 0.001,
        "End": 0.002,
        "Percent": 99.53878799957795,
        "Count": 38
      },
      {
        "Start": 0.002,
        "End": 0.003,
        "Percent": 99.53902247441293,
        "Count": 4
      },
      {
        "Start": 0.005,
        "End": 0.006,
        "Percent": 99.5397258989179,
        "Count": 12
      },
      {
        "Start": 0.006,
        "End": 0.007,
        "Percent": 99.53984313633539,
        "Count": 2
      },
      {
        "Start": 0.007,
        "End": 0.008,
        "Percent": 99.53996037375289,
        "Count": 2
      },
      {
        "Start": 0.008,
        "End": 0.009000000000000001,
        "Percent": 99.54025346729662,
        "Count": 5
      },
      {
        "Start": 0.01,
        "End": 0.011,
        "Percent": 99.5404879421316,
        "Count": 4
      },
      {
        "Start": 0.012,
        "End": 0.014,
        "Percent": 99.54089827309284,
        "Count": 7
      },
      {
        "Start": 0.018000000000000002,
        "End": 0.02,
        "Percent": 99.54095689180159,
        "Count": 1
      },
      {
        "Start": 0.025,
        "End": 0.03,
        "Percent": 99.54201202855903,
        "Count": 18
      },
      {
        "Start": 0.03,
        "End": 0.035,
        "Percent": 99.54277407177274,
        "Count": 13
      },
      {
        "Start": 0.035,
        "End": 0.04,
        "Percent": 99.54312578402524,
        "Count": 6
      },
      {
        "Start": 0.04,
        "End": 0.045,
        "Percent": 99.54423953949143,
        "Count": 19
      },
      {
        "Start": 0.05,
        "End": 0.06,
        "Percent": 99.54482572657889,
        "Count": 10
      },
      {
        "Start": 0.06,
        "End": 0.07,
        "Percent": 99.81570277969917,
        "Count": 4621
      },
      {
        "Start": 0.07,
        "End": 0.074655716,
        "Percent": 100,
        "Count": 3144
      }
    ],
    "Percentiles": [
      {
        "Percentile": 50,
        "Value": 0.0005391061744171049
      },
      {
        "Percentile": 75,
        "Value": 0.0007717090343232433
      },
      {
        "Percentile": 90,
        "Value": 0.0009112707502669264
      },
      {
        "Percentile": 99,
        "Value": 0.0009950077798331362
      },
      {
        "Percentile": 99.9,
        "Value": 0.07212951620577628
      }
    ]
  },
  "Exactly": 0,
  "Jitter": true,
  "RetCodes": {
    "200": 1705940
  },
  "Sizes": {
    "Count": 1705940,
    "Min": 75,
    "Max": 75,
    "Sum": 127945500,
    "Avg": 75,
    "StdDev": 0,
    "Data": [
      {
        "Start": 75,
        "End": 75,
        "Percent": 100,
        "Count": 1705940
      }
    ],
    "Percentiles": null
  },
  "HeaderSizes": {
    "Count": 1705940,
    "Min": 75,
    "Max": 75,
    "Sum": 127945500,
    "Avg": 75,
    "StdDev": 0,
    "Data": [
      {
        "Start": 75,
        "End": 75,
        "Percent": 100,
        "Count": 1705940
      }
    ],
    "Percentiles": null
  },
  "URL": "http://fortio-server:8080/echo\\?size\\=512",
  "SocketCount": 13,
  "AbortOn": 0
}
