{
  "RunType": "HTTP",
  "Labels": "2pod-diffnode-nosidecar-1core-conn11-resp32",
  "StartTime": "2021-03-28T08:14:30.442281361Z",
  "RequestedQPS": "max",
  "RequestedDuration": "1m0s",
  "ActualQPS": 28056.665430883473,
  "ActualDuration": 60000751128,
  "NumThreads": 11,
  "Version": "1.11.3",
  "DurationHistogram": {
    "Count": 1683421,
    "Min": 0.000074046,
    "Max": 0.073983088,
    "Sum": 659.5598343410044,
    "Avg": 0.0003917973188768611,
    "StdDev": 0.004106005071351559,
    "Data": [
      {
        "Start": 0.000074046,
        "End": 0.001,
        "Percent": 99.6020603283433,
        "Count": 1676722
      },
      {
        "Start": 0.001,
        "End": 0.002,
        "Percent": 99.60437703937399,
        "Count": 39
      },
      {
        "Start": 0.002,
        "End": 0.003,
        "Percent": 99.60568390200669,
        "Count": 22
      },
      {
        "Start": 0.003,
        "End": 0.004,
        "Percent": 99.60693136179245,
        "Count": 21
      },
      {
        "Start": 0.005,
        "End": 0.006,
        "Percent": 99.60716897318021,
        "Count": 4
      },
      {
        "Start": 0.01,
        "End": 0.011,
        "Percent": 99.60734718172102,
        "Count": 3
      },
      {
        "Start": 0.011,
        "End": 0.012,
        "Percent": 99.6075847931088,
        "Count": 4
      },
      {
        "Start": 0.014,
        "End": 0.016,
        "Percent": 99.60794121019045,
        "Count": 6
      },
      {
        "Start": 0.035,
        "End": 0.04,
        "Percent": 99.60806001588432,
        "Count": 2
      },
      {
        "Start": 0.04,
        "End": 0.045,
        "Percent": 99.60829762727208,
        "Count": 4
      },
      {
        "Start": 0.045,
        "End": 0.05,
        "Percent": 99.60936687851702,
        "Count": 18
      },
      {
        "Start": 0.05,
        "End": 0.06,
        "Percent": 99.746943872032,
        "Count": 2316
      },
      {
        "Start": 0.06,
        "End": 0.07,
        "Percent": 99.84953258869885,
        "Count": 1727
      },
      {
        "Start": 0.07,
        "End": 0.073983088,
        "Percent": 100,
        "Count": 2533
      }
    ],
    "Percentiles": [
      {
        "Percentile": 50,
        "Value": 0.0005388724549456945
      },
      {
        "Percentile": 75,
        "Value": 0.0007712859585390175
      },
      {
        "Percentile": 90,
        "Value": 0.0009107340606950113
      },
      {
        "Percentile": 99,
        "Value": 0.0009944029219886076
      },
      {
        "Percentile": 99.9,
        "Value": 0.07133594469796772
      }
    ]
  },
  "Exactly": 0,
  "Jitter": true,
  "RetCodes": {
    "200": 1683421
  },
  "Sizes": {
    "Count": 1683421,
    "Min": 75,
    "Max": 75,
    "Sum": 126256575,
    "Avg": 75,
    "StdDev": 0,
    "Data": [
      {
        "Start": 75,
        "End": 75,
        "Percent": 100,
        "Count": 1683421
      }
    ],
    "Percentiles": null
  },
  "HeaderSizes": {
    "Count": 1683421,
    "Min": 75,
    "Max": 75,
    "Sum": 126256575,
    "Avg": 75,
    "StdDev": 0,
    "Data": [
      {
        "Start": 75,
        "End": 75,
        "Percent": 100,
        "Count": 1683421
      }
    ],
    "Percentiles": null
  },
  "URL": "http://fortio-server:8080/echo\\?size\\=32",
  "SocketCount": 11,
  "AbortOn": 0
}
