{
  "RunType": "HTTP",
  "Labels": "2pod-diffnode-nosidecar-1core-conn3-resp32",
  "StartTime": "2021-03-28T08:06:24.680287778Z",
  "RequestedQPS": "max",
  "RequestedDuration": "1m0s",
  "ActualQPS": 19504.17655047634,
  "ActualDuration": 60000123408,
  "NumThreads": 3,
  "Version": "1.11.3",
  "DurationHistogram": {
    "Count": 1170253,
    "Min": 0.000074221,
    "Max": 0.038819433,
    "Sum": 179.75913820400118,
    "Avg": 0.00015360707317477602,
    "StdDev": 0.0010331077740863004,
    "Data": [
      {
        "Start": 0.000074221,
        "End": 0.001,
        "Percent": 99.84627255815623,
        "Count": 1168454
      },
      {
        "Start": 0.001,
        "End": 0.002,
        "Percent": 99.84652891297864,
        "Count": 3
      },
      {
        "Start": 0.002,
        "End": 0.003,
        "Percent": 99.84687071940854,
        "Count": 4
      },
      {
        "Start": 0.003,
        "End": 0.004,
        "Percent": 99.84695617101602,
        "Count": 1
      },
      {
        "Start": 0.004,
        "End": 0.005,
        "Percent": 99.84738342905338,
        "Count": 5
      },
      {
        "Start": 0.005,
        "End": 0.006,
        "Percent": 99.84815249352063,
        "Count": 9
      },
      {
        "Start": 0.006,
        "End": 0.007,
        "Percent": 99.84909246120283,
        "Count": 11
      },
      {
        "Start": 0.007,
        "End": 0.008,
        "Percent": 99.85157055781954,
        "Count": 29
      },
      {
        "Start": 0.008,
        "End": 0.009000000000000001,
        "Percent": 99.85447591247363,
        "Count": 34
      },
      {
        "Start": 0.009000000000000001,
        "End": 0.01,
        "Percent": 99.8602011701743,
        "Count": 67
      },
      {
        "Start": 0.01,
        "End": 0.011,
        "Percent": 99.86866087931413,
        "Count": 99
      },
      {
        "Start": 0.011,
        "End": 0.012,
        "Percent": 99.87626607237922,
        "Count": 89
      },
      {
        "Start": 0.012,
        "End": 0.014,
        "Percent": 99.89096374886456,
        "Count": 172
      },
      {
        "Start": 0.014,
        "End": 0.016,
        "Percent": 99.89617629692042,
        "Count": 61
      },
      {
        "Start": 0.016,
        "End": 0.018000000000000002,
        "Percent": 99.89754352263998,
        "Count": 16
      },
      {
        "Start": 0.018000000000000002,
        "End": 0.02,
        "Percent": 99.89762897424745,
        "Count": 1
      },
      {
        "Start": 0.02,
        "End": 0.025,
        "Percent": 99.9015597481912,
        "Count": 46
      },
      {
        "Start": 0.025,
        "End": 0.03,
        "Percent": 99.92796429490033,
        "Count": 309
      },
      {
        "Start": 0.03,
        "End": 0.035,
        "Percent": 99.99128393603776,
        "Count": 741
      },
      {
        "Start": 0.035,
        "End": 0.038819433,
        "Percent": 100,
        "Count": 102
      }
    ],
    "Percentiles": [
      {
        "Percentile": 50,
        "Value": 0.0005378227882315334
      },
      {
        "Percentile": 75,
        "Value": 0.0007696240785031575
      },
      {
        "Percentile": 90,
        "Value": 0.000908704852666132
      },
      {
        "Percentile": 99,
        "Value": 0.0009921533171639168
      },
      {
        "Percentile": 99.9,
        "Value": 0.023015978260873968
      }
    ]
  },
  "Exactly": 0,
  "Jitter": true,
  "RetCodes": {
    "200": 1170253
  },
  "Sizes": {
    "Count": 1170253,
    "Min": 75,
    "Max": 75,
    "Sum": 87768975,
    "Avg": 75,
    "StdDev": 0,
    "Data": [
      {
        "Start": 75,
        "End": 75,
        "Percent": 100,
        "Count": 1170253
      }
    ],
    "Percentiles": null
  },
  "HeaderSizes": {
    "Count": 1170253,
    "Min": 75,
    "Max": 75,
    "Sum": 87768975,
    "Avg": 75,
    "StdDev": 0,
    "Data": [
      {
        "Start": 75,
        "End": 75,
        "Percent": 100,
        "Count": 1170253
      }
    ],
    "Percentiles": null
  },
  "URL": "http://fortio-server:8080/echo\\?size\\=32",
  "SocketCount": 3,
  "AbortOn": 0
}
