{
  "RunType": "HTTP",
  "Labels": "2pod-diffnode-nosidecar-1core-conn6-resp2048",
  "StartTime": "2021-03-28T09:16:16.545303242Z",
  "RequestedQPS": "max",
  "RequestedDuration": "1m0s",
  "ActualQPS": 25103.8371069385,
  "ActualDuration": 60000150319,
  "NumThreads": 6,
  "Version": "1.11.3",
  "DurationHistogram": {
    "Count": 1506234,
    "Min": 0.000073959,
    "Max": 0.062855985,
    "Sum": 359.65791076999983,
    "Avg": 0.00023877957260956786,
    "StdDev": 0.0024706140919402457,
    "Data": [
      {
        "Start": 0.000073959,
        "End": 0.001,
        "Percent": 99.75946632462154,
        "Count": 1502611
      },
      {
        "Start": 0.001,
        "End": 0.002,
        "Percent": 99.76072774880929,
        "Count": 19
      },
      {
        "Start": 0.003,
        "End": 0.004,
        "Percent": 99.76099331179617,
        "Count": 4
      },
      {
        "Start": 0.02,
        "End": 0.025,
        "Percent": 99.76398089539872,
        "Count": 45
      },
      {
        "Start": 0.025,
        "End": 0.03,
        "Percent": 99.78064497282627,
        "Count": 251
      },
      {
        "Start": 0.03,
        "End": 0.035,
        "Percent": 99.82725127702601,
        "Count": 702
      },
      {
        "Start": 0.035,
        "End": 0.04,
        "Percent": 99.84092777085101,
        "Count": 206
      },
      {
        "Start": 0.05,
        "End": 0.06,
        "Percent": 99.98672185065534,
        "Count": 2196
      },
      {
        "Start": 0.06,
        "End": 0.062855985,
        "Percent": 100,
        "Count": 200
      }
    ],
    "Percentiles": [
      {
        "Percentile": 50,
        "Value": 0.0005380955981565409
      },
      {
        "Percentile": 75,
        "Value": 0.0007701642053789739
      },
      {
        "Percentile": 90,
        "Value": 0.0009094053697124337
      },
      {
        "Percentile": 99,
        "Value": 0.0009929500683125096
      },
      {
        "Percentile": 99.9,
        "Value": 0.05405175774134829
      }
    ]
  },
  "Exactly": 0,
  "Jitter": true,
  "RetCodes": {
    "200": 1506234
  },
  "Sizes": {
    "Count": 1506234,
    "Min": 75,
    "Max": 75,
    "Sum": 112967550,
    "Avg": 75,
    "StdDev": 0,
    "Data": [
      {
        "Start": 75,
        "End": 75,
        "Percent": 100,
        "Count": 1506234
      }
    ],
    "Percentiles": null
  },
  "HeaderSizes": {
    "Count": 1506234,
    "Min": 75,
    "Max": 75,
    "Sum": 112967550,
    "Avg": 75,
    "StdDev": 0,
    "Data": [
      {
        "Start": 75,
        "End": 75,
        "Percent": 100,
        "Count": 1506234
      }
    ],
    "Percentiles": null
  },
  "URL": "http://fortio-server:8080/echo\\?size\\=2048",
  "SocketCount": 6,
  "AbortOn": 0
}
