{
  "RunType": "HTTP",
  "Labels": "2pod-diffnode-nosidecar-1core-conn7-resp32",
  "StartTime": "2021-03-28T08:10:27.492048944Z",
  "RequestedQPS": "max",
  "RequestedDuration": "1m0s",
  "ActualQPS": 26184.80500614208,
  "ActualDuration": 60050972296,
  "NumThreads": 7,
  "Version": "1.11.3",
  "DurationHistogram": {
    "Count": 1572423,
    "Min": 0.000073789,
    "Max": 0.061261904,
    "Sum": 419.9002366850002,
    "Avg": 0.0002670402535990635,
    "StdDev": 0.0027863071731020614,
    "Data": [
      {
        "Start": 0.000073789,
        "End": 0.001,
        "Percent": 99.72978009098061,
        "Count": 1568174
      },
      {
        "Start": 0.001,
        "End": 0.002,
        "Percent": 99.73035245605031,
        "Count": 9
      },
      {
        "Start": 0.003,
        "End": 0.004,
        "Percent": 99.73060684052574,
        "Count": 4
      },
      {
        "Start": 0.004,
        "End": 0.005,
        "Percent": 99.73086122500116,
        "Count": 4
      },
      {
        "Start": 0.005,
        "End": 0.006,
        "Percent": 99.73105201335773,
        "Count": 3
      },
      {
        "Start": 0.006,
        "End": 0.007,
        "Percent": 99.73117920559544,
        "Count": 2
      },
      {
        "Start": 0.007,
        "End": 0.008,
        "Percent": 99.73136999395201,
        "Count": 3
      },
      {
        "Start": 0.008,
        "End": 0.009000000000000001,
        "Percent": 99.73156078230858,
        "Count": 3
      },
      {
        "Start": 0.009000000000000001,
        "End": 0.01,
        "Percent": 99.73194235902172,
        "Count": 6
      },
      {
        "Start": 0.012,
        "End": 0.014,
        "Percent": 99.73219674349714,
        "Count": 4
      },
      {
        "Start": 0.016,
        "End": 0.018000000000000002,
        "Percent": 99.73245112797257,
        "Count": 4
      },
      {
        "Start": 0.02,
        "End": 0.025,
        "Percent": 99.73264191632913,
        "Count": 3
      },
      {
        "Start": 0.025,
        "End": 0.03,
        "Percent": 99.73334147363654,
        "Count": 11
      },
      {
        "Start": 0.035,
        "End": 0.04,
        "Percent": 99.73365945423083,
        "Count": 5
      },
      {
        "Start": 0.04,
        "End": 0.045,
        "Percent": 99.73550374167765,
        "Count": 29
      },
      {
        "Start": 0.045,
        "End": 0.05,
        "Percent": 99.79770074591887,
        "Count": 978
      },
      {
        "Start": 0.05,
        "End": 0.06,
        "Percent": 99.99453073377838,
        "Count": 3095
      },
      {
        "Start": 0.06,
        "End": 0.061261904,
        "Percent": 100,
        "Count": 86
      }
    ],
    "Percentiles": [
      {
        "Percentile": 50,
        "Value": 0.0005381489994487215
      },
      {
        "Percentile": 75,
        "Value": 0.0007703292944883952
      },
      {
        "Percentile": 90,
        "Value": 0.0009096374715121992
      },
      {
        "Percentile": 99,
        "Value": 0.0009932223777264818
      },
      {
        "Percentile": 99.9,
        "Value": 0.05519734087237527
      }
    ]
  },
  "Exactly": 0,
  "Jitter": true,
  "RetCodes": {
    "200": 1572423
  },
  "Sizes": {
    "Count": 1572423,
    "Min": 75,
    "Max": 75,
    "Sum": 117931725,
    "Avg": 75,
    "StdDev": 0,
    "Data": [
      {
        "Start": 75,
        "End": 75,
        "Percent": 100,
        "Count": 1572423
      }
    ],
    "Percentiles": null
  },
  "HeaderSizes": {
    "Count": 1572423,
    "Min": 75,
    "Max": 75,
    "Sum": 117931725,
    "Avg": 75,
    "StdDev": 0,
    "Data": [
      {
        "Start": 75,
        "End": 75,
        "Percent": 100,
        "Count": 1572423
      }
    ],
    "Percentiles": null
  },
  "URL": "http://fortio-server:8080/echo\\?size\\=32",
  "SocketCount": 7,
  "AbortOn": 0
}
