{
  "RunType": "HTTP",
  "Labels": "2pod-diffnode-nosidecar-1core-conn13-resp128",
  "StartTime": "2021-03-28T08:32:13.41965059Z",
  "RequestedQPS": "max",
  "RequestedDuration": "1m0s",
  "ActualQPS": 27314.648204517172,
  "ActualDuration": 60023397985,
  "NumThreads": 13,
  "Version": "1.11.3",
  "DurationHistogram": {
    "Count": 1639518,
    "Min": 0.000074662,
    "Max": 0.079266871,
    "Sum": 779.691699542,
    "Avg": 0.0004755615367089596,
    "StdDev": 0.004844961491403589,
    "Data": [
      {
        "Start": 0.000074662,
        "End": 0.001,
        "Percent": 99.51595529905741,
        "Count": 1631582
      },
      {
        "Start": 0.001,
        "End": 0.002,
        "Percent": 99.5206518013221,
        "Count": 77
      },
      {
        "Start": 0.002,
        "End": 0.003,
        "Percent": 99.52107875607344,
        "Count": 7
      },
      {
        "Start": 0.003,
        "End": 0.004,
        "Percent": 99.52223763325563,
        "Count": 19
      },
      {
        "Start": 0.006,
        "End": 0.007,
        "Percent": 99.52254260093515,
        "Count": 5
      },
      {
        "Start": 0.01,
        "End": 0.011,
        "Percent": 99.52266458800696,
        "Count": 2
      },
      {
        "Start": 0.011,
        "End": 0.012,
        "Percent": 99.5232135298301,
        "Count": 9
      },
      {
        "Start": 0.012,
        "End": 0.014,
        "Percent": 99.52376247165326,
        "Count": 9
      },
      {
        "Start": 0.016,
        "End": 0.018000000000000002,
        "Percent": 99.52382346518915,
        "Count": 1
      },
      {
        "Start": 0.018000000000000002,
        "End": 0.02,
        "Percent": 99.5242504199405,
        "Count": 7
      },
      {
        "Start": 0.035,
        "End": 0.04,
        "Percent": 99.52437240701231,
        "Count": 2
      },
      {
        "Start": 0.04,
        "End": 0.045,
        "Percent": 99.52473836822773,
        "Count": 6
      },
      {
        "Start": 0.045,
        "End": 0.05,
        "Percent": 99.52486035529955,
        "Count": 2
      },
      {
        "Start": 0.05,
        "End": 0.06,
        "Percent": 99.66002203086516,
        "Count": 2216
      },
      {
        "Start": 0.06,
        "End": 0.07,
        "Percent": 99.67185477683076,
        "Count": 194
      },
      {
        "Start": 0.07,
        "End": 0.079266871,
        "Percent": 100,
        "Count": 5380
      }
    ],
    "Percentiles": [
      {
        "Percentile": 50,
        "Value": 0.0005395811356138616
      },
      {
        "Percentile": 75,
        "Value": 0.0007720409869917583
      },
      {
        "Percentile": 90,
        "Value": 0.0009115168978184962
      },
      {
        "Percentile": 99,
        "Value": 0.000995202444314539
      },
      {
        "Percentile": 99.9,
        "Value": 0.07644285579401909
      }
    ]
  },
  "Exactly": 0,
  "Jitter": true,
  "RetCodes": {
    "200": 1639518
  },
  "Sizes": {
    "Count": 1639518,
    "Min": 75,
    "Max": 75,
    "Sum": 122963850,
    "Avg": 75,
    "StdDev": 0,
    "Data": [
      {
        "Start": 75,
        "End": 75,
        "Percent": 100,
        "Count": 1639518
      }
    ],
    "Percentiles": null
  },
  "HeaderSizes": {
    "Count": 1639518,
    "Min": 75,
    "Max": 75,
    "Sum": 122963850,
    "Avg": 75,
    "StdDev": 0,
    "Data": [
      {
        "Start": 75,
        "End": 75,
        "Percent": 100,
        "Count": 1639518
      }
    ],
    "Percentiles": null
  },
  "URL": "http://fortio-server:8080/echo\\?size\\=128",
  "SocketCount": 13,
  "AbortOn": 0
}
