{
  "RunType": "HTTP",
  "Labels": "2pod-diffnode-nosidecar-1core-conn10-resp512",
  "StartTime": "2021-03-28T08:46:54.089548278Z",
  "RequestedQPS": "max",
  "RequestedDuration": "1m0s",
  "ActualQPS": 26407.637937478896,
  "ActualDuration": 60053686125,
  "NumThreads": 10,
  "Version": "1.11.3",
  "DurationHistogram": {
    "Count": 1585876,
    "Min": 0.000073754,
    "Max": 0.073972237,
    "Sum": 600.054019318998,
    "Avg": 0.00037837385729968674,
    "StdDev": 0.004002800118516245,
    "Data": [
      {
        "Start": 0.000073754,
        "End": 0.001,
        "Percent": 99.61705707129687,
        "Count": 1579803
      },
      {
        "Start": 0.001,
        "End": 0.002,
        "Percent": 99.61939016669652,
        "Count": 37
      },
      {
        "Start": 0.004,
        "End": 0.005,
        "Percent": 99.61970544985863,
        "Count": 5
      },
      {
        "Start": 0.005,
        "End": 0.006,
        "Percent": 99.61983156312347,
        "Count": 2
      },
      {
        "Start": 0.006,
        "End": 0.007,
        "Percent": 99.6198946197559,
        "Count": 1
      },
      {
        "Start": 0.007,
        "End": 0.008,
        "Percent": 99.61995767638832,
        "Count": 1
      },
      {
        "Start": 0.016,
        "End": 0.018000000000000002,
        "Percent": 99.62014684628559,
        "Count": 3
      },
      {
        "Start": 0.02,
        "End": 0.025,
        "Percent": 99.62121880903678,
        "Count": 17
      },
      {
        "Start": 0.03,
        "End": 0.035,
        "Percent": 99.62203854525826,
        "Count": 13
      },
      {
        "Start": 0.035,
        "End": 0.04,
        "Percent": 99.62260605495007,
        "Count": 9
      },
      {
        "Start": 0.04,
        "End": 0.045,
        "Percent": 99.62285828147976,
        "Count": 4
      },
      {
        "Start": 0.045,
        "End": 0.05,
        "Percent": 99.67424943690428,
        "Count": 815
      },
      {
        "Start": 0.05,
        "End": 0.06,
        "Percent": 99.73604493667852,
        "Count": 980
      },
      {
        "Start": 0.06,
        "End": 0.07,
        "Percent": 99.78579661966005,
        "Count": 789
      },
      {
        "Start": 0.07,
        "End": 0.073972237,
        "Percent": 100,
        "Count": 3397
      }
    ],
    "Percentiles": [
      {
        "Percentile": 50,
        "Value": 0.0005386570223420404
      },
      {
        "Percentile": 75,
        "Value": 0.0007711088266656202
      },
      {
        "Percentile": 90,
        "Value": 0.0009105799092597681
      },
      {
        "Percentile": 99,
        "Value": 0.0009942625588162568
      },
      {
        "Percentile": 99.9,
        "Value": 0.07211781388412965
      }
    ]
  },
  "Exactly": 0,
  "Jitter": true,
  "RetCodes": {
    "200": 1585876
  },
  "Sizes": {
    "Count": 1585876,
    "Min": 75,
    "Max": 75,
    "Sum": 118940700,
    "Avg": 75,
    "StdDev": 0,
    "Data": [
      {
        "Start": 75,
        "End": 75,
        "Percent": 100,
        "Count": 1585876
      }
    ],
    "Percentiles": null
  },
  "HeaderSizes": {
    "Count": 1585876,
    "Min": 75,
    "Max": 75,
    "Sum": 118940700,
    "Avg": 75,
    "StdDev": 0,
    "Data": [
      {
        "Start": 75,
        "End": 75,
        "Percent": 100,
        "Count": 1585876
      }
    ],
    "Percentiles": null
  },
  "URL": "http://fortio-server:8080/echo\\?size\\=512",
  "SocketCount": 10,
  "AbortOn": 0
}
