{
  "RunType": "HTTP",
  "Labels": "2pod-diffnode-nosidecar-1core-conn5-resp128",
  "StartTime": "2021-03-28T08:24:07.444958983Z",
  "RequestedQPS": "max",
  "RequestedDuration": "1m0s",
  "ActualQPS": 24231.32664087016,
  "ActualDuration": 60000181647,
  "NumThreads": 5,
  "Version": "1.11.3",
  "DurationHistogram": {
    "Count": 1453884,
    "Min": 0.000072546,
    "Max": 0.057297779,
    "Sum": 299.6906299419998,
    "Avg": 0.0002061310461783745,
    "StdDev": 0.001977867188978007,
    "Data": [
      {
        "Start": 0.000072546,
        "End": 0.001,
        "Percent": 99.79324347747138,
        "Count": 1450878
      },
      {
        "Start": 0.001,
        "End": 0.002,
        "Percent": 99.79351860258453,
        "Count": 4
      },
      {
        "Start": 0.005,
        "End": 0.006,
        "Percent": 99.79358738386281,
        "Count": 1
      },
      {
        "Start": 0.009000000000000001,
        "End": 0.01,
        "Percent": 99.7936561651411,
        "Count": 1
      },
      {
        "Start": 0.016,
        "End": 0.018000000000000002,
        "Percent": 99.79372494641939,
        "Count": 1
      },
      {
        "Start": 0.02,
        "End": 0.025,
        "Percent": 99.79798938567313,
        "Count": 62
      },
      {
        "Start": 0.025,
        "End": 0.03,
        "Percent": 99.81704179975844,
        "Count": 277
      },
      {
        "Start": 0.03,
        "End": 0.035,
        "Percent": 99.87020972787376,
        "Count": 773
      },
      {
        "Start": 0.035,
        "End": 0.04,
        "Percent": 99.87619369908465,
        "Count": 87
      },
      {
        "Start": 0.04,
        "End": 0.045,
        "Percent": 99.8764688241978,
        "Count": 4
      },
      {
        "Start": 0.045,
        "End": 0.05,
        "Percent": 99.92805478291253,
        "Count": 750
      },
      {
        "Start": 0.05,
        "End": 0.057297779,
        "Percent": 100,
        "Count": 1046
      }
    ],
    "Percentiles": [
      {
        "Percentile": 50,
        "Value": 0.0005372334533223698
      },
      {
        "Percentile": 75,
        "Value": 0.000769577499601965
      },
      {
        "Percentile": 90,
        "Value": 0.000908983927369722
      },
      {
        "Percentile": 99,
        "Value": 0.000992627784030376
      },
      {
        "Percentile": 99.9,
        "Value": 0.04728077333333423
      }
    ]
  },
  "Exactly": 0,
  "Jitter": true,
  "RetCodes": {
    "200": 1453884
  },
  "Sizes": {
    "Count": 1453884,
    "Min": 75,
    "Max": 75,
    "Sum": 109041300,
    "Avg": 75,
    "StdDev": 0,
    "Data": [
      {
        "Start": 75,
        "End": 75,
        "Percent": 100,
        "Count": 1453884
      }
    ],
    "Percentiles": null
  },
  "HeaderSizes": {
    "Count": 1453884,
    "Min": 75,
    "Max": 75,
    "Sum": 109041300,
    "Avg": 75,
    "StdDev": 0,
    "Data": [
      {
        "Start": 75,
        "End": 75,
        "Percent": 100,
        "Count": 1453884
      }
    ],
    "Percentiles": null
  },
  "URL": "http://fortio-server:8080/echo\\?size\\=128",
  "SocketCount": 5,
  "AbortOn": 0
}
