{
  "RunType": "HTTP",
  "Labels": "2pod-diffnode-nosidecar-1core-conn9-resp32",
  "StartTime": "2021-03-28T08:12:28.989522527Z",
  "RequestedQPS": "max",
  "RequestedDuration": "1m0s",
  "ActualQPS": 26444.3519576573,
  "ActualDuration": 60033046094,
  "NumThreads": 9,
  "Version": "1.11.3",
  "DurationHistogram": {
    "Count": 1587535,
    "Min": 0.000073441,
    "Max": 0.075445325,
    "Sum": 539.8625284369998,
    "Avg": 0.0003400633865943112,
    "StdDev": 0.0036960979668347613,
    "Data": [
      {
        "Start": 0.000073441,
        "End": 0.001,
        "Percent": 99.6567634729313,
        "Count": 1582086
      },
      {
        "Start": 0.001,
        "End": 0.002,
        "Percent": 99.65928310241979,
        "Count": 40
      },
      {
        "Start": 0.006,
        "End": 0.007,
        "Percent": 99.659346093157,
        "Count": 1
      },
      {
        "Start": 0.007,
        "End": 0.008,
        "Percent": 99.65940908389422,
        "Count": 1
      },
      {
        "Start": 0.012,
        "End": 0.014,
        "Percent": 99.65953506536864,
        "Count": 2
      },
      {
        "Start": 0.018000000000000002,
        "End": 0.02,
        "Percent": 99.65966104684306,
        "Count": 2
      },
      {
        "Start": 0.02,
        "End": 0.025,
        "Percent": 99.66526722245494,
        "Count": 89
      },
      {
        "Start": 0.025,
        "End": 0.03,
        "Percent": 99.68838482301177,
        "Count": 367
      },
      {
        "Start": 0.03,
        "End": 0.035,
        "Percent": 99.7322263761114,
        "Count": 696
      },
      {
        "Start": 0.035,
        "End": 0.04,
        "Percent": 99.73531292223478,
        "Count": 49
      },
      {
        "Start": 0.045,
        "End": 0.05,
        "Percent": 99.73587983886969,
        "Count": 9
      },
      {
        "Start": 0.06,
        "End": 0.07,
        "Percent": 99.84926316585147,
        "Count": 1800
      },
      {
        "Start": 0.07,
        "End": 0.075445325,
        "Percent": 100,
        "Count": 2393
      }
    ],
    "Percentiles": [
      {
        "Percentile": 50,
        "Value": 0.0005383158294013911
      },
      {
        "Percentile": 75,
        "Value": 0.0007707535369305379
      },
      {
        "Percentile": 90,
        "Value": 0.0009102161614480259
      },
      {
        "Percentile": 99,
        "Value": 0.0009938937361585185
      },
      {
        "Percentile": 99.9,
        "Value": 0.07183285361517974
      }
    ]
  },
  "Exactly": 0,
  "Jitter": true,
  "RetCodes": {
    "200": 1587535
  },
  "Sizes": {
    "Count": 1587535,
    "Min": 75,
    "Max": 75,
    "Sum": 119065125,
    "Avg": 75,
    "StdDev": 0,
    "Data": [
      {
        "Start": 75,
        "End": 75,
        "Percent": 100,
        "Count": 1587535
      }
    ],
    "Percentiles": null
  },
  "HeaderSizes": {
    "Count": 1587535,
    "Min": 75,
    "Max": 75,
    "Sum": 119065125,
    "Avg": 75,
    "StdDev": 0,
    "Data": [
      {
        "Start": 75,
        "End": 75,
        "Percent": 100,
        "Count": 1587535
      }
    ],
    "Percentiles": null
  },
  "URL": "http://fortio-server:8080/echo\\?size\\=32",
  "SocketCount": 9,
  "AbortOn": 0
}
