{
  "RunType": "HTTP",
  "Labels": "2pod-diffnode-nosidecar-1core-conn2-resp2048",
  "StartTime": "2021-03-28T09:12:13.135305483Z",
  "RequestedQPS": "max",
  "RequestedDuration": "1m0s",
  "ActualQPS": 11917.220496686376,
  "ActualDuration": 60007784550,
  "NumThreads": 2,
  "Version": "1.11.3",
  "DurationHistogram": {
    "Count": 715126,
    "Min": 0.000079201,
    "Max": 0.038480923,
    "Sum": 119.89621780600169,
    "Avg": 0.0001676574726775445,
    "StdDev": 0.001249733786729002,
    "Data": [
      {
        "Start": 0.000079201,
        "End": 0.001,
        "Percent": 99.83163806098506,
        "Count": 713922
      },
      {
        "Start": 0.001,
        "End": 0.002,
        "Percent": 99.83219740297514,
        "Count": 4
      },
      {
        "Start": 0.018000000000000002,
        "End": 0.02,
        "Percent": 99.83275674496522,
        "Count": 4
      },
      {
        "Start": 0.02,
        "End": 0.025,
        "Percent": 99.84282490078671,
        "Count": 72
      },
      {
        "Start": 0.025,
        "End": 0.03,
        "Percent": 99.89708107382475,
        "Count": 388
      },
      {
        "Start": 0.03,
        "End": 0.035,
        "Percent": 99.99300822512396,
        "Count": 686
      },
      {
        "Start": 0.035,
        "End": 0.038480923,
        "Percent": 100,
        "Count": 50
      }
    ],
    "Percentiles": [
      {
        "Percentile": 50,
        "Value": 0.0005403763009618712
      },
      {
        "Percentile": 75,
        "Value": 0.0007709645963313869
      },
      {
        "Percentile": 90,
        "Value": 0.0009093175735530963
      },
      {
        "Percentile": 99,
        "Value": 0.000992329359886122
      },
      {
        "Percentile": 99.9,
        "Value": 0.030152142857143252
      }
    ]
  },
  "Exactly": 0,
  "Jitter": true,
  "RetCodes": {
    "200": 715126
  },
  "Sizes": {
    "Count": 715126,
    "Min": 75,
    "Max": 75,
    "Sum": 53634450,
    "Avg": 75,
    "StdDev": 0,
    "Data": [
      {
        "Start": 75,
        "End": 75,
        "Percent": 100,
        "Count": 715126
      }
    ],
    "Percentiles": null
  },
  "HeaderSizes": {
    "Count": 715126,
    "Min": 75,
    "Max": 75,
    "Sum": 53634450,
    "Avg": 75,
    "StdDev": 0,
    "Data": [
      {
        "Start": 75,
        "End": 75,
        "Percent": 100,
        "Count": 715126
      }
    ],
    "Percentiles": null
  },
  "URL": "http://fortio-server:8080/echo\\?size\\=2048",
  "SocketCount": 2,
  "AbortOn": 0
}
