{
  "RunType": "HTTP",
  "Labels": "2pod-diffnode-nosidecar-1core-conn3-resp512",
  "StartTime": "2021-03-28T08:39:49.176047905Z",
  "RequestedQPS": "max",
  "RequestedDuration": "1m0s",
  "ActualQPS": 19090.00603953409,
  "ActualDuration": 60000138168,
  "NumThreads": 3,
  "Version": "1.11.3",
  "DurationHistogram": {
    "Count": 1145403,
    "Min": 0.000075625,
    "Max": 0.041322261,
    "Sum": 179.7605168559986,
    "Avg": 0.00015694084689493444,
    "StdDev": 0.0010942945110280376,
    "Data": [
      {
        "Start": 0.000075625,
        "End": 0.001,
        "Percent": 99.84311198765849,
        "Count": 1143606
      },
      {
        "Start": 0.002,
        "End": 0.003,
        "Percent": 99.84346120972269,
        "Count": 4
      },
      {
        "Start": 0.003,
        "End": 0.004,
        "Percent": 99.84354851523874,
        "Count": 1
      },
      {
        "Start": 0.004,
        "End": 0.005,
        "Percent": 99.84381043178689,
        "Count": 3
      },
      {
        "Start": 0.005,
        "End": 0.006,
        "Percent": 99.8445088759153,
        "Count": 8
      },
      {
        "Start": 0.006,
        "End": 0.007,
        "Percent": 99.84520732004368,
        "Count": 8
      },
      {
        "Start": 0.007,
        "End": 0.008,
        "Percent": 99.84660420830049,
        "Count": 16
      },
      {
        "Start": 0.008,
        "End": 0.009000000000000001,
        "Percent": 99.84887415171778,
        "Count": 26
      },
      {
        "Start": 0.009000000000000001,
        "End": 0.01,
        "Percent": 99.85149331719927,
        "Count": 30
      },
      {
        "Start": 0.01,
        "End": 0.011,
        "Percent": 99.85655703713016,
        "Count": 58
      },
      {
        "Start": 0.011,
        "End": 0.012,
        "Percent": 99.86249381222154,
        "Count": 68
      },
      {
        "Start": 0.012,
        "End": 0.014,
        "Percent": 99.88074066507596,
        "Count": 209
      },
      {
        "Start": 0.014,
        "End": 0.016,
        "Percent": 99.89182846561428,
        "Count": 127
      },
      {
        "Start": 0.016,
        "End": 0.018000000000000002,
        "Percent": 99.89488415867604,
        "Count": 35
      },
      {
        "Start": 0.018000000000000002,
        "End": 0.02,
        "Percent": 99.89532068625628,
        "Count": 5
      },
      {
        "Start": 0.02,
        "End": 0.025,
        "Percent": 99.89724140760937,
        "Count": 22
      },
      {
        "Start": 0.025,
        "End": 0.03,
        "Percent": 99.91435328875514,
        "Count": 196
      },
      {
        "Start": 0.03,
        "End": 0.035,
        "Percent": 99.97747517685914,
        "Count": 723
      },
      {
        "Start": 0.035,
        "End": 0.04,
        "Percent": 99.9998253889679,
        "Count": 256
      },
      {
        "Start": 0.04,
        "End": 0.041322261,
        "Percent": 100,
        "Count": 2
      }
    ],
    "Percentiles": [
      {
        "Percentile": 50,
        "Value": 0.000538538352676405
      },
      {
        "Percentile": 75,
        "Value": 0.0007699954331642045
      },
      {
        "Percentile": 90,
        "Value": 0.0009088696814568842
      },
      {
        "Percentile": 99,
        "Value": 0.0009921942304324922
      },
      {
        "Percentile": 99.9,
        "Value": 0.025806045918369682
      }
    ]
  },
  "Exactly": 0,
  "Jitter": true,
  "RetCodes": {
    "200": 1145403
  },
  "Sizes": {
    "Count": 1145403,
    "Min": 75,
    "Max": 75,
    "Sum": 85905225,
    "Avg": 75,
    "StdDev": 0,
    "Data": [
      {
        "Start": 75,
        "End": 75,
        "Percent": 100,
        "Count": 1145403
      }
    ],
    "Percentiles": null
  },
  "HeaderSizes": {
    "Count": 1145403,
    "Min": 75,
    "Max": 75,
    "Sum": 85905225,
    "Avg": 75,
    "StdDev": 0,
    "Data": [
      {
        "Start": 75,
        "End": 75,
        "Percent": 100,
        "Count": 1145403
      }
    ],
    "Percentiles": null
  },
  "URL": "http://fortio-server:8080/echo\\?size\\=512",
  "SocketCount": 3,
  "AbortOn": 0
}
