{
  "RunType": "HTTP",
  "Labels": "2pod-diffnode-nosidecar-1core-conn5-resp2048",
  "StartTime": "2021-03-28T09:15:15.857497439Z",
  "RequestedQPS": "max",
  "RequestedDuration": "1m0s",
  "ActualQPS": 23987.370139248385,
  "ActualDuration": 60000199757,
  "NumThreads": 5,
  "Version": "1.11.3",
  "DurationHistogram": {
    "Count": 1439247,
    "Min": 0.000073415,
    "Max": 0.057140653,
    "Sum": 299.69295321200025,
    "Avg": 0.00020822899280804492,
    "StdDev": 0.0020095941258245187,
    "Data": [
      {
        "Start": 0.000073415,
        "End": 0.001,
        "Percent": 99.79093234170368,
        "Count": 1436238
      },
      {
        "Start": 0.001,
        "End": 0.002,
        "Percent": 99.7912797455892,
        "Count": 5
      },
      {
        "Start": 0.005,
        "End": 0.006,
        "Percent": 99.7914187071434,
        "Count": 2
      },
      {
        "Start": 0.01,
        "End": 0.011,
        "Percent": 99.79155766869759,
        "Count": 2
      },
      {
        "Start": 0.012,
        "End": 0.014,
        "Percent": 99.79169663025179,
        "Count": 2
      },
      {
        "Start": 0.016,
        "End": 0.018000000000000002,
        "Percent": 99.79190507258309,
        "Count": 3
      },
      {
        "Start": 0.02,
        "End": 0.025,
        "Percent": 99.79385053434191,
        "Count": 28
      },
      {
        "Start": 0.025,
        "End": 0.03,
        "Percent": 99.8105954016232,
        "Count": 241
      },
      {
        "Start": 0.03,
        "End": 0.035,
        "Percent": 99.86360923455112,
        "Count": 763
      },
      {
        "Start": 0.035,
        "End": 0.04,
        "Percent": 99.87514304354985,
        "Count": 166
      },
      {
        "Start": 0.04,
        "End": 0.045,
        "Percent": 99.87618525520637,
        "Count": 15
      },
      {
        "Start": 0.045,
        "End": 0.05,
        "Percent": 99.91599774048512,
        "Count": 573
      },
      {
        "Start": 0.05,
        "End": 0.057140653,
        "Percent": 100,
        "Count": 1209
      }
    ],
    "Percentiles": [
      {
        "Percentile": 50,
        "Value": 0.0005376778021437271
      },
      {
        "Percentile": 75,
        "Value": 0.0007698095257894415
      },
      {
        "Percentile": 90,
        "Value": 0.0009090885599768702
      },
      {
        "Percentile": 99,
        "Value": 0.0009926559804893274
      },
      {
        "Percentile": 99.9,
        "Value": 0.04799086387434669
      }
    ]
  },
  "Exactly": 0,
  "Jitter": true,
  "RetCodes": {
    "200": 1439247
  },
  "Sizes": {
    "Count": 1439247,
    "Min": 75,
    "Max": 75,
    "Sum": 107943525,
    "Avg": 75,
    "StdDev": 8.140149421539123e-7,
    "Data": [
      {
        "Start": 75,
        "End": 75,
        "Percent": 100,
        "Count": 1439247
      }
    ],
    "Percentiles": null
  },
  "HeaderSizes": {
    "Count": 1439247,
    "Min": 75,
    "Max": 75,
    "Sum": 107943525,
    "Avg": 75,
    "StdDev": 8.140149421539123e-7,
    "Data": [
      {
        "Start": 75,
        "End": 75,
        "Percent": 100,
        "Count": 1439247
      }
    ],
    "Percentiles": null
  },
  "URL": "http://fortio-server:8080/echo\\?size\\=2048",
  "SocketCount": 5,
  "AbortOn": 0
}
