{
  "RunType": "HTTP",
  "Labels": "2pod-diffnode-nosidecar-1core-conn8-resp1024",
  "StartTime": "2021-03-28T09:01:35.436661706Z",
  "RequestedQPS": "max",
  "RequestedDuration": "1m0s",
  "ActualQPS": 26935.809282437986,
  "ActualDuration": 60006513376,
  "NumThreads": 8,
  "Version": "1.11.3",
  "DurationHistogram": {
    "Count": 1616324,
    "Min": 0.000073729,
    "Max": 0.063494437,
    "Sum": 479.6208636799987,
    "Avg": 0.0002967355948931023,
    "StdDev": 0.003131907853757541,
    "Data": [
      {
        "Start": 0.000073729,
        "End": 0.001,
        "Percent": 99.70012200524152,
        "Count": 1611477
      },
      {
        "Start": 0.001,
        "End": 0.002,
        "Percent": 99.70111190578126,
        "Count": 16
      },
      {
        "Start": 0.003,
        "End": 0.004,
        "Percent": 99.70154498726741,
        "Count": 7
      },
      {
        "Start": 0.004,
        "End": 0.005,
        "Percent": 99.7017305936186,
        "Count": 3
      },
      {
        "Start": 0.005,
        "End": 0.006,
        "Percent": 99.7019161999698,
        "Count": 3
      },
      {
        "Start": 0.008,
        "End": 0.009000000000000001,
        "Percent": 99.70203993753728,
        "Count": 2
      },
      {
        "Start": 0.009000000000000001,
        "End": 0.01,
        "Percent": 99.70222554388847,
        "Count": 3
      },
      {
        "Start": 0.01,
        "End": 0.011,
        "Percent": 99.70253488780715,
        "Count": 5
      },
      {
        "Start": 0.011,
        "End": 0.012,
        "Percent": 99.70302983807701,
        "Count": 8
      },
      {
        "Start": 0.025,
        "End": 0.03,
        "Percent": 99.70327731321196,
        "Count": 4
      },
      {
        "Start": 0.045,
        "End": 0.05,
        "Percent": 99.70432908253544,
        "Count": 17
      },
      {
        "Start": 0.05,
        "End": 0.06,
        "Percent": 99.97667546853229,
        "Count": 4402
      },
      {
        "Start": 0.06,
        "End": 0.063494437,
        "Percent": 100,
        "Count": 377
      }
    ],
    "Percentiles": [
      {
        "Percentile": 50,
        "Value": 0.0005382572322733941
      },
      {
        "Percentile": 75,
        "Value": 0.0007705216358084142
      },
      {
        "Percentile": 90,
        "Value": 0.0009098802779294263
      },
      {
        "Percentile": 99,
        "Value": 0.0009934954632020334
      },
      {
        "Percentile": 99.9,
        "Value": 0.057184634257156176
      }
    ]
  },
  "Exactly": 0,
  "Jitter": true,
  "RetCodes": {
    "200": 1616324
  },
  "Sizes": {
    "Count": 1616324,
    "Min": 75,
    "Max": 75,
    "Sum": 121224300,
    "Avg": 75,
    "StdDev": 0,
    "Data": [
      {
        "Start": 75,
        "End": 75,
        "Percent": 100,
        "Count": 1616324
      }
    ],
    "Percentiles": null
  },
  "HeaderSizes": {
    "Count": 1616324,
    "Min": 75,
    "Max": 75,
    "Sum": 121224300,
    "Avg": 75,
    "StdDev": 0,
    "Data": [
      {
        "Start": 75,
        "End": 75,
        "Percent": 100,
        "Count": 1616324
      }
    ],
    "Percentiles": null
  },
  "URL": "http://fortio-server:8080/echo\\?size\\=1024",
  "SocketCount": 8,
  "AbortOn": 0
}
