{
  "RunType": "HTTP",
  "Labels": "2pod-diffnode-nosidecar-1core-conn14-resp512",
  "StartTime": "2021-03-28T08:50:57.151325759Z",
  "RequestedQPS": "max",
  "RequestedDuration": "1m0s",
  "ActualQPS": 28271.613384712888,
  "ActualDuration": 60071350612,
  "NumThreads": 14,
  "Version": "1.11.3",
  "DurationHistogram": {
    "Count": 1698314,
    "Min": 0.000074301,
    "Max": 0.076451826,
    "Sum": 840.1096326719991,
    "Avg": 0.0004946727358262366,
    "StdDev": 0.004961795690300305,
    "Data": [
      {
        "Start": 0.000074301,
        "End": 0.001,
        "Percent": 99.49985691691877,
        "Count": 1689820
      },
      {
        "Start": 0.001,
        "End": 0.002,
        "Percent": 99.50215331204949,
        "Count": 39
      },
      {
        "Start": 0.002,
        "End": 0.003,
        "Percent": 99.50232995782876,
        "Count": 3
      },
      {
        "Start": 0.004,
        "End": 0.005,
        "Percent": 99.50250660360805,
        "Count": 3
      },
      {
        "Start": 0.005,
        "End": 0.006,
        "Percent": 99.50268324938733,
        "Count": 3
      },
      {
        "Start": 0.008,
        "End": 0.009000000000000001,
        "Percent": 99.50297765901948,
        "Count": 5
      },
      {
        "Start": 0.009000000000000001,
        "End": 0.01,
        "Percent": 99.50309542287233,
        "Count": 2
      },
      {
        "Start": 0.01,
        "End": 0.011,
        "Percent": 99.50409641562162,
        "Count": 17
      },
      {
        "Start": 0.011,
        "End": 0.012,
        "Percent": 99.50444970718019,
        "Count": 6
      },
      {
        "Start": 0.012,
        "End": 0.014,
        "Percent": 99.50492076259161,
        "Count": 8
      },
      {
        "Start": 0.03,
        "End": 0.035,
        "Percent": 99.5053329360766,
        "Count": 7
      },
      {
        "Start": 0.04,
        "End": 0.045,
        "Percent": 99.50539181800303,
        "Count": 1
      },
      {
        "Start": 0.045,
        "End": 0.05,
        "Percent": 99.5057451095616,
        "Count": 6
      },
      {
        "Start": 0.05,
        "End": 0.06,
        "Percent": 99.50733492157516,
        "Count": 27
      },
      {
        "Start": 0.06,
        "End": 0.07,
        "Percent": 99.71701346158602,
        "Count": 3561
      },
      {
        "Start": 0.07,
        "End": 0.076451826,
        "Percent": 100,
        "Count": 4806
      }
    ],
    "Percentiles": [
      {
        "Percentile": 50,
        "Value": 0.0005394767732893287
      },
      {
        "Percentile": 75,
        "Value": 0.0007720649338387721
      },
      {
        "Percentile": 90,
        "Value": 0.0009116178301684382
      },
      {
        "Percentile": 99,
        "Value": 0.0009953495679662378
      },
      {
        "Percentile": 99.9,
        "Value": 0.07417192037757732
      }
    ]
  },
  "Exactly": 0,
  "Jitter": true,
  "RetCodes": {
    "200": 1698314
  },
  "Sizes": {
    "Count": 1698314,
    "Min": 75,
    "Max": 75,
    "Sum": 127373550,
    "Avg": 75,
    "StdDev": 0,
    "Data": [
      {
        "Start": 75,
        "End": 75,
        "Percent": 100,
        "Count": 1698314
      }
    ],
    "Percentiles": null
  },
  "HeaderSizes": {
    "Count": 1698314,
    "Min": 75,
    "Max": 75,
    "Sum": 127373550,
    "Avg": 75,
    "StdDev": 0,
    "Data": [
      {
        "Start": 75,
        "End": 75,
        "Percent": 100,
        "Count": 1698314
      }
    ],
    "Percentiles": null
  },
  "URL": "http://fortio-server:8080/echo\\?size\\=512",
  "SocketCount": 14,
  "AbortOn": 0
}
