{
  "RunType": "HTTP",
  "Labels": "2pod-diffnode-nosidecar-1core-conn12-resp128",
  "StartTime": "2021-03-28T08:31:12.707135375Z",
  "RequestedQPS": "max",
  "RequestedDuration": "1m0s",
  "ActualQPS": 28600.184200131298,
  "ActualDuration": 60035942006,
  "NumThreads": 12,
  "Version": "1.11.3",
  "DurationHistogram": {
    "Count": 1717039,
    "Min": 0.000072959,
    "Max": 0.070794601,
    "Sum": 719.8415677490044,
    "Avg": 0.00041923425603553814,
    "StdDev": 0.0043237400528797956,
    "Data": [
      {
        "Start": 0.000072959,
        "End": 0.001,
        "Percent": 99.57118038670059,
        "Count": 1709676
      },
      {
        "Start": 0.001,
        "End": 0.002,
        "Percent": 99.57391765708292,
        "Count": 47
      },
      {
        "Start": 0.002,
        "End": 0.003,
        "Percent": 99.57438357544586,
        "Count": 8
      },
      {
        "Start": 0.003,
        "End": 0.004,
        "Percent": 99.57630548869304,
        "Count": 33
      },
      {
        "Start": 0.004,
        "End": 0.005,
        "Percent": 99.57648020807915,
        "Count": 3
      },
      {
        "Start": 0.006,
        "End": 0.007,
        "Percent": 99.5769461264421,
        "Count": 8
      },
      {
        "Start": 0.008,
        "End": 0.009000000000000001,
        "Percent": 99.57717908562357,
        "Count": 4
      },
      {
        "Start": 0.009000000000000001,
        "End": 0.01,
        "Percent": 99.5772955652143,
        "Count": 2
      },
      {
        "Start": 0.01,
        "End": 0.011,
        "Percent": 99.57735380500966,
        "Count": 1
      },
      {
        "Start": 0.012,
        "End": 0.014,
        "Percent": 99.57747028460041,
        "Count": 2
      },
      {
        "Start": 0.014,
        "End": 0.016,
        "Percent": 99.57787796316799,
        "Count": 7
      },
      {
        "Start": 0.018000000000000002,
        "End": 0.02,
        "Percent": 99.57857684071242,
        "Count": 12
      },
      {
        "Start": 0.02,
        "End": 0.025,
        "Percent": 99.57892627948462,
        "Count": 6
      },
      {
        "Start": 0.025,
        "End": 0.03,
        "Percent": 99.57997459580126,
        "Count": 18
      },
      {
        "Start": 0.03,
        "End": 0.035,
        "Percent": 99.58067347334568,
        "Count": 12
      },
      {
        "Start": 0.035,
        "End": 0.04,
        "Percent": 99.58172178966232,
        "Count": 18
      },
      {
        "Start": 0.04,
        "End": 0.045,
        "Percent": 99.58242066720675,
        "Count": 12
      },
      {
        "Start": 0.045,
        "End": 0.05,
        "Percent": 99.58329426413728,
        "Count": 15
      },
      {
        "Start": 0.05,
        "End": 0.06,
        "Percent": 99.58486673861222,
        "Count": 27
      },
      {
        "Start": 0.06,
        "End": 0.07,
        "Percent": 99.99662209186862,
        "Count": 7070
      },
      {
        "Start": 0.07,
        "End": 0.070794601,
        "Percent": 100,
        "Count": 58
      }
    ],
    "Percentiles": [
      {
        "Percentile": 50,
        "Value": 0.0005384754570801468
      },
      {
        "Percentile": 75,
        "Value": 0.0007712339567363682
      },
      {
        "Percentile": 90,
        "Value": 0.0009108890565301008
      },
      {
        "Percentile": 99,
        "Value": 0.0009946821164063403
      },
      {
        "Percentile": 99.9,
        "Value": 0.06765341018387575
      }
    ]
  },
  "Exactly": 0,
  "Jitter": true,
  "RetCodes": {
    "200": 1717039
  },
  "Sizes": {
    "Count": 1717039,
    "Min": 75,
    "Max": 75,
    "Sum": 128777925,
    "Avg": 75,
    "StdDev": 0,
    "Data": [
      {
        "Start": 75,
        "End": 75,
        "Percent": 100,
        "Count": 1717039
      }
    ],
    "Percentiles": null
  },
  "HeaderSizes": {
    "Count": 1717039,
    "Min": 75,
    "Max": 75,
    "Sum": 128777925,
    "Avg": 75,
    "StdDev": 0,
    "Data": [
      {
        "Start": 75,
        "End": 75,
        "Percent": 100,
        "Count": 1717039
      }
    ],
    "Percentiles": null
  },
  "URL": "http://fortio-server:8080/echo\\?size\\=128",
  "SocketCount": 12,
  "AbortOn": 0
}
