{
  "RunType": "HTTP",
  "Labels": "2pod-diffnode-nosidecar-1core-conn11-resp512",
  "StartTime": "2021-03-28T08:47:54.806131985Z",
  "RequestedQPS": "max",
  "RequestedDuration": "1m0s",
  "ActualQPS": 26350.223666513528,
  "ActualDuration": 60037023595,
  "NumThreads": 11,
  "Version": "1.11.3",
  "DurationHistogram": {
    "Count": 1581989,
    "Min": 0.000075021,
    "Max": 0.077757956,
    "Sum": 659.8459061440008,
    "Avg": 0.0004170989217649432,
    "StdDev": 0.0043683865091883,
    "Data": [
      {
        "Start": 0.000075021,
        "End": 0.001,
        "Percent": 99.57989594112222,
        "Count": 1575343
      },
      {
        "Start": 0.001,
        "End": 0.002,
        "Percent": 99.58065447989841,
        "Count": 12
      },
      {
        "Start": 0.005,
        "End": 0.006,
        "Percent": 99.58116017241586,
        "Count": 8
      },
      {
        "Start": 0.01,
        "End": 0.011,
        "Percent": 99.58134980710992,
        "Count": 3
      },
      {
        "Start": 0.012,
        "End": 0.014,
        "Percent": 99.58160265336863,
        "Count": 4
      },
      {
        "Start": 0.02,
        "End": 0.025,
        "Percent": 99.58179228806269,
        "Count": 3
      },
      {
        "Start": 0.025,
        "End": 0.03,
        "Percent": 99.58248761527419,
        "Count": 11
      },
      {
        "Start": 0.03,
        "End": 0.035,
        "Percent": 99.58299330779165,
        "Count": 8
      },
      {
        "Start": 0.04,
        "End": 0.045,
        "Percent": 99.58495286629679,
        "Count": 31
      },
      {
        "Start": 0.045,
        "End": 0.05,
        "Percent": 99.64380283301591,
        "Count": 931
      },
      {
        "Start": 0.05,
        "End": 0.06,
        "Percent": 99.69759587456045,
        "Count": 851
      },
      {
        "Start": 0.06,
        "End": 0.07,
        "Percent": 99.69835441333663,
        "Count": 12
      },
      {
        "Start": 0.07,
        "End": 0.077757956,
        "Percent": 100,
        "Count": 4772
      }
    ],
    "Percentiles": [
      {
        "Percentile": 50,
        "Value": 0.0005394613416124881
      },
      {
        "Percentile": 75,
        "Value": 0.00077168180599911
      },
      {
        "Percentile": 90,
        "Value": 0.0009110140846310833
      },
      {
        "Percentile": 99,
        "Value": 0.0009946134518102672
      },
      {
        "Percentile": 99.9,
        "Value": 0.07518607815958019
      }
    ]
  },
  "Exactly": 0,
  "Jitter": true,
  "RetCodes": {
    "200": 1581989
  },
  "Sizes": {
    "Count": 1581989,
    "Min": 75,
    "Max": 75,
    "Sum": 118649175,
    "Avg": 75,
    "StdDev": 0,
    "Data": [
      {
        "Start": 75,
        "End": 75,
        "Percent": 100,
        "Count": 1581989
      }
    ],
    "Percentiles": null
  },
  "HeaderSizes": {
    "Count": 1581989,
    "Min": 75,
    "Max": 75,
    "Sum": 118649175,
    "Avg": 75,
    "StdDev": 0,
    "Data": [
      {
        "Start": 75,
        "End": 75,
        "Percent": 100,
        "Count": 1581989
      }
    ],
    "Percentiles": null
  },
  "URL": "http://fortio-server:8080/echo\\?size\\=512",
  "SocketCount": 11,
  "AbortOn": 0
}
