{
  "RunType": "HTTP",
  "Labels": "2pod-diffnode-nosidecar-1core-conn1-resp512",
  "StartTime": "2021-03-28T08:37:47.550352416Z",
  "RequestedQPS": "max",
  "RequestedDuration": "1m0s",
  "ActualQPS": 7509.061954855441,
  "ActualDuration": 60000037649,
  "NumThreads": 1,
  "Version": "1.11.3",
  "DurationHistogram": {
    "Count": 450544,
    "Min": 0.000091396,
    "Max": 0.019040964,
    "Sum": 59.90927627299953,
    "Avg": 0.0001329709779133659,
    "StdDev": 0.0004546010574181604,
    "Data": [
      {
        "Start": 0.000091396,
        "End": 0.001,
        "Percent": 99.86660570332754,
        "Count": 449943
      },
      {
        "Start": 0.001,
        "End": 0.002,
        "Percent": 99.86727156504138,
        "Count": 3
      },
      {
        "Start": 0.002,
        "End": 0.003,
        "Percent": 99.8677154728506,
        "Count": 2
      },
      {
        "Start": 0.003,
        "End": 0.004,
        "Percent": 99.86860328846905,
        "Count": 4
      },
      {
        "Start": 0.004,
        "End": 0.005,
        "Percent": 99.86904719627827,
        "Count": 2
      },
      {
        "Start": 0.005,
        "End": 0.006,
        "Percent": 99.87082282751518,
        "Count": 8
      },
      {
        "Start": 0.006,
        "End": 0.007,
        "Percent": 99.87259845875208,
        "Count": 8
      },
      {
        "Start": 0.007,
        "End": 0.008,
        "Percent": 99.87570581341667,
        "Count": 14
      },
      {
        "Start": 0.008,
        "End": 0.009000000000000001,
        "Percent": 99.88192052274583,
        "Count": 28
      },
      {
        "Start": 0.009000000000000001,
        "End": 0.01,
        "Percent": 99.89124258673958,
        "Count": 42
      },
      {
        "Start": 0.01,
        "End": 0.011,
        "Percent": 99.90611349834866,
        "Count": 67
      },
      {
        "Start": 0.011,
        "End": 0.012,
        "Percent": 99.92231613338542,
        "Count": 73
      },
      {
        "Start": 0.012,
        "End": 0.014,
        "Percent": 99.96692886821265,
        "Count": 201
      },
      {
        "Start": 0.014,
        "End": 0.016,
        "Percent": 99.99045598210164,
        "Count": 106
      },
      {
        "Start": 0.016,
        "End": 0.018000000000000002,
        "Percent": 99.99822436876309,
        "Count": 35
      },
      {
        "Start": 0.018000000000000002,
        "End": 0.019040964,
        "Percent": 100,
        "Count": 8
      }
    ],
    "Percentiles": [
      {
        "Percentile": 50,
        "Value": 0.000546303814082704
      },
      {
        "Percentile": 75,
        "Value": 0.0007737587308141938
      },
      {
        "Percentile": 90,
        "Value": 0.0009102316808530877
      },
      {
        "Percentile": 99,
        "Value": 0.000992115450876424
      },
      {
        "Percentile": 99.9,
        "Value": 0.010588895522388746
      }
    ]
  },
  "Exactly": 0,
  "Jitter": true,
  "RetCodes": {
    "200": 450544
  },
  "Sizes": {
    "Count": 450544,
    "Min": 75,
    "Max": 75,
    "Sum": 33790800,
    "Avg": 75,
    "StdDev": 0,
    "Data": [
      {
        "Start": 75,
        "End": 75,
        "Percent": 100,
        "Count": 450544
      }
    ],
    "Percentiles": null
  },
  "HeaderSizes": {
    "Count": 450544,
    "Min": 75,
    "Max": 75,
    "Sum": 33790800,
    "Avg": 75,
    "StdDev": 0,
    "Data": [
      {
        "Start": 75,
        "End": 75,
        "Percent": 100,
        "Count": 450544
      }
    ],
    "Percentiles": null
  },
  "URL": "http://fortio-server:8080/echo\\?size\\=512",
  "SocketCount": 1,
  "AbortOn": 0
}
