{
  "RunType": "HTTP",
  "Labels": "2pod-diffnode-nosidecar-1core-conn3-resp1024",
  "StartTime": "2021-03-28T08:56:30.915575517Z",
  "RequestedQPS": "max",
  "RequestedDuration": "1m0s",
  "ActualQPS": 12477.226270095178,
  "ActualDuration": 60007086815,
  "NumThreads": 3,
  "Version": "1.11.3",
  "DurationHistogram": {
    "Count": 748722,
    "Min": 0.000073375,
    "Max": 0.055786825,
    "Sum": 179.8696690540014,
    "Avg": 0.00024023558684531965,
    "StdDev": 0.0024810232555024167,
    "Data": [
      {
        "Start": 0.000073375,
        "End": 0.001,
        "Percent": 99.7581211718101,
        "Count": 746911
      },
      {
        "Start": 0.001,
        "End": 0.002,
        "Percent": 99.75959034194267,
        "Count": 11
      },
      {
        "Start": 0.04,
        "End": 0.045,
        "Percent": 99.75972390286381,
        "Count": 1
      },
      {
        "Start": 0.045,
        "End": 0.05,
        "Percent": 99.8489425981873,
        "Count": 668
      },
      {
        "Start": 0.05,
        "End": 0.055786825,
        "Percent": 100,
        "Count": 1131
      }
    ],
    "Percentiles": [
      {
        "Percentile": 50,
        "Value": 0.0005378102532433627
      },
      {
        "Percentile": 75,
        "Value": 0.0007700285001707032
      },
      {
        "Percentile": 90,
        "Value": 0.0009093594483271076
      },
      {
        "Percentile": 99,
        "Value": 0.0009929580172209503
      },
      {
        "Percentile": 99.9,
        "Value": 0.05195594685000033
      }
    ]
  },
  "Exactly": 0,
  "Jitter": true,
  "RetCodes": {
    "200": 748722
  },
  "Sizes": {
    "Count": 748722,
    "Min": 75,
    "Max": 75,
    "Sum": 56154150,
    "Avg": 75,
    "StdDev": 0,
    "Data": [
      {
        "Start": 75,
        "End": 75,
        "Percent": 100,
        "Count": 748722
      }
    ],
    "Percentiles": null
  },
  "HeaderSizes": {
    "Count": 748722,
    "Min": 75,
    "Max": 75,
    "Sum": 56154150,
    "Avg": 75,
    "StdDev": 0,
    "Data": [
      {
        "Start": 75,
        "End": 75,
        "Percent": 100,
        "Count": 748722
      }
    ],
    "Percentiles": null
  },
  "URL": "http://fortio-server:8080/echo\\?size\\=1024",
  "SocketCount": 3,
  "AbortOn": 0
}
