{
  "RunType": "HTTP",
  "Labels": "2pod-diffnode-nosidecar-1core-conn2-resp32",
  "StartTime": "2021-03-28T08:05:23.939142308Z",
  "RequestedQPS": "max",
  "RequestedDuration": "1m0s",
  "ActualQPS": 12060.98235003018,
  "ActualDuration": 60003901755,
  "NumThreads": 2,
  "Version": "1.11.3",
  "DurationHistogram": {
    "Count": 723706,
    "Min": 0.000078696,
    "Max": 0.03664167,
    "Sum": 119.883092656998,
    "Avg": 0.0001656516495054594,
    "StdDev": 0.0011954786881858692,
    "Data": [
      {
        "Start": 0.000078696,
        "End": 0.001,
        "Percent": 99.83335774471954,
        "Count": 722500
      },
      {
        "Start": 0.001,
        "End": 0.002,
        "Percent": 99.83391045535065,
        "Count": 4
      },
      {
        "Start": 0.005,
        "End": 0.006,
        "Percent": 99.83418681066621,
        "Count": 2
      },
      {
        "Start": 0.016,
        "End": 0.018000000000000002,
        "Percent": 99.83446316598176,
        "Count": 2
      },
      {
        "Start": 0.018000000000000002,
        "End": 0.02,
        "Percent": 99.83473952129732,
        "Count": 2
      },
      {
        "Start": 0.02,
        "End": 0.025,
        "Percent": 99.85311714978182,
        "Count": 133
      },
      {
        "Start": 0.025,
        "End": 0.03,
        "Percent": 99.91971878083089,
        "Count": 482
      },
      {
        "Start": 0.03,
        "End": 0.035,
        "Percent": 99.99820369044889,
        "Count": 568
      },
      {
        "Start": 0.035,
        "End": 0.03664167,
        "Percent": 100,
        "Count": 13
      }
    ],
    "Percentiles": [
      {
        "Percentile": 50,
        "Value": 0.0005401162857138903
      },
      {
        "Percentile": 75,
        "Value": 0.0007708270661523408
      },
      {
        "Percentile": 90,
        "Value": 0.0009092535344154111
      },
      {
        "Percentile": 99,
        "Value": 0.0009923094153732532
      },
      {
        "Percentile": 99.9,
        "Value": 0.028519647302904794
      }
    ]
  },
  "Exactly": 0,
  "Jitter": true,
  "RetCodes": {
    "200": 723706
  },
  "Sizes": {
    "Count": 723706,
    "Min": 75,
    "Max": 75,
    "Sum": 54277950,
    "Avg": 75,
    "StdDev": 0,
    "Data": [
      {
        "Start": 75,
        "End": 75,
        "Percent": 100,
        "Count": 723706
      }
    ],
    "Percentiles": null
  },
  "HeaderSizes": {
    "Count": 723706,
    "Min": 75,
    "Max": 75,
    "Sum": 54277950,
    "Avg": 75,
    "StdDev": 0,
    "Data": [
      {
        "Start": 75,
        "End": 75,
        "Percent": 100,
        "Count": 723706
      }
    ],
    "Percentiles": null
  },
  "URL": "http://fortio-server:8080/echo\\?size\\=32",
  "SocketCount": 2,
  "AbortOn": 0
}
