{
  "RunType": "HTTP",
  "Labels": "2pod-diffnode-nosidecar-1core-conn13-resp1024",
  "StartTime": "2021-03-28T09:06:39.331032815Z",
  "RequestedQPS": "max",
  "RequestedDuration": "1m0s",
  "ActualQPS": 28351.625737465598,
  "ActualDuration": 60012149418,
  "NumThreads": 13,
  "Version": "1.11.3",
  "DurationHistogram": {
    "Count": 1701442,
    "Min": 0.000073421,
    "Max": 0.073729533,
    "Sum": 779.6077556049988,
    "Avg": 0.00045820413249761014,
    "StdDev": 0.004661117159068465,
    "Data": [
      {
        "Start": 0.000073421,
        "End": 0.001,
        "Percent": 99.53233786400007,
        "Count": 1693485
      },
      {
        "Start": 0.001,
        "End": 0.002,
        "Percent": 99.53803891052414,
        "Count": 97
      },
      {
        "Start": 0.002,
        "End": 0.003,
        "Percent": 99.53815645787515,
        "Count": 2
      },
      {
        "Start": 0.003,
        "End": 0.004,
        "Percent": 99.53892051565671,
        "Count": 13
      },
      {
        "Start": 0.008,
        "End": 0.009000000000000001,
        "Percent": 99.53903806300774,
        "Count": 2
      },
      {
        "Start": 0.009000000000000001,
        "End": 0.01,
        "Percent": 99.53927315770976,
        "Count": 4
      },
      {
        "Start": 0.014,
        "End": 0.016,
        "Percent": 99.53997844181582,
        "Count": 12
      },
      {
        "Start": 0.016,
        "End": 0.018000000000000002,
        "Percent": 99.54044863121987,
        "Count": 8
      },
      {
        "Start": 0.02,
        "End": 0.025,
        "Percent": 99.5408012732729,
        "Count": 6
      },
      {
        "Start": 0.025,
        "End": 0.03,
        "Percent": 99.54121268900144,
        "Count": 7
      },
      {
        "Start": 0.03,
        "End": 0.035,
        "Percent": 99.54197674678302,
        "Count": 13
      },
      {
        "Start": 0.035,
        "End": 0.04,
        "Percent": 99.54232938883605,
        "Count": 6
      },
      {
        "Start": 0.045,
        "End": 0.05,
        "Percent": 99.54285835191561,
        "Count": 9
      },
      {
        "Start": 0.05,
        "End": 0.06,
        "Percent": 99.54421014645224,
        "Count": 23
      },
      {
        "Start": 0.06,
        "End": 0.07,
        "Percent": 99.81392254334853,
        "Count": 4589
      },
      {
        "Start": 0.07,
        "End": 0.073729533,
        "Percent": 100,
        "Count": 3166
      }
    ],
    "Percentiles": [
      {
        "Percentile": 50,
        "Value": 0.000538887037399822
      },
      {
        "Percentile": 75,
        "Value": 0.0007716203296715528
      },
      {
        "Percentile": 90,
        "Value": 0.0009112603050345914
      },
      {
        "Percentile": 99,
        "Value": 0.0009950442902524146
      },
      {
        "Percentile": 99.9,
        "Value": 0.0717252423851593
      }
    ]
  },
  "Exactly": 0,
  "Jitter": true,
  "RetCodes": {
    "200": 1701442
  },
  "Sizes": {
    "Count": 1701442,
    "Min": 75,
    "Max": 75,
    "Sum": 127608150,
    "Avg": 75,
    "StdDev": 0,
    "Data": [
      {
        "Start": 75,
        "End": 75,
        "Percent": 100,
        "Count": 1701442
      }
    ],
    "Percentiles": null
  },
  "HeaderSizes": {
    "Count": 1701442,
    "Min": 75,
    "Max": 75,
    "Sum": 127608150,
    "Avg": 75,
    "StdDev": 0,
    "Data": [
      {
        "Start": 75,
        "End": 75,
        "Percent": 100,
        "Count": 1701442
      }
    ],
    "Percentiles": null
  },
  "URL": "http://fortio-server:8080/echo\\?size\\=1024",
  "SocketCount": 13,
  "AbortOn": 0
}
