{
  "RunType": "HTTP",
  "Labels": "2pod-diffnode-nosidecar-1core-conn14-resp128",
  "StartTime": "2021-03-28T08:33:14.27183968Z",
  "RequestedQPS": "max",
  "RequestedDuration": "1m0s",
  "ActualQPS": 28617.16463623087,
  "ActualDuration": 60050533372,
  "NumThreads": 14,
  "Version": "1.11.3",
  "DurationHistogram": {
    "Count": 1718476,
    "Min": 0.000073132,
    "Max": 0.074488101,
    "Sum": 839.8797653389979,
    "Avg": 0.0004887352312973809,
    "StdDev": 0.004906350122822224,
    "Data": [
      {
        "Start": 0.000073132,
        "End": 0.001,
        "Percent": 99.50374634268968,
        "Count": 1709948
      },
      {
        "Start": 0.001,
        "End": 0.002,
        "Percent": 99.50793610152252,
        "Count": 72
      },
      {
        "Start": 0.002,
        "End": 0.003,
        "Percent": 99.50834343918682,
        "Count": 7
      },
      {
        "Start": 0.004,
        "End": 0.005,
        "Percent": 99.50880896794602,
        "Count": 8
      },
      {
        "Start": 0.007,
        "End": 0.008,
        "Percent": 99.50898354123072,
        "Count": 3
      },
      {
        "Start": 0.008,
        "End": 0.009000000000000001,
        "Percent": 99.50921630561032,
        "Count": 4
      },
      {
        "Start": 0.01,
        "End": 0.011,
        "Percent": 99.50939087889502,
        "Count": 3
      },
      {
        "Start": 0.012,
        "End": 0.014,
        "Percent": 99.50979821655932,
        "Count": 7
      },
      {
        "Start": 0.018000000000000002,
        "End": 0.02,
        "Percent": 99.51038012750833,
        "Count": 10
      },
      {
        "Start": 0.025,
        "End": 0.03,
        "Percent": 99.51078746517263,
        "Count": 7
      },
      {
        "Start": 0.03,
        "End": 0.035,
        "Percent": 99.51119480283693,
        "Count": 7
      },
      {
        "Start": 0.035,
        "End": 0.04,
        "Percent": 99.51160214050124,
        "Count": 7
      },
      {
        "Start": 0.04,
        "End": 0.045,
        "Percent": 99.51200947816554,
        "Count": 7
      },
      {
        "Start": 0.045,
        "End": 0.05,
        "Percent": 99.51259138911455,
        "Count": 10
      },
      {
        "Start": 0.05,
        "End": 0.06,
        "Percent": 99.51340606444315,
        "Count": 14
      },
      {
        "Start": 0.06,
        "End": 0.07,
        "Percent": 99.66156059205947,
        "Count": 2546
      },
      {
        "Start": 0.07,
        "End": 0.074488101,
        "Percent": 100,
        "Count": 5816
      }
    ],
    "Percentiles": [
      {
        "Percentile": 50,
        "Value": 0.0005388770083049357
      },
      {
        "Percentile": 75,
        "Value": 0.0007717497834798389
      },
      {
        "Percentile": 90,
        "Value": 0.0009114734485847808
      },
      {
        "Percentile": 99,
        "Value": 0.000995307647647746
      },
      {
        "Percentile": 99.9,
        "Value": 0.07316198445012458
      }
    ]
  },
  "Exactly": 0,
  "Jitter": true,
  "RetCodes": {
    "200": 1718476
  },
  "Sizes": {
    "Count": 1718476,
    "Min": 75,
    "Max": 75,
    "Sum": 128885700,
    "Avg": 75,
    "StdDev": 0,
    "Data": [
      {
        "Start": 75,
        "End": 75,
        "Percent": 100,
        "Count": 1718476
      }
    ],
    "Percentiles": null
  },
  "HeaderSizes": {
    "Count": 1718476,
    "Min": 75,
    "Max": 75,
    "Sum": 128885700,
    "Avg": 75,
    "StdDev": 0,
    "Data": [
      {
        "Start": 75,
        "End": 75,
        "Percent": 100,
        "Count": 1718476
      }
    ],
    "Percentiles": null
  },
  "URL": "http://fortio-server:8080/echo\\?size\\=128",
  "SocketCount": 14,
  "AbortOn": 0
}
