{
  "RunType": "HTTP",
  "Labels": "2pod-diffnode-nosidecar-1core-conn17-resp128",
  "StartTime": "2021-03-28T08:36:16.773574728Z",
  "RequestedQPS": "max",
  "RequestedDuration": "1m0s",
  "ActualQPS": 27873.628532239534,
  "ActualDuration": 60069502543,
  "NumThreads": 17,
  "Version": "1.11.3",
  "DurationHistogram": {
    "Count": 1674355,
    "Min": 0.000071981,
    "Max": 0.079196143,
    "Sum": 1020.5207106019978,
    "Avg": 0.0006095007991746063,
    "StdDev": 0.0057889227699413895,
    "Data": [
      {
        "Start": 0.000071981,
        "End": 0.001,
        "Percent": 99.38364325367081,
        "Count": 1664035
      },
      {
        "Start": 0.001,
        "End": 0.002,
        "Percent": 99.38848093743562,
        "Count": 81
      },
      {
        "Start": 0.002,
        "End": 0.003,
        "Percent": 99.38854066192653,
        "Count": 1
      },
      {
        "Start": 0.012,
        "End": 0.014,
        "Percent": 99.38883928438115,
        "Count": 5
      },
      {
        "Start": 0.02,
        "End": 0.025,
        "Percent": 99.38937680479945,
        "Count": 9
      },
      {
        "Start": 0.025,
        "End": 0.03,
        "Percent": 99.38985460072685,
        "Count": 8
      },
      {
        "Start": 0.035,
        "End": 0.04,
        "Percent": 99.391287988509,
        "Count": 24
      },
      {
        "Start": 0.04,
        "End": 0.045,
        "Percent": 99.39170605994548,
        "Count": 7
      },
      {
        "Start": 0.045,
        "End": 0.05,
        "Percent": 99.3917657844364,
        "Count": 1
      },
      {
        "Start": 0.06,
        "End": 0.07,
        "Percent": 99.39266165180024,
        "Count": 15
      },
      {
        "Start": 0.07,
        "End": 0.079196143,
        "Percent": 100,
        "Count": 10169
      }
    ],
    "Percentiles": [
      {
        "Percentile": 50,
        "Value": 0.0005388679135807922
      },
      {
        "Percentile": 75,
        "Value": 0.0007723116492173538
      },
      {
        "Percentile": 90,
        "Value": 0.0009123778905992907
      },
      {
        "Percentile": 99,
        "Value": 0.0009964176354284528
      },
      {
        "Percentile": 99.9,
        "Value": 0.07768197169379841
      }
    ]
  },
  "Exactly": 0,
  "Jitter": true,
  "RetCodes": {
    "200": 1674355
  },
  "Sizes": {
    "Count": 1674355,
    "Min": 75,
    "Max": 75,
    "Sum": 125576625,
    "Avg": 75,
    "StdDev": 0,
    "Data": [
      {
        "Start": 75,
        "End": 75,
        "Percent": 100,
        "Count": 1674355
      }
    ],
    "Percentiles": null
  },
  "HeaderSizes": {
    "Count": 1674355,
    "Min": 75,
    "Max": 75,
    "Sum": 125576625,
    "Avg": 75,
    "StdDev": 0,
    "Data": [
      {
        "Start": 75,
        "End": 75,
        "Percent": 100,
        "Count": 1674355
      }
    ],
    "Percentiles": null
  },
  "URL": "http://fortio-server:8080/echo\\?size\\=128",
  "SocketCount": 17,
  "AbortOn": 0
}
