{
  "RunType": "HTTP",
  "Labels": "2pod-diffnode-nosidecar-1core-conn16-resp1024",
  "StartTime": "2021-03-28T09:09:41.740515619Z",
  "RequestedQPS": "max",
  "RequestedDuration": "1m0s",
  "ActualQPS": 27957.334702017375,
  "ActualDuration": 60002643953,
  "NumThreads": 16,
  "Version": "1.11.3",
  "DurationHistogram": {
    "Count": 1677514,
    "Min": 0.000074162,
    "Max": 0.07924007,
    "Sum": 959.549619934997,
    "Avg": 0.0005720069221091431,
    "StdDev": 0.0055363740638877425,
    "Data": [
      {
        "Start": 0.000074162,
        "End": 0.001,
        "Percent": 99.42259796341492,
        "Count": 1667828
      },
      {
        "Start": 0.001,
        "End": 0.002,
        "Percent": 99.42569778851325,
        "Count": 52
      },
      {
        "Start": 0.002,
        "End": 0.003,
        "Percent": 99.42629390872446,
        "Count": 10
      },
      {
        "Start": 0.007,
        "End": 0.008,
        "Percent": 99.42635352074558,
        "Count": 1
      },
      {
        "Start": 0.018000000000000002,
        "End": 0.02,
        "Percent": 99.42677080489344,
        "Count": 7
      },
      {
        "Start": 0.025,
        "End": 0.03,
        "Percent": 99.42802265733698,
        "Count": 21
      },
      {
        "Start": 0.03,
        "End": 0.035,
        "Percent": 99.42826110542147,
        "Count": 4
      },
      {
        "Start": 0.04,
        "End": 0.045,
        "Percent": 99.42867838956933,
        "Count": 7
      },
      {
        "Start": 0.05,
        "End": 0.06,
        "Percent": 99.42909567371719,
        "Count": 7
      },
      {
        "Start": 0.06,
        "End": 0.07,
        "Percent": 99.48817118664881,
        "Count": 991
      },
      {
        "Start": 0.07,
        "End": 0.07924007,
        "Percent": 100,
        "Count": 8586
      }
    ],
    "Percentiles": [
      {
        "Percentile": 50,
        "Value": 0.0005397691508184003
      },
      {
        "Percentile": 75,
        "Value": 0.0007725730037857644
      },
      {
        "Percentile": 90,
        "Value": 0.0009122553155661828
      },
      {
        "Percentile": 99,
        "Value": 0.0009960647026344338
      },
      {
        "Percentile": 99.9,
        "Value": 0.07743476522641753
      }
    ]
  },
  "Exactly": 0,
  "Jitter": true,
  "RetCodes": {
    "200": 1677514
  },
  "Sizes": {
    "Count": 1677514,
    "Min": 75,
    "Max": 75,
    "Sum": 125813550,
    "Avg": 75,
    "StdDev": 0,
    "Data": [
      {
        "Start": 75,
        "End": 75,
        "Percent": 100,
        "Count": 1677514
      }
    ],
    "Percentiles": null
  },
  "HeaderSizes": {
    "Count": 1677514,
    "Min": 75,
    "Max": 75,
    "Sum": 125813550,
    "Avg": 75,
    "StdDev": 0,
    "Data": [
      {
        "Start": 75,
        "End": 75,
        "Percent": 100,
        "Count": 1677514
      }
    ],
    "Percentiles": null
  },
  "URL": "http://fortio-server:8080/echo\\?size\\=1024",
  "SocketCount": 16,
  "AbortOn": 0
}
