{
  "RunType": "HTTP",
  "Labels": "1pod-diffnode-nosidecar-3core-conn5-resp32",
  "StartTime": "2021-03-28T02:35:25.234263269Z",
  "RequestedQPS": "max",
  "RequestedDuration": "1m0s",
  "ActualQPS": 41674.900467835214,
  "ActualDuration": 60000143298,
  "NumThreads": 5,
  "Version": "1.11.3",
  "DurationHistogram": {
    "Count": 2500500,
    "Min": 0.00007273,
    "Max": 0.002369234,
    "Sum": 299.3669879379998,
    "Avg": 0.0001197228506050789,
    "StdDev": 0.000028010248132745492,
    "Data": [
      {
        "Start": 0.00007273,
        "End": 0.001,
        "Percent": 99.99752049590082,
        "Count": 2500438
      },
      {
        "Start": 0.001,
        "End": 0.002,
        "Percent": 99.999600079984,
        "Count": 52
      },
      {
        "Start": 0.002,
        "End": 0.002369234,
        "Percent": 100,
        "Count": 10
      }
    ],
    "Percentiles": [
      {
        "Percentile": 50,
        "Value": 0.0005363763107168868
      },
      {
        "Percentile": 75,
        "Value": 0.0007681996514969184
      },
      {
        "Percentile": 90,
        "Value": 0.0009072936559649374
      },
      {
        "Percentile": 99,
        "Value": 0.0009907500586457487
      },
      {
        "Percentile": 99.9,
        "Value": 0.00099909569891383
      }
    ]
  },
  "Exactly": 0,
  "Jitter": true,
  "RetCodes": {
    "200": 2500500
  },
  "Sizes": {
    "Count": 2500500,
    "Min": 75,
    "Max": 75,
    "Sum": 187537500,
    "Avg": 75,
    "StdDev": 0,
    "Data": [
      {
        "Start": 75,
        "End": 75,
        "Percent": 100,
        "Count": 2500500
      }
    ],
    "Percentiles": null
  },
  "HeaderSizes": {
    "Count": 2500500,
    "Min": 75,
    "Max": 75,
    "Sum": 187537500,
    "Avg": 75,
    "StdDev": 0,
    "Data": [
      {
        "Start": 75,
        "End": 75,
        "Percent": 100,
        "Count": 2500500
      }
    ],
    "Percentiles": null
  },
  "URL": "http://fortio-server:8080/echo\\?size\\=32",
  "SocketCount": 5,
  "AbortOn": 0
}
