{
  "RunType": "HTTP",
  "Labels": "1pod-diffnode-nosidecar-3core-conn3-resp1024",
  "StartTime": "2021-03-28T03:04:15.780649327Z",
  "RequestedQPS": "max",
  "RequestedDuration": "1m0s",
  "ActualQPS": 25943.837090519028,
  "ActualDuration": 60000145490,
  "NumThreads": 3,
  "Version": "1.11.3",
  "DurationHistogram": {
    "Count": 1556634,
    "Min": 0.000071362,
    "Max": 0.001243094,
    "Sum": 179.66926220699912,
    "Avg": 0.00011542164838169995,
    "StdDev": 0.000021388713498019604,
    "Data": [
      {
        "Start": 0.000071362,
        "End": 0.001,
        "Percent": 99.99942182940885,
        "Count": 1556625
      },
      {
        "Start": 0.001,
        "End": 0.001243094,
        "Percent": 100,
        "Count": 9
      }
    ],
    "Percentiles": [
      {
        "Percentile": 50,
        "Value": 0.0005356833862872473
      },
      {
        "Percentile": 75,
        "Value": 0.0007678443777167769
      },
      {
        "Percentile": 90,
        "Value": 0.0009071409725744945
      },
      {
        "Percentile": 99,
        "Value": 0.0009907189294891252
      },
      {
        "Percentile": 99.9,
        "Value": 0.0009990767251805883
      }
    ]
  },
  "Exactly": 0,
  "Jitter": true,
  "RetCodes": {
    "200": 1556634
  },
  "Sizes": {
    "Count": 1556634,
    "Min": 75,
    "Max": 75,
    "Sum": 116747550,
    "Avg": 75,
    "StdDev": 0,
    "Data": [
      {
        "Start": 75,
        "End": 75,
        "Percent": 100,
        "Count": 1556634
      }
    ],
    "Percentiles": null
  },
  "HeaderSizes": {
    "Count": 1556634,
    "Min": 75,
    "Max": 75,
    "Sum": 116747550,
    "Avg": 75,
    "StdDev": 0,
    "Data": [
      {
        "Start": 75,
        "End": 75,
        "Percent": 100,
        "Count": 1556634
      }
    ],
    "Percentiles": null
  },
  "URL": "http://fortio-server:8080/echo\\?size\\=1024",
  "SocketCount": 3,
  "AbortOn": 0
}
