{
  "RunType": "HTTP",
  "Labels": "1pod-diffnode-nosidecar-3core-conn2-resp512",
  "StartTime": "2021-03-28T02:53:37.807950838Z",
  "RequestedQPS": "max",
  "RequestedDuration": "1m0s",
  "ActualQPS": 17393.146766587677,
  "ActualDuration": 60000068648,
  "NumThreads": 2,
  "Version": "1.11.3",
  "DurationHistogram": {
    "Count": 1043590,
    "Min": 0.000077696,
    "Max": 0.001465713,
    "Sum": 119.83159158899826,
    "Avg": 0.00011482631262181342,
    "StdDev": 0.000016879888198258674,
    "Data": [
      {
        "Start": 0.000077696,
        "End": 0.001,
        "Percent": 99.99932923849404,
        "Count": 1043583
      },
      {
        "Start": 0.001,
        "End": 0.001465713,
        "Percent": 100,
        "Count": 7
      }
    ],
    "Percentiles": [
      {
        "Percentile": 50,
        "Value": 0.0005388506513604106
      },
      {
        "Percentile": 75,
        "Value": 0.0007694284189340176
      },
      {
        "Percentile": 90,
        "Value": 0.0009077750794781819
      },
      {
        "Percentile": 99,
        "Value": 0.0009907830758046803
      },
      {
        "Percentile": 99.9,
        "Value": 0.0009990838754373303
      }
    ]
  },
  "Exactly": 0,
  "Jitter": true,
  "RetCodes": {
    "200": 1043590
  },
  "Sizes": {
    "Count": 1043590,
    "Min": 75,
    "Max": 75,
    "Sum": 78269250,
    "Avg": 75,
    "StdDev": 0,
    "Data": [
      {
        "Start": 75,
        "End": 75,
        "Percent": 100,
        "Count": 1043590
      }
    ],
    "Percentiles": null
  },
  "HeaderSizes": {
    "Count": 1043590,
    "Min": 75,
    "Max": 75,
    "Sum": 78269250,
    "Avg": 75,
    "StdDev": 0,
    "Data": [
      {
        "Start": 75,
        "End": 75,
        "Percent": 100,
        "Count": 1043590
      }
    ],
    "Percentiles": null
  },
  "URL": "http://fortio-server:8080/echo\\?size\\=512",
  "SocketCount": 2,
  "AbortOn": 0
}
