{
  "RunType": "HTTP",
  "Labels": "1pod-diffnode-nosidecar-3core-conn7-resp2048",
  "StartTime": "2021-03-28T03:18:56.292414307Z",
  "RequestedQPS": "max",
  "RequestedDuration": "1m0s",
  "ActualQPS": 47787.620595043256,
  "ActualDuration": 60000183401,
  "NumThreads": 7,
  "Version": "1.11.3",
  "DurationHistogram": {
    "Count": 2867266,
    "Min": 0.000072831,
    "Max": 0.016621471,
    "Sum": 419.206926900001,
    "Avg": 0.00014620440757850893,
    "StdDev": 0.0004521576294831008,
    "Data": [
      {
        "Start": 0.000072831,
        "End": 0.001,
        "Percent": 99.84846191459042,
        "Count": 2862921
      },
      {
        "Start": 0.001,
        "End": 0.002,
        "Percent": 99.85317023254906,
        "Count": 135
      },
      {
        "Start": 0.002,
        "End": 0.003,
        "Percent": 99.85341436755432,
        "Count": 7
      },
      {
        "Start": 0.004,
        "End": 0.005,
        "Percent": 99.85369337898891,
        "Count": 8
      },
      {
        "Start": 0.005,
        "End": 0.006,
        "Percent": 99.85386776113552,
        "Count": 5
      },
      {
        "Start": 0.006,
        "End": 0.007,
        "Percent": 99.85484430115658,
        "Count": 28
      },
      {
        "Start": 0.007,
        "End": 0.008,
        "Percent": 99.85627423475883,
        "Count": 41
      },
      {
        "Start": 0.008,
        "End": 0.009000000000000001,
        "Percent": 99.86150569915732,
        "Count": 150
      },
      {
        "Start": 0.009000000000000001,
        "End": 0.01,
        "Percent": 99.87468898944151,
        "Count": 378
      },
      {
        "Start": 0.01,
        "End": 0.011,
        "Percent": 99.89997440070087,
        "Count": 725
      },
      {
        "Start": 0.011,
        "End": 0.012,
        "Percent": 99.93157244566775,
        "Count": 906
      },
      {
        "Start": 0.012,
        "End": 0.014,
        "Percent": 99.98810713760076,
        "Count": 1621
      },
      {
        "Start": 0.014,
        "End": 0.016,
        "Percent": 99.99947685356015,
        "Count": 326
      },
      {
        "Start": 0.016,
        "End": 0.016621471,
        "Percent": 100,
        "Count": 15
      }
    ],
    "Percentiles": [
      {
        "Percentile": 50,
        "Value": 0.0005371189115755941
      },
      {
        "Percentile": 75,
        "Value": 0.0007692630292905494
      },
      {
        "Percentile": 90,
        "Value": 0.0009085494999195227
      },
      {
        "Percentile": 99,
        "Value": 0.0009921213822969067
      },
      {
        "Percentile": 99.9,
        "Value": 0.011000810154525776
      }
    ]
  },
  "Exactly": 0,
  "Jitter": true,
  "RetCodes": {
    "200": 2867266
  },
  "Sizes": {
    "Count": 2867266,
    "Min": 75,
    "Max": 75,
    "Sum": 215044950,
    "Avg": 75,
    "StdDev": 8.15607195818617e-7,
    "Data": [
      {
        "Start": 75,
        "End": 75,
        "Percent": 100,
        "Count": 2867266
      }
    ],
    "Percentiles": null
  },
  "HeaderSizes": {
    "Count": 2867266,
    "Min": 75,
    "Max": 75,
    "Sum": 215044950,
    "Avg": 75,
    "StdDev": 8.15607195818617e-7,
    "Data": [
      {
        "Start": 75,
        "End": 75,
        "Percent": 100,
        "Count": 2867266
      }
    ],
    "Percentiles": null
  },
  "URL": "http://fortio-server:8080/echo\\?size\\=2048",
  "SocketCount": 7,
  "AbortOn": 0
}
