{
  "RunType": "HTTP",
  "Labels": "1pod-diffnode-nosidecar-3core-conn7-resp32",
  "StartTime": "2021-03-28T02:37:26.779034458Z",
  "RequestedQPS": "max",
  "RequestedDuration": "1m0s",
  "ActualQPS": 48916.03780625478,
  "ActualDuration": 60010318326,
  "NumThreads": 7,
  "Version": "1.11.3",
  "DurationHistogram": {
    "Count": 2935467,
    "Min": 0.000071737,
    "Max": 0.016772919,
    "Sum": 419.2579968260021,
    "Avg": 0.0001428249736161238,
    "StdDev": 0.00039002119046151976,
    "Data": [
      {
        "Start": 0.000071737,
        "End": 0.001,
        "Percent": 99.85242552547857,
        "Count": 2931135
      },
      {
        "Start": 0.001,
        "End": 0.002,
        "Percent": 99.85596840298324,
        "Count": 104
      },
      {
        "Start": 0.002,
        "End": 0.003,
        "Percent": 99.85644532880117,
        "Count": 14
      },
      {
        "Start": 0.003,
        "End": 0.004,
        "Percent": 99.8567859900997,
        "Count": 10
      },
      {
        "Start": 0.004,
        "End": 0.005,
        "Percent": 99.85726291591764,
        "Count": 14
      },
      {
        "Start": 0.005,
        "End": 0.006,
        "Percent": 99.85831896594307,
        "Count": 31
      },
      {
        "Start": 0.006,
        "End": 0.007,
        "Percent": 99.86227063700596,
        "Count": 116
      },
      {
        "Start": 0.007,
        "End": 0.008,
        "Percent": 99.8720135501438,
        "Count": 286
      },
      {
        "Start": 0.008,
        "End": 0.009000000000000001,
        "Percent": 99.89122684738068,
        "Count": 564
      },
      {
        "Start": 0.009000000000000001,
        "End": 0.01,
        "Percent": 99.91841161900304,
        "Count": 798
      },
      {
        "Start": 0.01,
        "End": 0.011,
        "Percent": 99.95046784719433,
        "Count": 941
      },
      {
        "Start": 0.011,
        "End": 0.012,
        "Percent": 99.97761855268685,
        "Count": 797
      },
      {
        "Start": 0.012,
        "End": 0.014,
        "Percent": 99.99802416446855,
        "Count": 599
      },
      {
        "Start": 0.014,
        "End": 0.016,
        "Percent": 99.9999318677403,
        "Count": 56
      },
      {
        "Start": 0.016,
        "End": 0.016772919,
        "Percent": 100,
        "Count": 2
      }
    ],
    "Percentiles": [
      {
        "Percentile": 50,
        "Value": 0.0005365542938007952
      },
      {
        "Percentile": 75,
        "Value": 0.0007689630990465636
      },
      {
        "Percentile": 90,
        "Value": 0.0009084083821940247
      },
      {
        "Percentile": 99,
        "Value": 0.0009920755520825013
      },
      {
        "Percentile": 99.9,
        "Value": 0.00932272305764419
      }
    ]
  },
  "Exactly": 0,
  "Jitter": true,
  "RetCodes": {
    "200": 2935467
  },
  "Sizes": {
    "Count": 2935467,
    "Min": 75,
    "Max": 75,
    "Sum": 220160025,
    "Avg": 75,
    "StdDev": 0,
    "Data": [
      {
        "Start": 75,
        "End": 75,
        "Percent": 100,
        "Count": 2935467
      }
    ],
    "Percentiles": null
  },
  "HeaderSizes": {
    "Count": 2935467,
    "Min": 75,
    "Max": 75,
    "Sum": 220160025,
    "Avg": 75,
    "StdDev": 0,
    "Data": [
      {
        "Start": 75,
        "End": 75,
        "Percent": 100,
        "Count": 2935467
      }
    ],
    "Percentiles": null
  },
  "URL": "http://fortio-server:8080/echo\\?size\\=32",
  "SocketCount": 7,
  "AbortOn": 0
}
