{
  "RunType": "HTTP",
  "Labels": "1pod-diffnode-nosidecar-3core-conn10-resp128",
  "StartTime": "2021-03-28T02:51:06.162700309Z",
  "RequestedQPS": "max",
  "RequestedDuration": "1m0s",
  "ActualQPS": 46555.96024755827,
  "ActualDuration": 60026556968,
  "NumThreads": 10,
  "Version": "1.11.3",
  "DurationHistogram": {
    "Count": 2794594,
    "Min": 0.000072621,
    "Max": 0.038003005,
    "Sum": 599.4629705060008,
    "Avg": 0.0002145080718365533,
    "StdDev": 0.0015234763492288869,
    "Data": [
      {
        "Start": 0.000072621,
        "End": 0.001,
        "Percent": 99.77749898554137,
        "Count": 2788376
      },
      {
        "Start": 0.001,
        "End": 0.002,
        "Percent": 99.78315275850446,
        "Count": 158
      },
      {
        "Start": 0.002,
        "End": 0.003,
        "Percent": 99.7852997608955,
        "Count": 60
      },
      {
        "Start": 0.025,
        "End": 0.03,
        "Percent": 99.79256378565186,
        "Count": 203
      },
      {
        "Start": 0.03,
        "End": 0.035,
        "Percent": 99.975703089608,
        "Count": 5118
      },
      {
        "Start": 0.035,
        "End": 0.038003005,
        "Percent": 100,
        "Count": 679
      }
    ],
    "Percentiles": [
      {
        "Percentile": 50,
        "Value": 0.0005373443486112879
      },
      {
        "Percentile": 75,
        "Value": 0.000769706189210741
      },
      {
        "Percentile": 90,
        "Value": 0.000909123293570413
      },
      {
        "Percentile": 99,
        "Value": 0.000992773556186216
      },
      {
        "Percentile": 99.9,
        "Value": 0.0329331828839393
      }
    ]
  },
  "Exactly": 0,
  "Jitter": true,
  "RetCodes": {
    "200": 2794594
  },
  "Sizes": {
    "Count": 2794594,
    "Min": 75,
    "Max": 75,
    "Sum": 209594550,
    "Avg": 75,
    "StdDev": 8.261438610803853e-7,
    "Data": [
      {
        "Start": 75,
        "End": 75,
        "Percent": 100,
        "Count": 2794594
      }
    ],
    "Percentiles": null
  },
  "HeaderSizes": {
    "Count": 2794594,
    "Min": 75,
    "Max": 75,
    "Sum": 209594550,
    "Avg": 75,
    "StdDev": 8.261438610803853e-7,
    "Data": [
      {
        "Start": 75,
        "End": 75,
        "Percent": 100,
        "Count": 2794594
      }
    ],
    "Percentiles": null
  },
  "URL": "http://fortio-server:8080/echo\\?size\\=128",
  "SocketCount": 10,
  "AbortOn": 0
}
