{
  "RunType": "HTTP",
  "Labels": "1pod-diffnode-nosidecar-3core-conn2-resp128",
  "StartTime": "2021-03-28T02:43:00.431884297Z",
  "RequestedQPS": "max",
  "RequestedDuration": "1m0s",
  "ActualQPS": 17375.879676604414,
  "ActualDuration": 60000127729,
  "NumThreads": 2,
  "Version": "1.11.3",
  "DurationHistogram": {
    "Count": 1042555,
    "Min": 0.000078744,
    "Max": 0.001540692,
    "Sum": 119.83016642900333,
    "Avg": 0.00011493893984394428,
    "StdDev": 0.00001676655976499339,
    "Data": [
      {
        "Start": 0.000078744,
        "End": 0.001,
        "Percent": 99.99923265439233,
        "Count": 1042547
      },
      {
        "Start": 0.001,
        "End": 0.001540692,
        "Percent": 100,
        "Count": 8
      }
    ],
    "Percentiles": [
      {
        "Percentile": 50,
        "Value": 0.0005393750928093341
      },
      {
        "Percentile": 75,
        "Value": 0.000769691081043906
      },
      {
        "Percentile": 90,
        "Value": 0.0009078806739846494
      },
      {
        "Percentile": 99,
        "Value": 0.0009907944297490952
      },
      {
        "Percentile": 99.9,
        "Value": 0.0009990858053255398
      }
    ]
  },
  "Exactly": 0,
  "Jitter": true,
  "RetCodes": {
    "200": 1042555
  },
  "Sizes": {
    "Count": 1042555,
    "Min": 75,
    "Max": 75,
    "Sum": 78191625,
    "Avg": 75,
    "StdDev": 0,
    "Data": [
      {
        "Start": 75,
        "End": 75,
        "Percent": 100,
        "Count": 1042555
      }
    ],
    "Percentiles": null
  },
  "HeaderSizes": {
    "Count": 1042555,
    "Min": 75,
    "Max": 75,
    "Sum": 78191625,
    "Avg": 75,
    "StdDev": 0,
    "Data": [
      {
        "Start": 75,
        "End": 75,
        "Percent": 100,
        "Count": 1042555
      }
    ],
    "Percentiles": null
  },
  "URL": "http://fortio-server:8080/echo\\?size\\=128",
  "SocketCount": 2,
  "AbortOn": 0
}
