{
  "RunType": "HTTP",
  "Labels": "1pod-diffnode-nosidecar-3core-conn2-resp32",
  "StartTime": "2021-03-28T02:32:22.832137506Z",
  "RequestedQPS": "max",
  "RequestedDuration": "1m0s",
  "ActualQPS": 17352.139580780986,
  "ActualDuration": 60000151287,
  "NumThreads": 2,
  "Version": "1.11.3",
  "DurationHistogram": {
    "Count": 1041131,
    "Min": 0.000077998,
    "Max": 0.001679841,
    "Sum": 119.82379910700082,
    "Avg": 0.00011509003104028294,
    "StdDev": 0.000015671745749163495,
    "Data": [
      {
        "Start": 0.000077998,
        "End": 0.001,
        "Percent": 99.99932765425292,
        "Count": 1041124
      },
      {
        "Start": 0.001,
        "End": 0.001679841,
        "Percent": 100,
        "Count": 7
      }
    ],
    "Percentiles": [
      {
        "Percentile": 50,
        "Value": 0.0005390016567523721
      },
      {
        "Percentile": 75,
        "Value": 0.0007695039279206204
      },
      {
        "Percentile": 90,
        "Value": 0.0009078052906215693
      },
      {
        "Percentile": 99,
        "Value": 0.0009907861082421386
      },
      {
        "Percentile": 99.9,
        "Value": 0.0009990841900041954
      }
    ]
  },
  "Exactly": 0,
  "Jitter": true,
  "RetCodes": {
    "200": 1041131
  },
  "Sizes": {
    "Count": 1041131,
    "Min": 75,
    "Max": 75,
    "Sum": 78084825,
    "Avg": 75,
    "StdDev": 0,
    "Data": [
      {
        "Start": 75,
        "End": 75,
        "Percent": 100,
        "Count": 1041131
      }
    ],
    "Percentiles": null
  },
  "HeaderSizes": {
    "Count": 1041131,
    "Min": 75,
    "Max": 75,
    "Sum": 78084825,
    "Avg": 75,
    "StdDev": 0,
    "Data": [
      {
        "Start": 75,
        "End": 75,
        "Percent": 100,
        "Count": 1041131
      }
    ],
    "Percentiles": null
  },
  "URL": "http://fortio-server:8080/echo\\?size\\=32",
  "SocketCount": 2,
  "AbortOn": 0
}
