{
  "RunType": "HTTP",
  "Labels": "1pod-diffnode-nosidecar-3core-conn4-resp1024",
  "StartTime": "2021-03-28T03:05:16.573275293Z",
  "RequestedQPS": "max",
  "RequestedDuration": "1m0s",
  "ActualQPS": 34022.01402436752,
  "ActualDuration": 60000210409,
  "NumThreads": 4,
  "Version": "1.11.3",
  "DurationHistogram": {
    "Count": 2041328,
    "Min": 0.00007224,
    "Max": 0.001335844,
    "Sum": 239.53216800699948,
    "Avg": 0.00011734134250203764,
    "StdDev": 0.000025314530939629683,
    "Data": [
      {
        "Start": 0.00007224,
        "End": 0.001,
        "Percent": 99.9992161965152,
        "Count": 2041312
      },
      {
        "Start": 0.001,
        "End": 0.001335844,
        "Percent": 100,
        "Count": 16
      }
    ],
    "Percentiles": [
      {
        "Percentile": 50,
        "Value": 0.0005361234086917673
      },
      {
        "Percentile": 75,
        "Value": 0.0007680653402837687
      },
      {
        "Percentile": 90,
        "Value": 0.0009072304992389695
      },
      {
        "Percentile": 99,
        "Value": 0.0009907295946120901
      },
      {
        "Percentile": 99.9,
        "Value": 0.0009990795041494023
      }
    ]
  },
  "Exactly": 0,
  "Jitter": true,
  "RetCodes": {
    "200": 2041328
  },
  "Sizes": {
    "Count": 2041328,
    "Min": 75,
    "Max": 75,
    "Sum": 153099600,
    "Avg": 75,
    "StdDev": 0,
    "Data": [
      {
        "Start": 75,
        "End": 75,
        "Percent": 100,
        "Count": 2041328
      }
    ],
    "Percentiles": null
  },
  "HeaderSizes": {
    "Count": 2041328,
    "Min": 75,
    "Max": 75,
    "Sum": 153099600,
    "Avg": 75,
    "StdDev": 0,
    "Data": [
      {
        "Start": 75,
        "End": 75,
        "Percent": 100,
        "Count": 2041328
      }
    ],
    "Percentiles": null
  },
  "URL": "http://fortio-server:8080/echo\\?size\\=1024",
  "SocketCount": 4,
  "AbortOn": 0
}
