{
  "RunType": "HTTP",
  "Labels": "1pod-diffnode-nosidecar-3core-conn5-resp1024",
  "StartTime": "2021-03-28T03:06:17.233794774Z",
  "RequestedQPS": "max",
  "RequestedDuration": "1m0s",
  "ActualQPS": 41378.753245429594,
  "ActualDuration": 60000188630,
  "NumThreads": 5,
  "Version": "1.11.3",
  "DurationHistogram": {
    "Count": 2482733,
    "Min": 0.000072567,
    "Max": 0.004758062,
    "Sum": 299.3769012219964,
    "Avg": 0.00012058360734802992,
    "StdDev": 0.00002961591239130767,
    "Data": [
      {
        "Start": 0.000072567,
        "End": 0.001,
        "Percent": 99.99899304516434,
        "Count": 2482708
      },
      {
        "Start": 0.001,
        "End": 0.002,
        "Percent": 99.99979860903287,
        "Count": 20
      },
      {
        "Start": 0.004,
        "End": 0.004758062,
        "Percent": 100,
        "Count": 5
      }
    ],
    "Percentiles": [
      {
        "Percentile": 50,
        "Value": 0.0005362879826860359
      },
      {
        "Percentile": 75,
        "Value": 0.0007681486608076386
      },
      {
        "Percentile": 90,
        "Value": 0.0009072650676806003
      },
      {
        "Percentile": 99,
        "Value": 0.0009907349118043773
      },
      {
        "Percentile": 99.9,
        "Value": 0.000999081896216755
      }
    ]
  },
  "Exactly": 0,
  "Jitter": true,
  "RetCodes": {
    "200": 2482733
  },
  "Sizes": {
    "Count": 2482733,
    "Min": 75,
    "Max": 75,
    "Sum": 186204975,
    "Avg": 75,
    "StdDev": 0,
    "Data": [
      {
        "Start": 75,
        "End": 75,
        "Percent": 100,
        "Count": 2482733
      }
    ],
    "Percentiles": null
  },
  "HeaderSizes": {
    "Count": 2482733,
    "Min": 75,
    "Max": 75,
    "Sum": 186204975,
    "Avg": 75,
    "StdDev": 0,
    "Data": [
      {
        "Start": 75,
        "End": 75,
        "Percent": 100,
        "Count": 2482733
      }
    ],
    "Percentiles": null
  },
  "URL": "http://fortio-server:8080/echo\\?size\\=1024",
  "SocketCount": 5,
  "AbortOn": 0
}
