{
  "RunType": "HTTP",
  "Labels": "1pod-diffnode-nosidecar-3core-conn6-resp2048",
  "StartTime": "2021-03-28T03:17:55.442262829Z",
  "RequestedQPS": "max",
  "RequestedDuration": "1m0s",
  "ActualQPS": 47871.36614388602,
  "ActualDuration": 60000251327,
  "NumThreads": 6,
  "Version": "1.11.3",
  "DurationHistogram": {
    "Count": 2872294,
    "Min": 0.000072597,
    "Max": 0.005978679,
    "Sum": 359.2238726040009,
    "Avg": 0.00012506514744103526,
    "StdDev": 0.000055795524145761696,
    "Data": [
      {
        "Start": 0.000072597,
        "End": 0.001,
        "Percent": 99.95460074769505,
        "Count": 2870990
      },
      {
        "Start": 0.001,
        "End": 0.002,
        "Percent": 99.98269675736536,
        "Count": 807
      },
      {
        "Start": 0.002,
        "End": 0.003,
        "Percent": 99.9937332320438,
        "Count": 317
      },
      {
        "Start": 0.003,
        "End": 0.004,
        "Percent": 99.997980708103,
        "Count": 122
      },
      {
        "Start": 0.004,
        "End": 0.005,
        "Percent": 99.99940813858191,
        "Count": 41
      },
      {
        "Start": 0.005,
        "End": 0.005978679,
        "Percent": 100,
        "Count": 17
      }
    ],
    "Percentiles": [
      {
        "Percentile": 50,
        "Value": 0.0005365089511910355
      },
      {
        "Percentile": 75,
        "Value": 0.000768465088299363
      },
      {
        "Percentile": 90,
        "Value": 0.0009076387705643595
      },
      {
        "Percentile": 99,
        "Value": 0.0009911429799233575
      },
      {
        "Percentile": 99.9,
        "Value": 0.0009994934008592572
      }
    ]
  },
  "Exactly": 0,
  "Jitter": true,
  "RetCodes": {
    "200": 2872294
  },
  "Sizes": {
    "Count": 2872294,
    "Min": 75,
    "Max": 75,
    "Sum": 215422050,
    "Avg": 75,
    "StdDev": 8.148930159304781e-7,
    "Data": [
      {
        "Start": 75,
        "End": 75,
        "Percent": 100,
        "Count": 2872294
      }
    ],
    "Percentiles": null
  },
  "HeaderSizes": {
    "Count": 2872294,
    "Min": 75,
    "Max": 75,
    "Sum": 215422050,
    "Avg": 75,
    "StdDev": 8.148930159304781e-7,
    "Data": [
      {
        "Start": 75,
        "End": 75,
        "Percent": 100,
        "Count": 2872294
      }
    ],
    "Percentiles": null
  },
  "URL": "http://fortio-server:8080/echo\\?size\\=2048",
  "SocketCount": 6,
  "AbortOn": 0
}
