{
  "RunType": "HTTP",
  "Labels": "1pod-diffnode-nosidecar-3core-conn1-resp2048",
  "StartTime": "2021-03-28T03:12:51.943355726Z",
  "RequestedQPS": "max",
  "RequestedDuration": "1m0s",
  "ActualQPS": 8527.530709588531,
  "ActualDuration": 60000135728,
  "NumThreads": 1,
  "Version": "1.11.3",
  "DurationHistogram": {
    "Count": 511653,
    "Min": 0.000093741,
    "Max": 0.001532121,
    "Sum": 59.892303137001335,
    "Avg": 0.00011705648777003425,
    "StdDev": 0.0000124163920027532,
    "Data": [
      {
        "Start": 0.000093741,
        "End": 0.001,
        "Percent": 99.9994136651207,
        "Count": 511650
      },
      {
        "Start": 0.001,
        "End": 0.001532121,
        "Percent": 100,
        "Count": 3
      }
    ],
    "Percentiles": [
      {
        "Percentile": 50,
        "Value": 0.0005468722712513853
      },
      {
        "Percentile": 75,
        "Value": 0.0007734387925027704
      },
      {
        "Percentile": 90,
        "Value": 0.0009093787052536016
      },
      {
        "Percentile": 99,
        "Value": 0.0009909426529041002
      },
      {
        "Percentile": 99.9,
        "Value": 0.0009990990476691501
      }
    ]
  },
  "Exactly": 0,
  "Jitter": true,
  "RetCodes": {
    "200": 511653
  },
  "Sizes": {
    "Count": 511653,
    "Min": 75,
    "Max": 75,
    "Sum": 38373975,
    "Avg": 75,
    "StdDev": 0,
    "Data": [
      {
        "Start": 75,
        "End": 75,
        "Percent": 100,
        "Count": 511653
      }
    ],
    "Percentiles": null
  },
  "HeaderSizes": {
    "Count": 511653,
    "Min": 75,
    "Max": 75,
    "Sum": 38373975,
    "Avg": 75,
    "StdDev": 0,
    "Data": [
      {
        "Start": 75,
        "End": 75,
        "Percent": 100,
        "Count": 511653
      }
    ],
    "Percentiles": null
  },
  "URL": "http://fortio-server:8080/echo\\?size\\=2048",
  "SocketCount": 1,
  "AbortOn": 0
}
