{
  "RunType": "HTTP",
  "Labels": "1pod-diffnode-nosidecar-3core-conn4-resp2048",
  "StartTime": "2021-03-28T03:15:53.973209448Z",
  "RequestedQPS": "max",
  "RequestedDuration": "1m0s",
  "ActualQPS": 33824.76599245339,
  "ActualDuration": 60000444658,
  "NumThreads": 4,
  "Version": "1.11.3",
  "DurationHistogram": {
    "Count": 2029501,
    "Min": 0.000072504,
    "Max": 0.001582764,
    "Sum": 239.53262173900035,
    "Avg": 0.00011802537753812408,
    "StdDev": 0.000025133385816696203,
    "Data": [
      {
        "Start": 0.000072504,
        "End": 0.001,
        "Percent": 99.9990638092812,
        "Count": 2029482
      },
      {
        "Start": 0.001,
        "End": 0.001582764,
        "Percent": 100,
        "Count": 19
      }
    ],
    "Percentiles": [
      {
        "Percentile": 50,
        "Value": 0.0005362561131028081
      },
      {
        "Percentile": 75,
        "Value": 0.0007681323981599237
      },
      {
        "Percentile": 90,
        "Value": 0.000907258169194193
      },
      {
        "Percentile": 99,
        "Value": 0.0009907336318147545
      },
      {
        "Percentile": 99.9,
        "Value": 0.0009990811780768109
      }
    ]
  },
  "Exactly": 0,
  "Jitter": true,
  "RetCodes": {
    "200": 2029501
  },
  "Sizes": {
    "Count": 2029501,
    "Min": 75,
    "Max": 75,
    "Sum": 152212575,
    "Avg": 75,
    "StdDev": 0,
    "Data": [
      {
        "Start": 75,
        "End": 75,
        "Percent": 100,
        "Count": 2029501
      }
    ],
    "Percentiles": null
  },
  "HeaderSizes": {
    "Count": 2029501,
    "Min": 75,
    "Max": 75,
    "Sum": 152212575,
    "Avg": 75,
    "StdDev": 0,
    "Data": [
      {
        "Start": 75,
        "End": 75,
        "Percent": 100,
        "Count": 2029501
      }
    ],
    "Percentiles": null
  },
  "URL": "http://fortio-server:8080/echo\\?size\\=2048",
  "SocketCount": 4,
  "AbortOn": 0
}
