{
  "RunType": "HTTP",
  "Labels": "1pod-diffnode-nosidecar-3core-conn7-resp512",
  "StartTime": "2021-03-28T02:58:41.990578821Z",
  "RequestedQPS": "max",
  "RequestedDuration": "1m0s",
  "ActualQPS": 47887.4350156405,
  "ActualDuration": 60000123186,
  "NumThreads": 7,
  "Version": "1.11.3",
  "DurationHistogram": {
    "Count": 2873252,
    "Min": 0.000072071,
    "Max": 0.016911282,
    "Sum": 419.21175315699725,
    "Avg": 0.00014590149181380446,
    "StdDev": 0.00044545021775042036,
    "Data": [
      {
        "Start": 0.000072071,
        "End": 0.001,
        "Percent": 99.84940408986054,
        "Count": 2868925
      },
      {
        "Start": 0.001,
        "End": 0.002,
        "Percent": 99.85298887810745,
        "Count": 103
      },
      {
        "Start": 0.002,
        "End": 0.003,
        "Percent": 99.85361534595643,
        "Count": 18
      },
      {
        "Start": 0.003,
        "End": 0.004,
        "Percent": 99.85371975726459,
        "Count": 3
      },
      {
        "Start": 0.004,
        "End": 0.005,
        "Percent": 99.85382416857276,
        "Count": 3
      },
      {
        "Start": 0.005,
        "End": 0.006,
        "Percent": 99.8539633836503,
        "Count": 4
      },
      {
        "Start": 0.006,
        "End": 0.007,
        "Percent": 99.85441583265234,
        "Count": 13
      },
      {
        "Start": 0.007,
        "End": 0.008,
        "Percent": 99.85699131158701,
        "Count": 74
      },
      {
        "Start": 0.008,
        "End": 0.009000000000000001,
        "Percent": 99.86276873730533,
        "Count": 166
      },
      {
        "Start": 0.009000000000000001,
        "End": 0.01,
        "Percent": 99.878639256146,
        "Count": 456
      },
      {
        "Start": 0.01,
        "End": 0.011,
        "Percent": 99.90627344903963,
        "Count": 794
      },
      {
        "Start": 0.011,
        "End": 0.012,
        "Percent": 99.93787527164342,
        "Count": 908
      },
      {
        "Start": 0.012,
        "End": 0.014,
        "Percent": 99.98854955987153,
        "Count": 1456
      },
      {
        "Start": 0.014,
        "End": 0.016,
        "Percent": 99.99986078492245,
        "Count": 325
      },
      {
        "Start": 0.016,
        "End": 0.016911282,
        "Percent": 100,
        "Count": 4
      }
    ],
    "Percentiles": [
      {
        "Percentile": 50,
        "Value": 0.0005367351039027176
      },
      {
        "Percentile": 75,
        "Value": 0.0007690673175748122
      },
      {
        "Percentile": 90,
        "Value": 0.000908466645778069
      },
      {
        "Percentile": 99,
        "Value": 0.0009921062427000228
      },
      {
        "Percentile": 99.9,
        "Value": 0.010772982367758185
      }
    ]
  },
  "Exactly": 0,
  "Jitter": true,
  "RetCodes": {
    "200": 2873252
  },
  "Sizes": {
    "Count": 2873252,
    "Min": 75,
    "Max": 75,
    "Sum": 215493900,
    "Avg": 75,
    "StdDev": 0,
    "Data": [
      {
        "Start": 75,
        "End": 75,
        "Percent": 100,
        "Count": 2873252
      }
    ],
    "Percentiles": null
  },
  "HeaderSizes": {
    "Count": 2873252,
    "Min": 75,
    "Max": 75,
    "Sum": 215493900,
    "Avg": 75,
    "StdDev": 0,
    "Data": [
      {
        "Start": 75,
        "End": 75,
        "Percent": 100,
        "Count": 2873252
      }
    ],
    "Percentiles": null
  },
  "URL": "http://fortio-server:8080/echo\\?size\\=512",
  "SocketCount": 7,
  "AbortOn": 0
}
