{
  "RunType": "HTTP",
  "Labels": "1pod-diffnode-nosidecar-3core-conn8-resp2048",
  "StartTime": "2021-03-28T03:19:56.965016849Z",
  "RequestedQPS": "max",
  "RequestedDuration": "1m0s",
  "ActualQPS": 47381.422083082216,
  "ActualDuration": 60000119773,
  "NumThreads": 8,
  "Version": "1.11.3",
  "DurationHistogram": {
    "Count": 2842891,
    "Min": 0.000071324,
    "Max": 0.027183292,
    "Sum": 479.22006998200106,
    "Avg": 0.0001685678662959646,
    "StdDev": 0.0008384910107040526,
    "Data": [
      {
        "Start": 0.000071324,
        "End": 0.001,
        "Percent": 99.82679603263017,
        "Count": 2837967
      },
      {
        "Start": 0.001,
        "End": 0.002,
        "Percent": 99.82996182407275,
        "Count": 90
      },
      {
        "Start": 0.002,
        "End": 0.003,
        "Percent": 99.83077085966363,
        "Count": 23
      },
      {
        "Start": 0.003,
        "End": 0.004,
        "Percent": 99.83105226334742,
        "Count": 8
      },
      {
        "Start": 0.005,
        "End": 0.006,
        "Percent": 99.8313336670312,
        "Count": 8
      },
      {
        "Start": 0.009000000000000001,
        "End": 0.01,
        "Percent": 99.83143919341262,
        "Count": 3
      },
      {
        "Start": 0.01,
        "End": 0.011,
        "Percent": 99.83154471979404,
        "Count": 3
      },
      {
        "Start": 0.012,
        "End": 0.014,
        "Percent": 99.8317205970964,
        "Count": 5
      },
      {
        "Start": 0.014,
        "End": 0.016,
        "Percent": 99.83270550998965,
        "Count": 28
      },
      {
        "Start": 0.016,
        "End": 0.018000000000000002,
        "Percent": 99.8409013922799,
        "Count": 233
      },
      {
        "Start": 0.018000000000000002,
        "End": 0.02,
        "Percent": 99.89647861982749,
        "Count": 1580
      },
      {
        "Start": 0.02,
        "End": 0.025,
        "Percent": 99.99957789447433,
        "Count": 2931
      },
      {
        "Start": 0.025,
        "End": 0.027183292,
        "Percent": 100,
        "Count": 12
      }
    ],
    "Percentiles": [
      {
        "Percentile": 50,
        "Value": 0.000536467483918412
      },
      {
        "Percentile": 75,
        "Value": 0.0007690393894940954
      },
      {
        "Percentile": 90,
        "Value": 0.0009085825328395055
      },
      {
        "Percentile": 99,
        "Value": 0.0009923084188467515
      },
      {
        "Percentile": 99.9,
        "Value": 0.02017077618560253
      }
    ]
  },
  "Exactly": 0,
  "Jitter": true,
  "RetCodes": {
    "200": 2842891
  },
  "Sizes": {
    "Count": 2842891,
    "Min": 75,
    "Max": 75,
    "Sum": 213216825,
    "Avg": 75,
    "StdDev": 0,
    "Data": [
      {
        "Start": 75,
        "End": 75,
        "Percent": 100,
        "Count": 2842891
      }
    ],
    "Percentiles": null
  },
  "HeaderSizes": {
    "Count": 2842891,
    "Min": 75,
    "Max": 75,
    "Sum": 213216825,
    "Avg": 75,
    "StdDev": 0,
    "Data": [
      {
        "Start": 75,
        "End": 75,
        "Percent": 100,
        "Count": 2842891
      }
    ],
    "Percentiles": null
  },
  "URL": "http://fortio-server:8080/echo\\?size\\=2048",
  "SocketCount": 8,
  "AbortOn": 0
}
