{
  "RunType": "HTTP",
  "Labels": "1pod-diffnode-nosidecar-3core-conn8-resp512",
  "StartTime": "2021-03-28T02:59:42.865992492Z",
  "RequestedQPS": "max",
  "RequestedDuration": "1m0s",
  "ActualQPS": 47441.514256848655,
  "ActualDuration": 60000192755,
  "NumThreads": 8,
  "Version": "1.11.3",
  "DurationHistogram": {
    "Count": 2846500,
    "Min": 0.000071676,
    "Max": 0.026356664,
    "Sum": 479.2091071029975,
    "Avg": 0.0001683502923249596,
    "StdDev": 0.0008504367422969744,
    "Data": [
      {
        "Start": 0.000071676,
        "End": 0.001,
        "Percent": 99.82603196908484,
        "Count": 2841548
      },
      {
        "Start": 0.001,
        "End": 0.002,
        "Percent": 99.83080976637976,
        "Count": 136
      },
      {
        "Start": 0.002,
        "End": 0.003,
        "Percent": 99.83154751449148,
        "Count": 21
      },
      {
        "Start": 0.004,
        "End": 0.005,
        "Percent": 99.83165290707886,
        "Count": 3
      },
      {
        "Start": 0.012,
        "End": 0.014,
        "Percent": 99.83203934656596,
        "Count": 11
      },
      {
        "Start": 0.014,
        "End": 0.016,
        "Percent": 99.83295274898998,
        "Count": 26
      },
      {
        "Start": 0.016,
        "End": 0.018000000000000002,
        "Percent": 99.84177059546812,
        "Count": 251
      },
      {
        "Start": 0.018000000000000002,
        "End": 0.02,
        "Percent": 99.88059019848937,
        "Count": 1105
      },
      {
        "Start": 0.02,
        "End": 0.025,
        "Percent": 99.99964869137537,
        "Count": 3389
      },
      {
        "Start": 0.025,
        "End": 0.026356664,
        "Percent": 100,
        "Count": 10
      }
    ],
    "Percentiles": [
      {
        "Percentile": 50,
        "Value": 0.0005366467376566355
      },
      {
        "Percentile": 75,
        "Value": 0.0007691322698332987
      },
      {
        "Percentile": 90,
        "Value": 0.0009086235891392964
      },
      {
        "Percentile": 99,
        "Value": 0.000992318380722895
      },
      {
        "Percentile": 99.9,
        "Value": 0.020815137208616396
      }
    ]
  },
  "Exactly": 0,
  "Jitter": true,
  "RetCodes": {
    "200": 2846500
  },
  "Sizes": {
    "Count": 2846500,
    "Min": 75,
    "Max": 75,
    "Sum": 213487500,
    "Avg": 75,
    "StdDev": 0,
    "Data": [
      {
        "Start": 75,
        "End": 75,
        "Percent": 100,
        "Count": 2846500
      }
    ],
    "Percentiles": null
  },
  "HeaderSizes": {
    "Count": 2846500,
    "Min": 75,
    "Max": 75,
    "Sum": 213487500,
    "Avg": 75,
    "StdDev": 0,
    "Data": [
      {
        "Start": 75,
        "End": 75,
        "Percent": 100,
        "Count": 2846500
      }
    ],
    "Percentiles": null
  },
  "URL": "http://fortio-server:8080/echo\\?size\\=512",
  "SocketCount": 8,
  "AbortOn": 0
}
