{
  "RunType": "HTTP",
  "Labels": "1pod-diffnode-nosidecar-3core-conn9-resp2048",
  "StartTime": "2021-03-28T03:20:58.005531683Z",
  "RequestedQPS": "max",
  "RequestedDuration": "1m0s",
  "ActualQPS": 46671.48206717066,
  "ActualDuration": 60000194465,
  "NumThreads": 9,
  "Version": "1.11.3",
  "DurationHistogram": {
    "Count": 2800298,
    "Min": 0.000071582,
    "Max": 0.033692938,
    "Sum": 539.203104001002,
    "Avg": 0.00019255204410423531,
    "StdDev": 0.0012268032323470564,
    "Data": [
      {
        "Start": 0.000071582,
        "End": 0.001,
        "Percent": 99.80084262460637,
        "Count": 2794721
      },
      {
        "Start": 0.001,
        "End": 0.002,
        "Percent": 99.80444938360132,
        "Count": 101
      },
      {
        "Start": 0.002,
        "End": 0.003,
        "Percent": 99.80548498766917,
        "Count": 29
      },
      {
        "Start": 0.003,
        "End": 0.004,
        "Percent": 99.80684198610291,
        "Count": 38
      },
      {
        "Start": 0.005,
        "End": 0.006,
        "Percent": 99.8071633804688,
        "Count": 9
      },
      {
        "Start": 0.008,
        "End": 0.009000000000000001,
        "Percent": 99.80744906434958,
        "Count": 8
      },
      {
        "Start": 0.009000000000000001,
        "End": 0.01,
        "Percent": 99.80748477483468,
        "Count": 1
      },
      {
        "Start": 0.02,
        "End": 0.025,
        "Percent": 99.81334129439081,
        "Count": 164
      },
      {
        "Start": 0.025,
        "End": 0.03,
        "Percent": 99.97635965886488,
        "Count": 4565
      },
      {
        "Start": 0.03,
        "End": 0.033692938,
        "Percent": 100,
        "Count": 662
      }
    ],
    "Percentiles": [
      {
        "Percentile": 50,
        "Value": 0.0005367171855871072
      },
      {
        "Percentile": 75,
        "Value": 0.0007692849444828106
      },
      {
        "Percentile": 90,
        "Value": 0.0009088255998202326
      },
      {
        "Percentile": 99,
        "Value": 0.0009925499930226857
      },
      {
        "Percentile": 99.9,
        "Value": 0.02765794304490707
      }
    ]
  },
  "Exactly": 0,
  "Jitter": true,
  "RetCodes": {
    "200": 2800298
  },
  "Sizes": {
    "Count": 2800298,
    "Min": 75,
    "Max": 75,
    "Sum": 210022350,
    "Avg": 75,
    "StdDev": 8.253020351934822e-7,
    "Data": [
      {
        "Start": 75,
        "End": 75,
        "Percent": 100,
        "Count": 2800298
      }
    ],
    "Percentiles": null
  },
  "HeaderSizes": {
    "Count": 2800298,
    "Min": 75,
    "Max": 75,
    "Sum": 210022350,
    "Avg": 75,
    "StdDev": 8.253020351934822e-7,
    "Data": [
      {
        "Start": 75,
        "End": 75,
        "Percent": 100,
        "Count": 2800298
      }
    ],
    "Percentiles": null
  },
  "URL": "http://fortio-server:8080/echo\\?size\\=2048",
  "SocketCount": 9,
  "AbortOn": 0
}
