{
  "RunType": "HTTP",
  "Labels": "1pod-diffnode-nosidecar-3core-conn8-resp1024",
  "StartTime": "2021-03-28T03:09:19.620861979Z",
  "RequestedQPS": "max",
  "RequestedDuration": "1m0s",
  "ActualQPS": 47576.40022776693,
  "ActualDuration": 60000209901,
  "NumThreads": 8,
  "Version": "1.11.3",
  "DurationHistogram": {
    "Count": 2854594,
    "Min": 0.000072538,
    "Max": 0.025171496,
    "Sum": 479.1971436399973,
    "Avg": 0.00016786875599121882,
    "StdDev": 0.0008524425787292353,
    "Data": [
      {
        "Start": 0.000072538,
        "End": 0.001,
        "Percent": 99.82754114945944,
        "Count": 2849671
      },
      {
        "Start": 0.001,
        "End": 0.002,
        "Percent": 99.83142961836253,
        "Count": 111
      },
      {
        "Start": 0.002,
        "End": 0.003,
        "Percent": 99.83160477461944,
        "Count": 5
      },
      {
        "Start": 0.005,
        "End": 0.006,
        "Percent": 99.83170986837358,
        "Count": 3
      },
      {
        "Start": 0.006,
        "End": 0.007,
        "Percent": 99.83181496212771,
        "Count": 3
      },
      {
        "Start": 0.007,
        "End": 0.008,
        "Percent": 99.83188502463047,
        "Count": 2
      },
      {
        "Start": 0.008,
        "End": 0.009000000000000001,
        "Percent": 99.83220030589288,
        "Count": 9
      },
      {
        "Start": 0.009000000000000001,
        "End": 0.01,
        "Percent": 99.8323404308984,
        "Count": 4
      },
      {
        "Start": 0.01,
        "End": 0.011,
        "Percent": 99.83244552465254,
        "Count": 3
      },
      {
        "Start": 0.012,
        "End": 0.014,
        "Percent": 99.83262068090944,
        "Count": 5
      },
      {
        "Start": 0.014,
        "End": 0.016,
        "Percent": 99.83307608717737,
        "Count": 13
      },
      {
        "Start": 0.016,
        "End": 0.018000000000000002,
        "Percent": 99.8382957436329,
        "Count": 149
      },
      {
        "Start": 0.018000000000000002,
        "End": 0.02,
        "Percent": 99.87721546391536,
        "Count": 1111
      },
      {
        "Start": 0.02,
        "End": 0.025,
        "Percent": 99.9998248437431,
        "Count": 3500
      },
      {
        "Start": 0.025,
        "End": 0.025171496,
        "Percent": 100,
        "Count": 5
      }
    ],
    "Percentiles": [
      {
        "Percentile": 50,
        "Value": 0.0005370699643158682
      },
      {
        "Percentile": 75,
        "Value": 0.0007693361092052765
      },
      {
        "Percentile": 90,
        "Value": 0.0009086957961389213
      },
      {
        "Percentile": 99,
        "Value": 0.0009923116082991082
      },
      {
        "Percentile": 99.9,
        "Value": 0.02092915142857157
      }
    ]
  },
  "Exactly": 0,
  "Jitter": true,
  "RetCodes": {
    "200": 2854594
  },
  "Sizes": {
    "Count": 2854594,
    "Min": 75,
    "Max": 75,
    "Sum": 214094550,
    "Avg": 75,
    "StdDev": 8.174154966975165e-7,
    "Data": [
      {
        "Start": 75,
        "End": 75,
        "Percent": 100,
        "Count": 2854594
      }
    ],
    "Percentiles": null
  },
  "HeaderSizes": {
    "Count": 2854594,
    "Min": 75,
    "Max": 75,
    "Sum": 214094550,
    "Avg": 75,
    "StdDev": 8.174154966975165e-7,
    "Data": [
      {
        "Start": 75,
        "End": 75,
        "Percent": 100,
        "Count": 2854594
      }
    ],
    "Percentiles": null
  },
  "URL": "http://fortio-server:8080/echo\\?size\\=1024",
  "SocketCount": 8,
  "AbortOn": 0
}
