{
  "RunType": "HTTP",
  "Labels": "1pod-diffnode-nosidecar-3core-conn3-resp128",
  "StartTime": "2021-03-28T02:44:01.248651332Z",
  "RequestedQPS": "max",
  "RequestedDuration": "1m0s",
  "ActualQPS": 25965.8442383495,
  "ActualDuration": 60000128850,
  "NumThreads": 3,
  "Version": "1.11.3",
  "DurationHistogram": {
    "Count": 1557954,
    "Min": 0.000073226,
    "Max": 0.001481681,
    "Sum": 179.67903229400204,
    "Avg": 0.00011533012675213905,
    "StdDev": 0.000021072541005772425,
    "Data": [
      {
        "Start": 0.000073226,
        "End": 0.001,
        "Percent": 99.99903719878765,
        "Count": 1557939
      },
      {
        "Start": 0.001,
        "End": 0.001481681,
        "Percent": 100,
        "Count": 15
      }
    ],
    "Percentiles": [
      {
        "Percentile": 50,
        "Value": 0.0005366171641053751
      },
      {
        "Percentile": 75,
        "Value": 0.0007683130435941609
      },
      {
        "Percentile": 90,
        "Value": 0.0009073305712874324
      },
      {
        "Percentile": 99,
        "Value": 0.0009907410879033953
      },
      {
        "Percentile": 99.9,
        "Value": 0.0009990821395649916
      }
    ]
  },
  "Exactly": 0,
  "Jitter": true,
  "RetCodes": {
    "200": 1557954
  },
  "Sizes": {
    "Count": 1557954,
    "Min": 75,
    "Max": 75,
    "Sum": 116846550,
    "Avg": 75,
    "StdDev": 0,
    "Data": [
      {
        "Start": 75,
        "End": 75,
        "Percent": 100,
        "Count": 1557954
      }
    ],
    "Percentiles": null
  },
  "HeaderSizes": {
    "Count": 1557954,
    "Min": 75,
    "Max": 75,
    "Sum": 116846550,
    "Avg": 75,
    "StdDev": 0,
    "Data": [
      {
        "Start": 75,
        "End": 75,
        "Percent": 100,
        "Count": 1557954
      }
    ],
    "Percentiles": null
  },
  "URL": "http://fortio-server:8080/echo\\?size\\=128",
  "SocketCount": 3,
  "AbortOn": 0
}
