{
  "RunType": "HTTP",
  "Labels": "1pod-diffnode-nosidecar-3core-conn9-resp32",
  "StartTime": "2021-03-28T02:39:28.354290848Z",
  "RequestedQPS": "max",
  "RequestedDuration": "1m0s",
  "ActualQPS": 47961.03345809364,
  "ActualDuration": 60000166646,
  "NumThreads": 9,
  "Version": "1.11.3",
  "DurationHistogram": {
    "Count": 2877670,
    "Min": 0.000070814,
    "Max": 0.031304907,
    "Sum": 539.1770617329956,
    "Avg": 0.0001873658417167346,
    "StdDev": 0.001157242216211536,
    "Data": [
      {
        "Start": 0.000070814,
        "End": 0.001,
        "Percent": 99.80737888639072,
        "Count": 2872127
      },
      {
        "Start": 0.001,
        "End": 0.002,
        "Percent": 99.81175742875313,
        "Count": 126
      },
      {
        "Start": 0.002,
        "End": 0.003,
        "Percent": 99.81238293480489,
        "Count": 18
      },
      {
        "Start": 0.01,
        "End": 0.011,
        "Percent": 99.81266093749457,
        "Count": 8
      },
      {
        "Start": 0.012,
        "End": 0.014,
        "Percent": 99.81293894018425,
        "Count": 8
      },
      {
        "Start": 0.02,
        "End": 0.025,
        "Percent": 99.83861943864306,
        "Count": 739
      },
      {
        "Start": 0.025,
        "End": 0.03,
        "Percent": 99.99715047243082,
        "Count": 4562
      },
      {
        "Start": 0.03,
        "End": 0.031304907,
        "Percent": 100,
        "Count": 82
      }
    ],
    "Percentiles": [
      {
        "Percentile": 50,
        "Value": 0.0005363034698644837
      },
      {
        "Percentile": 75,
        "Value": 0.0007690483665559937
      },
      {
        "Percentile": 90,
        "Value": 0.0009086953045708998
      },
      {
        "Percentile": 99,
        "Value": 0.0009924834673798435
      },
      {
        "Percentile": 99.9,
        "Value": 0.026935916264796446
      }
    ]
  },
  "Exactly": 0,
  "Jitter": true,
  "RetCodes": {
    "200": 2877670
  },
  "Sizes": {
    "Count": 2877670,
    "Min": 75,
    "Max": 75,
    "Sum": 215825250,
    "Avg": 75,
    "StdDev": 8.141314774590768e-7,
    "Data": [
      {
        "Start": 75,
        "End": 75,
        "Percent": 100,
        "Count": 2877670
      }
    ],
    "Percentiles": null
  },
  "HeaderSizes": {
    "Count": 2877670,
    "Min": 75,
    "Max": 75,
    "Sum": 215825250,
    "Avg": 75,
    "StdDev": 8.141314774590768e-7,
    "Data": [
      {
        "Start": 75,
        "End": 75,
        "Percent": 100,
        "Count": 2877670
      }
    ],
    "Percentiles": null
  },
  "URL": "http://fortio-server:8080/echo\\?size\\=32",
  "SocketCount": 9,
  "AbortOn": 0
}
