{
  "RunType": "HTTP",
  "Labels": "1pod-diffnode-nosidecar-3core-conn8-resp32",
  "StartTime": "2021-03-28T02:38:27.561811232Z",
  "RequestedQPS": "max",
  "RequestedDuration": "1m0s",
  "ActualQPS": 48482.141020472656,
  "ActualDuration": 60000176122,
  "NumThreads": 8,
  "Version": "1.11.3",
  "DurationHistogram": {
    "Count": 2908937,
    "Min": 0.000070932,
    "Max": 0.024525441,
    "Sum": 479.17772978500125,
    "Avg": 0.00016472605965168764,
    "StdDev": 0.0007721996365150937,
    "Data": [
      {
        "Start": 0.000070932,
        "End": 0.001,
        "Percent": 99.83100355903204,
        "Count": 2904021
      },
      {
        "Start": 0.001,
        "End": 0.002,
        "Percent": 99.83430373363191,
        "Count": 96
      },
      {
        "Start": 0.002,
        "End": 0.003,
        "Percent": 99.83512877728187,
        "Count": 24
      },
      {
        "Start": 0.009000000000000001,
        "End": 0.01,
        "Percent": 99.83540379183187,
        "Count": 8
      },
      {
        "Start": 0.012,
        "End": 0.014,
        "Percent": 99.8356444295631,
        "Count": 7
      },
      {
        "Start": 0.014,
        "End": 0.016,
        "Percent": 99.84135098147536,
        "Count": 166
      },
      {
        "Start": 0.016,
        "End": 0.018000000000000002,
        "Percent": 99.880093656205,
        "Count": 1127
      },
      {
        "Start": 0.018000000000000002,
        "End": 0.02,
        "Percent": 99.94870978642714,
        "Count": 1996
      },
      {
        "Start": 0.02,
        "End": 0.024525441,
        "Percent": 100,
        "Count": 1492
      }
    ],
    "Percentiles": [
      {
        "Percentile": 50,
        "Value": 0.000536252215181025
      },
      {
        "Percentile": 75,
        "Value": 0.0007689124827339344
      },
      {
        "Percentile": 90,
        "Value": 0.00090850864326568
      },
      {
        "Percentile": 99,
        "Value": 0.0009922663395847274
      },
      {
        "Percentile": 99.9,
        "Value": 0.018580223446893758
      }
    ]
  },
  "Exactly": 0,
  "Jitter": true,
  "RetCodes": {
    "200": 2908937
  },
  "Sizes": {
    "Count": 2908937,
    "Min": 75,
    "Max": 75,
    "Sum": 218170275,
    "Avg": 75,
    "StdDev": 0,
    "Data": [
      {
        "Start": 75,
        "End": 75,
        "Percent": 100,
        "Count": 2908937
      }
    ],
    "Percentiles": null
  },
  "HeaderSizes": {
    "Count": 2908937,
    "Min": 75,
    "Max": 75,
    "Sum": 218170275,
    "Avg": 75,
    "StdDev": 0,
    "Data": [
      {
        "Start": 75,
        "End": 75,
        "Percent": 100,
        "Count": 2908937
      }
    ],
    "Percentiles": null
  },
  "URL": "http://fortio-server:8080/echo\\?size\\=32",
  "SocketCount": 8,
  "AbortOn": 0
}
