{
  "RunType": "HTTP",
  "Labels": "1pod-diffnode-nosidecar-3core-conn9-resp512",
  "StartTime": "2021-03-28T03:00:43.493633493Z",
  "RequestedQPS": "max",
  "RequestedDuration": "1m0s",
  "ActualQPS": 46752.79808316306,
  "ActualDuration": 60000237740,
  "NumThreads": 9,
  "Version": "1.11.3",
  "DurationHistogram": {
    "Count": 2805179,
    "Min": 0.000073379,
    "Max": 0.032148046,
    "Sum": 539.190255471002,
    "Avg": 0.00019221242404531122,
    "StdDev": 0.0012129380094167434,
    "Data": [
      {
        "Start": 0.000073379,
        "End": 0.001,
        "Percent": 99.80065443239094,
        "Count": 2799587
      },
      {
        "Start": 0.001,
        "End": 0.002,
        "Percent": 99.80724937695598,
        "Count": 185
      },
      {
        "Start": 0.002,
        "End": 0.003,
        "Percent": 99.80728502530498,
        "Count": 1
      },
      {
        "Start": 0.005,
        "End": 0.006,
        "Percent": 99.80739197035199,
        "Count": 3
      },
      {
        "Start": 0.007,
        "End": 0.008,
        "Percent": 99.80749891539898,
        "Count": 3
      },
      {
        "Start": 0.018000000000000002,
        "End": 0.02,
        "Percent": 99.80760586044599,
        "Count": 3
      },
      {
        "Start": 0.02,
        "End": 0.025,
        "Percent": 99.81904898047505,
        "Count": 321
      },
      {
        "Start": 0.025,
        "End": 0.03,
        "Percent": 99.98217582549991,
        "Count": 4576
      },
      {
        "Start": 0.03,
        "End": 0.032148046,
        "Percent": 100,
        "Count": 500
      }
    ],
    "Percentiles": [
      {
        "Percentile": 50,
        "Value": 0.0005376147685952495
      },
      {
        "Percentile": 75,
        "Value": 0.0007697328183853792
      },
      {
        "Percentile": 90,
        "Value": 0.000909003648259457
      },
      {
        "Percentile": 99,
        "Value": 0.0009925661461839036
      },
      {
        "Percentile": 99.9,
        "Value": 0.02748122923951058
      }
    ]
  },
  "Exactly": 0,
  "Jitter": true,
  "RetCodes": {
    "200": 2805179
  },
  "Sizes": {
    "Count": 2805179,
    "Min": 75,
    "Max": 75,
    "Sum": 210388425,
    "Avg": 75,
    "StdDev": 0,
    "Data": [
      {
        "Start": 75,
        "End": 75,
        "Percent": 100,
        "Count": 2805179
      }
    ],
    "Percentiles": null
  },
  "HeaderSizes": {
    "Count": 2805179,
    "Min": 75,
    "Max": 75,
    "Sum": 210388425,
    "Avg": 75,
    "StdDev": 0,
    "Data": [
      {
        "Start": 75,
        "End": 75,
        "Percent": 100,
        "Count": 2805179
      }
    ],
    "Percentiles": null
  },
  "URL": "http://fortio-server:8080/echo\\?size\\=512",
  "SocketCount": 9,
  "AbortOn": 0
}
