{
  "RunType": "HTTP",
  "Labels": "1pod-diffnode-nosidecar-3core-conn7-resp1024",
  "StartTime": "2021-03-28T03:08:18.978713074Z",
  "RequestedQPS": "max",
  "RequestedDuration": "1m0s",
  "ActualQPS": 47962.14678620538,
  "ActualDuration": 60011659045,
  "NumThreads": 7,
  "Version": "1.11.3",
  "DurationHistogram": {
    "Count": 2878288,
    "Min": 0.000072197,
    "Max": 0.016516097,
    "Sum": 419.267804365,
    "Avg": 0.00014566568889735844,
    "StdDev": 0.0004402983592736589,
    "Data": [
      {
        "Start": 0.000072197,
        "End": 0.001,
        "Percent": 99.84966758017266,
        "Count": 2873961
      },
      {
        "Start": 0.001,
        "End": 0.002,
        "Percent": 99.85307238191592,
        "Count": 98
      },
      {
        "Start": 0.002,
        "End": 0.003,
        "Percent": 99.85380198228947,
        "Count": 21
      },
      {
        "Start": 0.003,
        "End": 0.004,
        "Percent": 99.85387146803933,
        "Count": 2
      },
      {
        "Start": 0.004,
        "End": 0.005,
        "Percent": 99.85394095378919,
        "Count": 2
      },
      {
        "Start": 0.005,
        "End": 0.006,
        "Percent": 99.85442735403824,
        "Count": 14
      },
      {
        "Start": 0.006,
        "End": 0.007,
        "Percent": 99.85487901141234,
        "Count": 13
      },
      {
        "Start": 0.007,
        "End": 0.008,
        "Percent": 99.85779741290656,
        "Count": 84
      },
      {
        "Start": 0.008,
        "End": 0.009000000000000001,
        "Percent": 99.86471124501787,
        "Count": 199
      },
      {
        "Start": 0.009000000000000001,
        "End": 0.01,
        "Percent": 99.88017182436226,
        "Count": 445
      },
      {
        "Start": 0.01,
        "End": 0.011,
        "Percent": 99.90536040868739,
        "Count": 725
      },
      {
        "Start": 0.011,
        "End": 0.012,
        "Percent": 99.94197939886489,
        "Count": 1054
      },
      {
        "Start": 0.012,
        "End": 0.014,
        "Percent": 99.99312091076362,
        "Count": 1472
      },
      {
        "Start": 0.014,
        "End": 0.016,
        "Percent": 99.99958308550083,
        "Count": 186
      },
      {
        "Start": 0.016,
        "End": 0.016516097,
        "Percent": 100,
        "Count": 12
      }
    ],
    "Percentiles": [
      {
        "Percentile": 50,
        "Value": 0.0005367967831664323
      },
      {
        "Percentile": 75,
        "Value": 0.0007690968361650823
      },
      {
        "Percentile": 90,
        "Value": 0.0009084768679642723
      },
      {
        "Percentile": 99,
        "Value": 0.0009921048870437862
      },
      {
        "Percentile": 99.9,
        "Value": 0.010787188965517436
      }
    ]
  },
  "Exactly": 0,
  "Jitter": true,
  "RetCodes": {
    "200": 2878288
  },
  "Sizes": {
    "Count": 2878288,
    "Min": 75,
    "Max": 75,
    "Sum": 215871600,
    "Avg": 75,
    "StdDev": 0,
    "Data": [
      {
        "Start": 75,
        "End": 75,
        "Percent": 100,
        "Count": 2878288
      }
    ],
    "Percentiles": null
  },
  "HeaderSizes": {
    "Count": 2878288,
    "Min": 75,
    "Max": 75,
    "Sum": 215871600,
    "Avg": 75,
    "StdDev": 0,
    "Data": [
      {
        "Start": 75,
        "End": 75,
        "Percent": 100,
        "Count": 2878288
      }
    ],
    "Percentiles": null
  },
  "URL": "http://fortio-server:8080/echo\\?size\\=1024",
  "SocketCount": 7,
  "AbortOn": 0
}
