{
  "RunType": "HTTP",
  "Labels": "1pod-diffnode-nosidecar-3core-conn5-resp2048",
  "StartTime": "2021-03-28T03:16:54.718121075Z",
  "RequestedQPS": "max",
  "RequestedDuration": "1m0s",
  "ActualQPS": 41415.56224458322,
  "ActualDuration": 60000175425,
  "NumThreads": 5,
  "Version": "1.11.3",
  "DurationHistogram": {
    "Count": 2484941,
    "Min": 0.000072458,
    "Max": 0.006947526,
    "Sum": 299.38288199699946,
    "Avg": 0.00012047886931601171,
    "StdDev": 0.00003157684312219743,
    "Data": [
      {
        "Start": 0.000072458,
        "End": 0.001,
        "Percent": 99.99710254690152,
        "Count": 2484869
      },
      {
        "Start": 0.001,
        "End": 0.002,
        "Percent": 99.99959757595855,
        "Count": 62
      },
      {
        "Start": 0.004,
        "End": 0.005,
        "Percent": 99.99979878797927,
        "Count": 5
      },
      {
        "Start": 0.006,
        "End": 0.006947526,
        "Percent": 100,
        "Count": 5
      }
    ],
    "Percentiles": [
      {
        "Percentile": 50,
        "Value": 0.0005362422513038921
      },
      {
        "Percentile": 75,
        "Value": 0.0007681345635939213
      },
      {
        "Percentile": 90,
        "Value": 0.0009072699509679388
      },
      {
        "Percentile": 99,
        "Value": 0.0009907511833923493
      },
      {
        "Percentile": 99.9,
        "Value": 0.0009990993066347903
      }
    ]
  },
  "Exactly": 0,
  "Jitter": true,
  "RetCodes": {
    "200": 2484941
  },
  "Sizes": {
    "Count": 2484941,
    "Min": 75,
    "Max": 75,
    "Sum": 186370575,
    "Avg": 75,
    "StdDev": 0,
    "Data": [
      {
        "Start": 75,
        "End": 75,
        "Percent": 100,
        "Count": 2484941
      }
    ],
    "Percentiles": null
  },
  "HeaderSizes": {
    "Count": 2484941,
    "Min": 75,
    "Max": 75,
    "Sum": 186370575,
    "Avg": 75,
    "StdDev": 0,
    "Data": [
      {
        "Start": 75,
        "End": 75,
        "Percent": 100,
        "Count": 2484941
      }
    ],
    "Percentiles": null
  },
  "URL": "http://fortio-server:8080/echo\\?size\\=2048",
  "SocketCount": 5,
  "AbortOn": 0
}
