{
  "RunType": "HTTP",
  "Labels": "1pod-diffnode-nosidecar-3core-conn4-resp32",
  "StartTime": "2021-03-28T02:34:24.413351387Z",
  "RequestedQPS": "max",
  "RequestedDuration": "1m0s",
  "ActualQPS": 33959.904353349775,
  "ActualDuration": 60000139541,
  "NumThreads": 4,
  "Version": "1.11.3",
  "DurationHistogram": {
    "Count": 2037599,
    "Min": 0.000072051,
    "Max": 0.006293354,
    "Sum": 239.52185580899834,
    "Avg": 0.00011755102736554069,
    "StdDev": 0.000025476448166705005,
    "Data": [
      {
        "Start": 0.000072051,
        "End": 0.001,
        "Percent": 99.99862583364047,
        "Count": 2037571
      },
      {
        "Start": 0.001,
        "End": 0.002,
        "Percent": 99.99980369052007,
        "Count": 24
      },
      {
        "Start": 0.006,
        "End": 0.006293354,
        "Percent": 100,
        "Count": 4
      }
    ],
    "Percentiles": [
      {
        "Percentile": 50,
        "Value": 0.0005360316481625171
      },
      {
        "Percentile": 75,
        "Value": 0.0007680221999534986
      },
      {
        "Percentile": 90,
        "Value": 0.0009072165310280874
      },
      {
        "Percentile": 99,
        "Value": 0.0009907331296728408
      },
      {
        "Percentile": 99.9,
        "Value": 0.000999084789537316
      }
    ]
  },
  "Exactly": 0,
  "Jitter": true,
  "RetCodes": {
    "200": 2037599
  },
  "Sizes": {
    "Count": 2037599,
    "Min": 75,
    "Max": 75,
    "Sum": 152819925,
    "Avg": 75,
    "StdDev": 0,
    "Data": [
      {
        "Start": 75,
        "End": 75,
        "Percent": 100,
        "Count": 2037599
      }
    ],
    "Percentiles": null
  },
  "HeaderSizes": {
    "Count": 2037599,
    "Min": 75,
    "Max": 75,
    "Sum": 152819925,
    "Avg": 75,
    "StdDev": 0,
    "Data": [
      {
        "Start": 75,
        "End": 75,
        "Percent": 100,
        "Count": 2037599
      }
    ],
    "Percentiles": null
  },
  "URL": "http://fortio-server:8080/echo\\?size\\=32",
  "SocketCount": 4,
  "AbortOn": 0
}
