{
  "RunType": "HTTP",
  "Labels": "1pod-diffnode-nosidecar-3core-conn6-resp1024",
  "StartTime": "2021-03-28T03:07:18.08634205Z",
  "RequestedQPS": "max",
  "RequestedDuration": "1m0s",
  "ActualQPS": 47931.59684311462,
  "ActualDuration": 60001380914,
  "NumThreads": 6,
  "Version": "1.11.3",
  "DurationHistogram": {
    "Count": 2875962,
    "Min": 0.000072487,
    "Max": 0.006848601,
    "Sum": 359.239985531004,
    "Avg": 0.00012491124205778935,
    "StdDev": 0.00005843638042117802,
    "Data": [
      {
        "Start": 0.000072487,
        "End": 0.001,
        "Percent": 99.94992979740344,
        "Count": 2874522
      },
      {
        "Start": 0.001,
        "End": 0.002,
        "Percent": 99.97941558337698,
        "Count": 848
      },
      {
        "Start": 0.002,
        "End": 0.003,
        "Percent": 99.99332397298713,
        "Count": 400
      },
      {
        "Start": 0.003,
        "End": 0.004,
        "Percent": 99.9980875964286,
        "Count": 137
      },
      {
        "Start": 0.004,
        "End": 0.005,
        "Percent": 99.99888732883119,
        "Count": 23
      },
      {
        "Start": 0.005,
        "End": 0.006,
        "Percent": 99.99930458051949,
        "Count": 12
      },
      {
        "Start": 0.006,
        "End": 0.006848601,
        "Percent": 100,
        "Count": 20
      }
    ],
    "Percentiles": [
      {
        "Percentile": 50,
        "Value": 0.0005364756588896028
      },
      {
        "Percentile": 75,
        "Value": 0.0007684701496678925
      },
      {
        "Percentile": 90,
        "Value": 0.0009076668441348663
      },
      {
        "Percentile": 99,
        "Value": 0.0009911848608150505
      },
      {
        "Percentile": 99.9,
        "Value": 0.0009995366624830691
      }
    ]
  },
  "Exactly": 0,
  "Jitter": true,
  "RetCodes": {
    "200": 2875962
  },
  "Sizes": {
    "Count": 2875962,
    "Min": 75,
    "Max": 75,
    "Sum": 215697150,
    "Avg": 75,
    "StdDev": 8.143731931300343e-7,
    "Data": [
      {
        "Start": 75,
        "End": 75,
        "Percent": 100,
        "Count": 2875962
      }
    ],
    "Percentiles": null
  },
  "HeaderSizes": {
    "Count": 2875962,
    "Min": 75,
    "Max": 75,
    "Sum": 215697150,
    "Avg": 75,
    "StdDev": 8.143731931300343e-7,
    "Data": [
      {
        "Start": 75,
        "End": 75,
        "Percent": 100,
        "Count": 2875962
      }
    ],
    "Percentiles": null
  },
  "URL": "http://fortio-server:8080/echo\\?size\\=1024",
  "SocketCount": 6,
  "AbortOn": 0
}
