{
  "RunType": "HTTP",
  "Labels": "1pod-diffnode-nosidecar-3core-conn3-resp2048",
  "StartTime": "2021-03-28T03:14:53.348917246Z",
  "RequestedQPS": "max",
  "RequestedDuration": "1m0s",
  "ActualQPS": 25844.92877611453,
  "ActualDuration": 60000165349,
  "NumThreads": 3,
  "Version": "1.11.3",
  "DurationHistogram": {
    "Count": 1550700,
    "Min": 0.000073093,
    "Max": 0.001686589,
    "Sum": 179.68300813100427,
    "Avg": 0.00011587219199781019,
    "StdDev": 0.00002139854278887696,
    "Data": [
      {
        "Start": 0.000073093,
        "End": 0.001,
        "Percent": 99.99903269491197,
        "Count": 1550685
      },
      {
        "Start": 0.001,
        "End": 0.001686589,
        "Percent": 100,
        "Count": 15
      }
    ],
    "Percentiles": [
      {
        "Percentile": 50,
        "Value": 0.0005365506841851725
      },
      {
        "Percentile": 75,
        "Value": 0.0007682798251481283
      },
      {
        "Percentile": 90,
        "Value": 0.0009073173097259017
      },
      {
        "Percentile": 99,
        "Value": 0.0009907398004725656
      },
      {
        "Percentile": 99.9,
        "Value": 0.000999082049547232
      }
    ]
  },
  "Exactly": 0,
  "Jitter": true,
  "RetCodes": {
    "200": 1550700
  },
  "Sizes": {
    "Count": 1550700,
    "Min": 75,
    "Max": 75,
    "Sum": 116302500,
    "Avg": 75,
    "StdDev": 0,
    "Data": [
      {
        "Start": 75,
        "End": 75,
        "Percent": 100,
        "Count": 1550700
      }
    ],
    "Percentiles": null
  },
  "HeaderSizes": {
    "Count": 1550700,
    "Min": 75,
    "Max": 75,
    "Sum": 116302500,
    "Avg": 75,
    "StdDev": 0,
    "Data": [
      {
        "Start": 75,
        "End": 75,
        "Percent": 100,
        "Count": 1550700
      }
    ],
    "Percentiles": null
  },
  "URL": "http://fortio-server:8080/echo\\?size\\=2048",
  "SocketCount": 3,
  "AbortOn": 0
}
