{
  "RunType": "HTTP",
  "Labels": "1pod-diffnode-nosidecar-3core-conn7-resp128",
  "StartTime": "2021-03-28T02:48:03.880409923Z",
  "RequestedQPS": "max",
  "RequestedDuration": "1m0s",
  "ActualQPS": 48493.78452251943,
  "ActualDuration": 60008618190,
  "NumThreads": 7,
  "Version": "1.11.3",
  "DurationHistogram": {
    "Count": 2910045,
    "Min": 0.000071204,
    "Max": 0.018409728,
    "Sum": 419.2655926799988,
    "Avg": 0.0001440752952892477,
    "StdDev": 0.00041498645600325415,
    "Data": [
      {
        "Start": 0.000071204,
        "End": 0.001,
        "Percent": 99.85196105214868,
        "Count": 2905737
      },
      {
        "Start": 0.001,
        "End": 0.002,
        "Percent": 99.8548476054494,
        "Count": 84
      },
      {
        "Start": 0.002,
        "End": 0.003,
        "Percent": 99.85529433393641,
        "Count": 13
      },
      {
        "Start": 0.003,
        "End": 0.004,
        "Percent": 99.85539742512573,
        "Count": 3
      },
      {
        "Start": 0.004,
        "End": 0.005,
        "Percent": 99.85570669869367,
        "Count": 9
      },
      {
        "Start": 0.005,
        "End": 0.006,
        "Percent": 99.85666888312724,
        "Count": 28
      },
      {
        "Start": 0.006,
        "End": 0.007,
        "Percent": 99.8578716136692,
        "Count": 35
      },
      {
        "Start": 0.007,
        "End": 0.008,
        "Percent": 99.86374781145996,
        "Count": 171
      },
      {
        "Start": 0.008,
        "End": 0.009000000000000001,
        "Percent": 99.87742457590862,
        "Count": 398
      },
      {
        "Start": 0.009000000000000001,
        "End": 0.01,
        "Percent": 99.89941736296174,
        "Count": 640
      },
      {
        "Start": 0.01,
        "End": 0.011,
        "Percent": 99.92697707423768,
        "Count": 802
      },
      {
        "Start": 0.011,
        "End": 0.012,
        "Percent": 99.960172437196,
        "Count": 966
      },
      {
        "Start": 0.012,
        "End": 0.014,
        "Percent": 99.9964948995634,
        "Count": 1057
      },
      {
        "Start": 0.014,
        "End": 0.016,
        "Percent": 99.99996563627023,
        "Count": 101
      },
      {
        "Start": 0.018000000000000002,
        "End": 0.018409728,
        "Percent": 100,
        "Count": 1
      }
    ],
    "Percentiles": [
      {
        "Percentile": 50,
        "Value": 0.0005362903495906028
      },
      {
        "Percentile": 75,
        "Value": 0.0007688336842070305
      },
      {
        "Percentile": 90,
        "Value": 0.0009083596849768869
      },
      {
        "Percentile": 99,
        "Value": 0.0009920752854388009
      },
      {
        "Percentile": 99.9,
        "Value": 0.010021140897755782
      }
    ]
  },
  "Exactly": 0,
  "Jitter": true,
  "RetCodes": {
    "200": 2910045
  },
  "Sizes": {
    "Count": 2910045,
    "Min": 75,
    "Max": 75,
    "Sum": 218253375,
    "Avg": 75,
    "StdDev": 0,
    "Data": [
      {
        "Start": 75,
        "End": 75,
        "Percent": 100,
        "Count": 2910045
      }
    ],
    "Percentiles": null
  },
  "HeaderSizes": {
    "Count": 2910045,
    "Min": 75,
    "Max": 75,
    "Sum": 218253375,
    "Avg": 75,
    "StdDev": 0,
    "Data": [
      {
        "Start": 75,
        "End": 75,
        "Percent": 100,
        "Count": 2910045
      }
    ],
    "Percentiles": null
  },
  "URL": "http://fortio-server:8080/echo\\?size\\=128",
  "SocketCount": 7,
  "AbortOn": 0
}
