{
  "RunType": "HTTP",
  "Labels": "1pod-diffnode-nosidecar-3core-conn5-resp128",
  "StartTime": "2021-03-28T02:46:02.589793715Z",
  "RequestedQPS": "max",
  "RequestedDuration": "1m0s",
  "ActualQPS": 41635.418489655945,
  "ActualDuration": 60000141481,
  "NumThreads": 5,
  "Version": "1.11.3",
  "DurationHistogram": {
    "Count": 2498131,
    "Min": 0.000071877,
    "Max": 0.002308629,
    "Sum": 299.3747483419971,
    "Avg": 0.000119839491340525,
    "StdDev": 0.000029095272209352114,
    "Data": [
      {
        "Start": 0.000071877,
        "End": 0.001,
        "Percent": 99.99695772559565,
        "Count": 2498055
      },
      {
        "Start": 0.001,
        "End": 0.002,
        "Percent": 99.99979985036813,
        "Count": 71
      },
      {
        "Start": 0.002,
        "End": 0.002308629,
        "Percent": 100,
        "Count": 5
      }
    ],
    "Percentiles": [
      {
        "Percentile": 50,
        "Value": 0.0005359524326902061
      },
      {
        "Percentile": 75,
        "Value": 0.0007679903348045119
      },
      {
        "Percentile": 90,
        "Value": 0.0009072130760730953
      },
      {
        "Percentile": 99,
        "Value": 0.0009907467208342454
      },
      {
        "Percentile": 99.9,
        "Value": 0.0009991000853103605
      }
    ]
  },
  "Exactly": 0,
  "Jitter": true,
  "RetCodes": {
    "200": 2498131
  },
  "Sizes": {
    "Count": 2498131,
    "Min": 75,
    "Max": 75,
    "Sum": 187359825,
    "Avg": 75,
    "StdDev": 0,
    "Data": [
      {
        "Start": 75,
        "End": 75,
        "Percent": 100,
        "Count": 2498131
      }
    ],
    "Percentiles": null
  },
  "HeaderSizes": {
    "Count": 2498131,
    "Min": 75,
    "Max": 75,
    "Sum": 187359825,
    "Avg": 75,
    "StdDev": 0,
    "Data": [
      {
        "Start": 75,
        "End": 75,
        "Percent": 100,
        "Count": 2498131
      }
    ],
    "Percentiles": null
  },
  "URL": "http://fortio-server:8080/echo\\?size\\=128",
  "SocketCount": 5,
  "AbortOn": 0
}
