{
  "RunType": "HTTP",
  "Labels": "1pod-diffnode-nosidecar-3core-conn10-resp1024",
  "StartTime": "2021-03-28T03:11:20.994677914Z",
  "RequestedQPS": "max",
  "RequestedDuration": "1m0s",
  "ActualQPS": 45973.950275024356,
  "ActualDuration": 60000238907,
  "NumThreads": 10,
  "Version": "1.11.3",
  "DurationHistogram": {
    "Count": 2758448,
    "Min": 0.000072751,
    "Max": 0.038008886,
    "Sum": 599.1862894909972,
    "Avg": 0.0002172186278265884,
    "StdDev": 0.0015362656551868457,
    "Data": [
      {
        "Start": 0.000072751,
        "End": 0.001,
        "Percent": 99.7747646502671,
        "Count": 2752235
      },
      {
        "Start": 0.001,
        "End": 0.002,
        "Percent": 99.78085503152498,
        "Count": 168
      },
      {
        "Start": 0.002,
        "End": 0.003,
        "Percent": 99.78190634733734,
        "Count": 29
      },
      {
        "Start": 0.005,
        "End": 0.006,
        "Percent": 99.78212386095369,
        "Count": 6
      },
      {
        "Start": 0.008,
        "End": 0.009000000000000001,
        "Percent": 99.78248638364762,
        "Count": 10
      },
      {
        "Start": 0.02,
        "End": 0.025,
        "Percent": 99.78284890634154,
        "Count": 10
      },
      {
        "Start": 0.025,
        "End": 0.03,
        "Percent": 99.78904804440758,
        "Count": 171
      },
      {
        "Start": 0.03,
        "End": 0.035,
        "Percent": 99.97658103397272,
        "Count": 5173
      },
      {
        "Start": 0.035,
        "End": 0.038008886,
        "Percent": 100,
        "Count": 646
      }
    ],
    "Percentiles": [
      {
        "Percentile": 50,
        "Value": 0.0005374219355116608
      },
      {
        "Percentile": 75,
        "Value": 0.0007697575717213725
      },
      {
        "Percentile": 90,
        "Value": 0.0009091589534471997
      },
      {
        "Percentile": 99,
        "Value": 0.0009927997824826958
      },
      {
        "Percentile": 99.9,
        "Value": 0.032958198337522
      }
    ]
  },
  "Exactly": 0,
  "Jitter": true,
  "RetCodes": {
    "200": 2758448
  },
  "Sizes": {
    "Count": 2758448,
    "Min": 75,
    "Max": 75,
    "Sum": 206883600,
    "Avg": 75,
    "StdDev": 0,
    "Data": [
      {
        "Start": 75,
        "End": 75,
        "Percent": 100,
        "Count": 2758448
      }
    ],
    "Percentiles": null
  },
  "HeaderSizes": {
    "Count": 2758448,
    "Min": 75,
    "Max": 75,
    "Sum": 206883600,
    "Avg": 75,
    "StdDev": 0,
    "Data": [
      {
        "Start": 75,
        "End": 75,
        "Percent": 100,
        "Count": 2758448
      }
    ],
    "Percentiles": null
  },
  "URL": "http://fortio-server:8080/echo\\?size\\=1024",
  "SocketCount": 10,
  "AbortOn": 0
}
