{
  "RunType": "HTTP",
  "Labels": "1pod-diffnode-nosidecar-3core-conn2-resp1024",
  "StartTime": "2021-03-28T03:03:15.044271176Z",
  "RequestedQPS": "max",
  "RequestedDuration": "1m0s",
  "ActualQPS": 17322.624864285764,
  "ActualDuration": 60000144790,
  "NumThreads": 2,
  "Version": "1.11.3",
  "DurationHistogram": {
    "Count": 1039360,
    "Min": 0.000076286,
    "Max": 0.00129226,
    "Sum": 119.83104778700076,
    "Avg": 0.00011529311094038712,
    "StdDev": 0.00001659563967532706,
    "Data": [
      {
        "Start": 0.000076286,
        "End": 0.001,
        "Percent": 99.99971136083744,
        "Count": 1039357
      },
      {
        "Start": 0.001,
        "End": 0.00129226,
        "Percent": 100,
        "Count": 3
      }
    ],
    "Percentiles": [
      {
        "Percentile": 50,
        "Value": 0.0005381438887368718
      },
      {
        "Percentile": 75,
        "Value": 0.0007690732774737433
      },
      {
        "Percentile": 90,
        "Value": 0.0009076309107158664
      },
      {
        "Percentile": 99,
        "Value": 0.0009907654906611402
      },
      {
        "Percentile": 99.9,
        "Value": 0.0009990789486556677
      }
    ]
  },
  "Exactly": 0,
  "Jitter": true,
  "RetCodes": {
    "200": 1039360
  },
  "Sizes": {
    "Count": 1039360,
    "Min": 75,
    "Max": 75,
    "Sum": 77952000,
    "Avg": 75,
    "StdDev": 0,
    "Data": [
      {
        "Start": 75,
        "End": 75,
        "Percent": 100,
        "Count": 1039360
      }
    ],
    "Percentiles": null
  },
  "HeaderSizes": {
    "Count": 1039360,
    "Min": 75,
    "Max": 75,
    "Sum": 77952000,
    "Avg": 75,
    "StdDev": 0,
    "Data": [
      {
        "Start": 75,
        "End": 75,
        "Percent": 100,
        "Count": 1039360
      }
    ],
    "Percentiles": null
  },
  "URL": "http://fortio-server:8080/echo\\?size\\=1024",
  "SocketCount": 2,
  "AbortOn": 0
}
