{
  "RunType": "HTTP",
  "Labels": "1pod-diffnode-nosidecar-3core-conn4-resp512",
  "StartTime": "2021-03-28T02:55:39.065447254Z",
  "RequestedQPS": "max",
  "RequestedDuration": "1m0s",
  "ActualQPS": 33846.95437924476,
  "ActualDuration": 60000110416,
  "NumThreads": 4,
  "Version": "1.11.3",
  "DurationHistogram": {
    "Count": 2030821,
    "Min": 0.0000718,
    "Max": 0.001986182,
    "Sum": 239.5246610799971,
    "Avg": 0.00011794474307681332,
    "StdDev": 0.000025387001426205026,
    "Data": [
      {
        "Start": 0.0000718,
        "End": 0.001,
        "Percent": 99.99876897077586,
        "Count": 2030796
      },
      {
        "Start": 0.001,
        "End": 0.001986182,
        "Percent": 100,
        "Count": 25
      }
    ],
    "Percentiles": [
      {
        "Percentile": 50,
        "Value": 0.0005359054847485837
      },
      {
        "Percentile": 75,
        "Value": 0.0007679584556540666
      },
      {
        "Percentile": 90,
        "Value": 0.0009071902381973563
      },
      {
        "Percentile": 99,
        "Value": 0.00099072930772333
      },
      {
        "Percentile": 99.9,
        "Value": 0.0009990832146759274
      }
    ]
  },
  "Exactly": 0,
  "Jitter": true,
  "RetCodes": {
    "200": 2030821
  },
  "Sizes": {
    "Count": 2030821,
    "Min": 75,
    "Max": 75,
    "Sum": 152311575,
    "Avg": 75,
    "StdDev": 0,
    "Data": [
      {
        "Start": 75,
        "End": 75,
        "Percent": 100,
        "Count": 2030821
      }
    ],
    "Percentiles": null
  },
  "HeaderSizes": {
    "Count": 2030821,
    "Min": 75,
    "Max": 75,
    "Sum": 152311575,
    "Avg": 75,
    "StdDev": 0,
    "Data": [
      {
        "Start": 75,
        "End": 75,
        "Percent": 100,
        "Count": 2030821
      }
    ],
    "Percentiles": null
  },
  "URL": "http://fortio-server:8080/echo\\?size\\=512",
  "SocketCount": 4,
  "AbortOn": 0
}
