{
  "RunType": "HTTP",
  "Labels": "1pod-diffnode-nosidecar-3core-conn9-resp128",
  "StartTime": "2021-03-28T02:50:05.315133599Z",
  "RequestedQPS": "max",
  "RequestedDuration": "1m0s",
  "ActualQPS": 47508.30060926093,
  "ActualDuration": 60000693846,
  "NumThreads": 9,
  "Version": "1.11.3",
  "DurationHistogram": {
    "Count": 2850531,
    "Min": 0.0000727,
    "Max": 0.033265509,
    "Sum": 539.1955933430011,
    "Avg": 0.00018915619347518097,
    "StdDev": 0.0011655326775921176,
    "Data": [
      {
        "Start": 0.0000727,
        "End": 0.001,
        "Percent": 99.80172115300623,
        "Count": 2844879
      },
      {
        "Start": 0.001,
        "End": 0.002,
        "Percent": 99.8069482492911,
        "Count": 149
      },
      {
        "Start": 0.002,
        "End": 0.003,
        "Percent": 99.81007047458877,
        "Count": 89
      },
      {
        "Start": 0.003,
        "End": 0.004,
        "Percent": 99.81010555577188,
        "Count": 1
      },
      {
        "Start": 0.004,
        "End": 0.005,
        "Percent": 99.81042128641997,
        "Count": 9
      },
      {
        "Start": 0.006,
        "End": 0.007,
        "Percent": 99.81087734180053,
        "Count": 13
      },
      {
        "Start": 0.018000000000000002,
        "End": 0.02,
        "Percent": 99.81105274771613,
        "Count": 5
      },
      {
        "Start": 0.02,
        "End": 0.025,
        "Percent": 99.83399584147655,
        "Count": 654
      },
      {
        "Start": 0.025,
        "End": 0.03,
        "Percent": 99.99600074512433,
        "Count": 4618
      },
      {
        "Start": 0.03,
        "End": 0.033265509,
        "Percent": 100,
        "Count": 114
      }
    ],
    "Percentiles": [
      {
        "Percentile": 50,
        "Value": 0.0005372709836590533
      },
      {
        "Percentile": 75,
        "Value": 0.0007695566384656917
      },
      {
        "Percentile": 90,
        "Value": 0.0009089280313496747
      },
      {
        "Percentile": 99,
        "Value": 0.0009925508670800647
      },
      {
        "Percentile": 99.9,
        "Value": 0.027037103724556248
      }
    ]
  },
  "Exactly": 0,
  "Jitter": true,
  "RetCodes": {
    "200": 2850531
  },
  "Sizes": {
    "Count": 2850531,
    "Min": 75,
    "Max": 75,
    "Sum": 213789825,
    "Avg": 75,
    "StdDev": 0,
    "Data": [
      {
        "Start": 75,
        "End": 75,
        "Percent": 100,
        "Count": 2850531
      }
    ],
    "Percentiles": null
  },
  "HeaderSizes": {
    "Count": 2850531,
    "Min": 75,
    "Max": 75,
    "Sum": 213789825,
    "Avg": 75,
    "StdDev": 0,
    "Data": [
      {
        "Start": 75,
        "End": 75,
        "Percent": 100,
        "Count": 2850531
      }
    ],
    "Percentiles": null
  },
  "URL": "http://fortio-server:8080/echo\\?size\\=128",
  "SocketCount": 9,
  "AbortOn": 0
}
