{
  "RunType": "HTTP",
  "Labels": "1pod-diffnode-nosidecar-3core-conn1-resp128",
  "StartTime": "2021-03-28T02:41:59.843595726Z",
  "RequestedQPS": "max",
  "RequestedDuration": "1m0s",
  "ActualQPS": 8546.378237929774,
  "ActualDuration": 60000152781,
  "NumThreads": 1,
  "Version": "1.11.3",
  "DurationHistogram": {
    "Count": 512784,
    "Min": 0.000091453,
    "Max": 0.001690914,
    "Sum": 59.892038299999754,
    "Avg": 0.00011679779068769648,
    "StdDev": 0.000012176882870011072,
    "Data": [
      {
        "Start": 0.000091453,
        "End": 0.001,
        "Percent": 99.99921994446005,
        "Count": 512780
      },
      {
        "Start": 0.001,
        "End": 0.001690914,
        "Percent": 100,
        "Count": 4
      }
    ],
    "Percentiles": [
      {
        "Percentile": 50,
        "Value": 0.000545729157715117
      },
      {
        "Percentile": 75,
        "Value": 0.0007728681224777145
      },
      {
        "Percentile": 90,
        "Value": 0.0009091515013352731
      },
      {
        "Percentile": 99,
        "Value": 0.000990921528649808
      },
      {
        "Percentile": 99.9,
        "Value": 0.0009990985313812616
      }
    ]
  },
  "Exactly": 0,
  "Jitter": true,
  "RetCodes": {
    "200": 512784
  },
  "Sizes": {
    "Count": 512784,
    "Min": 75,
    "Max": 75,
    "Sum": 38458800,
    "Avg": 75,
    "StdDev": 0,
    "Data": [
      {
        "Start": 75,
        "End": 75,
        "Percent": 100,
        "Count": 512784
      }
    ],
    "Percentiles": null
  },
  "HeaderSizes": {
    "Count": 512784,
    "Min": 75,
    "Max": 75,
    "Sum": 38458800,
    "Avg": 75,
    "StdDev": 0,
    "Data": [
      {
        "Start": 75,
        "End": 75,
        "Percent": 100,
        "Count": 512784
      }
    ],
    "Percentiles": null
  },
  "URL": "http://fortio-server:8080/echo\\?size\\=128",
  "SocketCount": 1,
  "AbortOn": 0
}
