{
  "RunType": "HTTP",
  "Labels": "1pod-diffnode-nosidecar-3core-conn1-resp1024",
  "StartTime": "2021-03-28T03:02:14.231546538Z",
  "RequestedQPS": "max",
  "RequestedDuration": "1m0s",
  "ActualQPS": 8514.63682913402,
  "ActualDuration": 60000092811,
  "NumThreads": 1,
  "Version": "1.11.3",
  "DurationHistogram": {
    "Count": 510879,
    "Min": 0.000091786,
    "Max": 0.001330222,
    "Sum": 59.89282516099868,
    "Avg": 0.00011723485436081476,
    "StdDev": 0.000012160160542203738,
    "Data": [
      {
        "Start": 0.000091786,
        "End": 0.001,
        "Percent": 99.9998042589341,
        "Count": 510878
      },
      {
        "Start": 0.001,
        "End": 0.001330222,
        "Percent": 100,
        "Count": 1
      }
    ],
    "Percentiles": [
      {
        "Percentile": 50,
        "Value": 0.0005458930000000002
      },
      {
        "Percentile": 75,
        "Value": 0.0007729473888773619
      },
      {
        "Percentile": 90,
        "Value": 0.0009091800222037791
      },
      {
        "Percentile": 99,
        "Value": 0.0009909196021996294
      },
      {
        "Percentile": 99.9,
        "Value": 0.0009990935601992144
      }
    ]
  },
  "Exactly": 0,
  "Jitter": true,
  "RetCodes": {
    "200": 510879
  },
  "Sizes": {
    "Count": 510879,
    "Min": 75,
    "Max": 75,
    "Sum": 38315925,
    "Avg": 75,
    "StdDev": 0,
    "Data": [
      {
        "Start": 75,
        "End": 75,
        "Percent": 100,
        "Count": 510879
      }
    ],
    "Percentiles": null
  },
  "HeaderSizes": {
    "Count": 510879,
    "Min": 75,
    "Max": 75,
    "Sum": 38315925,
    "Avg": 75,
    "StdDev": 0,
    "Data": [
      {
        "Start": 75,
        "End": 75,
        "Percent": 100,
        "Count": 510879
      }
    ],
    "Percentiles": null
  },
  "URL": "http://fortio-server:8080/echo\\?size\\=1024",
  "SocketCount": 1,
  "AbortOn": 0
}
