{
  "RunType": "HTTP",
  "Labels": "1pod-diffnode-nosidecar-3core-conn5-resp512",
  "StartTime": "2021-03-28T02:56:40.617852869Z",
  "RequestedQPS": "max",
  "RequestedDuration": "1m0s",
  "ActualQPS": 41627.52671621812,
  "ActualDuration": 60000153673,
  "NumThreads": 5,
  "Version": "1.11.3",
  "DurationHistogram": {
    "Count": 2497658,
    "Min": 0.000072143,
    "Max": 0.002354407,
    "Sum": 299.36016161099803,
    "Avg": 0.00011985634606939703,
    "StdDev": 0.000029353730516081808,
    "Data": [
      {
        "Start": 0.000072143,
        "End": 0.001,
        "Percent": 99.99783797461463,
        "Count": 2497604
      },
      {
        "Start": 0.001,
        "End": 0.002,
        "Percent": 99.99979981246432,
        "Count": 49
      },
      {
        "Start": 0.002,
        "End": 0.002354407,
        "Percent": 100,
        "Count": 5
      }
    ],
    "Percentiles": [
      {
        "Percentile": 50,
        "Value": 0.0005360813447233207
      },
      {
        "Percentile": 75,
        "Value": 0.0007680507028344776
      },
      {
        "Percentile": 90,
        "Value": 0.0009072323177011718
      },
      {
        "Percentile": 99,
        "Value": 0.0009907412866211884
      },
      {
        "Percentile": 99.9,
        "Value": 0.0009990921835131901
      }
    ]
  },
  "Exactly": 0,
  "Jitter": true,
  "RetCodes": {
    "200": 2497658
  },
  "Sizes": {
    "Count": 2497658,
    "Min": 75,
    "Max": 75,
    "Sum": 187324350,
    "Avg": 75,
    "StdDev": 0,
    "Data": [
      {
        "Start": 75,
        "End": 75,
        "Percent": 100,
        "Count": 2497658
      }
    ],
    "Percentiles": null
  },
  "HeaderSizes": {
    "Count": 2497658,
    "Min": 75,
    "Max": 75,
    "Sum": 187324350,
    "Avg": 75,
    "StdDev": 0,
    "Data": [
      {
        "Start": 75,
        "End": 75,
        "Percent": 100,
        "Count": 2497658
      }
    ],
    "Percentiles": null
  },
  "URL": "http://fortio-server:8080/echo\\?size\\=512",
  "SocketCount": 5,
  "AbortOn": 0
}
