{
  "RunType": "HTTP",
  "Labels": "1pod-diffnode-nosidecar-3core-conn2-resp2048",
  "StartTime": "2021-03-28T03:13:52.648148993Z",
  "RequestedQPS": "max",
  "RequestedDuration": "1m0s",
  "ActualQPS": 17349.915758495423,
  "ActualDuration": 60000118415,
  "NumThreads": 2,
  "Version": "1.11.3",
  "DurationHistogram": {
    "Count": 1040997,
    "Min": 0.000076752,
    "Max": 0.001582335,
    "Sum": 119.82813862999785,
    "Avg": 0.00011510901436795481,
    "StdDev": 0.000016819072483233882,
    "Data": [
      {
        "Start": 0.000076752,
        "End": 0.001,
        "Percent": 99.99951969121909,
        "Count": 1040992
      },
      {
        "Start": 0.001,
        "End": 0.001582335,
        "Percent": 100,
        "Count": 5
      }
    ],
    "Percentiles": [
      {
        "Percentile": 50,
        "Value": 0.000538377773786709
      },
      {
        "Percentile": 75,
        "Value": 0.0007691911041267408
      },
      {
        "Percentile": 90,
        "Value": 0.0009076791023307599
      },
      {
        "Percentile": 99,
        "Value": 0.0009907719012531712
      },
      {
        "Percentile": 99.9,
        "Value": 0.0009990811811454124
      }
    ]
  },
  "Exactly": 0,
  "Jitter": true,
  "RetCodes": {
    "200": 1040997
  },
  "Sizes": {
    "Count": 1040997,
    "Min": 75,
    "Max": 75,
    "Sum": 78074775,
    "Avg": 75,
    "StdDev": 0,
    "Data": [
      {
        "Start": 75,
        "End": 75,
        "Percent": 100,
        "Count": 1040997
      }
    ],
    "Percentiles": null
  },
  "HeaderSizes": {
    "Count": 1040997,
    "Min": 75,
    "Max": 75,
    "Sum": 78074775,
    "Avg": 75,
    "StdDev": 0,
    "Data": [
      {
        "Start": 75,
        "End": 75,
        "Percent": 100,
        "Count": 1040997
      }
    ],
    "Percentiles": null
  },
  "URL": "http://fortio-server:8080/echo\\?size\\=2048",
  "SocketCount": 2,
  "AbortOn": 0
}
