{
  "RunType": "HTTP",
  "Labels": "1pod-diffnode-nosidecar-3core-conn6-resp512",
  "StartTime": "2021-03-28T02:57:41.266325325Z",
  "RequestedQPS": "max",
  "RequestedDuration": "1m0s",
  "ActualQPS": 48017.65862611916,
  "ActualDuration": 60001405367,
  "NumThreads": 6,
  "Version": "1.11.3",
  "DurationHistogram": {
    "Count": 2881127,
    "Min": 0.000070247,
    "Max": 0.005320859,
    "Sum": 359.2287437630029,
    "Avg": 0.000124683411652108,
    "StdDev": 0.00005652698461177406,
    "Data": [
      {
        "Start": 0.000070247,
        "End": 0.001,
        "Percent": 99.95473993336635,
        "Count": 2879823
      },
      {
        "Start": 0.001,
        "End": 0.002,
        "Percent": 99.979105398686,
        "Count": 702
      },
      {
        "Start": 0.002,
        "End": 0.003,
        "Percent": 99.99264176830803,
        "Count": 390
      },
      {
        "Start": 0.003,
        "End": 0.004,
        "Percent": 99.99871578031791,
        "Count": 175
      },
      {
        "Start": 0.004,
        "End": 0.005,
        "Percent": 99.99996529135994,
        "Count": 36
      },
      {
        "Start": 0.005,
        "End": 0.005320859,
        "Percent": 100,
        "Count": 1
      }
    ],
    "Percentiles": [
      {
        "Percentile": 50,
        "Value": 0.0005353338373331754
      },
      {
        "Percentile": 75,
        "Value": 0.0007678774174251916
      },
      {
        "Percentile": 90,
        "Value": 0.0009074035654804012
      },
      {
        "Percentile": 99,
        "Value": 0.000991119254313527
      },
      {
        "Percentile": 99.9,
        "Value": 0.0009994908231968397
      }
    ]
  },
  "Exactly": 0,
  "Jitter": true,
  "RetCodes": {
    "200": 2881127
  },
  "Sizes": {
    "Count": 2881127,
    "Min": 75,
    "Max": 75,
    "Sum": 216084525,
    "Avg": 75,
    "StdDev": 0,
    "Data": [
      {
        "Start": 75,
        "End": 75,
        "Percent": 100,
        "Count": 2881127
      }
    ],
    "Percentiles": null
  },
  "HeaderSizes": {
    "Count": 2881127,
    "Min": 75,
    "Max": 75,
    "Sum": 216084525,
    "Avg": 75,
    "StdDev": 0,
    "Data": [
      {
        "Start": 75,
        "End": 75,
        "Percent": 100,
        "Count": 2881127
      }
    ],
    "Percentiles": null
  },
  "URL": "http://fortio-server:8080/echo\\?size\\=512",
  "SocketCount": 6,
  "AbortOn": 0
}
