{
  "RunType": "HTTP",
  "Labels": "1pod-diffnode-nosidecar-3core-conn6-resp32",
  "StartTime": "2021-03-28T02:36:25.934826646Z",
  "RequestedQPS": "max",
  "RequestedDuration": "1m0s",
  "ActualQPS": 48208.67028560847,
  "ActualDuration": 60000140698,
  "NumThreads": 6,
  "Version": "1.11.3",
  "DurationHistogram": {
    "Count": 2892527,
    "Min": 0.000072926,
    "Max": 0.004675628,
    "Sum": 359.22919551099676,
    "Avg": 0.0001241921667493499,
    "StdDev": 0.000034643072590382,
    "Data": [
      {
        "Start": 0.000072926,
        "End": 0.001,
        "Percent": 99.99108046355315,
        "Count": 2892269
      },
      {
        "Start": 0.001,
        "End": 0.002,
        "Percent": 99.99754539888478,
        "Count": 187
      },
      {
        "Start": 0.002,
        "End": 0.003,
        "Percent": 99.99975799707315,
        "Count": 64
      },
      {
        "Start": 0.003,
        "End": 0.004,
        "Percent": 99.9999654281533,
        "Count": 6
      },
      {
        "Start": 0.004,
        "End": 0.004675628,
        "Percent": 100,
        "Count": 1
      }
    ],
    "Percentiles": [
      {
        "Percentile": 50,
        "Value": 0.0005365041887864472
      },
      {
        "Percentile": 75,
        "Value": 0.0007682934434473223
      },
      {
        "Percentile": 90,
        "Value": 0.0009073669962438473
      },
      {
        "Percentile": 99,
        "Value": 0.0009908111279217625
      },
      {
        "Percentile": 99.9,
        "Value": 0.000999155541089554
      }
    ]
  },
  "Exactly": 0,
  "Jitter": true,
  "RetCodes": {
    "200": 2892527
  },
  "Sizes": {
    "Count": 2892527,
    "Min": 75,
    "Max": 75,
    "Sum": 216939525,
    "Avg": 75,
    "StdDev": 0,
    "Data": [
      {
        "Start": 75,
        "End": 75,
        "Percent": 100,
        "Count": 2892527
      }
    ],
    "Percentiles": null
  },
  "HeaderSizes": {
    "Count": 2892527,
    "Min": 75,
    "Max": 75,
    "Sum": 216939525,
    "Avg": 75,
    "StdDev": 0,
    "Data": [
      {
        "Start": 75,
        "End": 75,
        "Percent": 100,
        "Count": 2892527
      }
    ],
    "Percentiles": null
  },
  "URL": "http://fortio-server:8080/echo\\?size\\=32",
  "SocketCount": 6,
  "AbortOn": 0
}
