{
  "RunType": "HTTP",
  "Labels": "1pod-diffnode-nosidecar-3core-conn8-resp128",
  "StartTime": "2021-03-28T02:49:04.587397371Z",
  "RequestedQPS": "max",
  "RequestedDuration": "1m0s",
  "ActualQPS": 48032.478962534085,
  "ActualDuration": 60001629361,
  "NumThreads": 8,
  "Version": "1.11.3",
  "DurationHistogram": {
    "Count": 2882027,
    "Min": 0.000071241,
    "Max": 0.024940064,
    "Sum": 479.187658202998,
    "Avg": 0.00016626758118608813,
    "StdDev": 0.0008144824899480519,
    "Data": [
      {
        "Start": 0.000071241,
        "End": 0.001,
        "Percent": 99.82821118608535,
        "Count": 2877076
      },
      {
        "Start": 0.001,
        "End": 0.002,
        "Percent": 99.8327219002459,
        "Count": 130
      },
      {
        "Start": 0.002,
        "End": 0.003,
        "Percent": 99.83327706506566,
        "Count": 16
      },
      {
        "Start": 0.006,
        "End": 0.007,
        "Percent": 99.83338115846936,
        "Count": 3
      },
      {
        "Start": 0.008,
        "End": 0.009000000000000001,
        "Percent": 99.83345055407185,
        "Count": 2
      },
      {
        "Start": 0.009000000000000001,
        "End": 0.01,
        "Percent": 99.83351994967431,
        "Count": 2
      },
      {
        "Start": 0.012,
        "End": 0.014,
        "Percent": 99.83362404307802,
        "Count": 3
      },
      {
        "Start": 0.014,
        "End": 0.016,
        "Percent": 99.83497725732619,
        "Count": 39
      },
      {
        "Start": 0.016,
        "End": 0.018000000000000002,
        "Percent": 99.85503258644003,
        "Count": 578
      },
      {
        "Start": 0.018000000000000002,
        "End": 0.02,
        "Percent": 99.90943873877656,
        "Count": 1568
      },
      {
        "Start": 0.02,
        "End": 0.024940064,
        "Percent": 100,
        "Count": 2610
      }
    ],
    "Percentiles": [
      {
        "Percentile": 50,
        "Value": 0.0005364194637131462
      },
      {
        "Percentile": 75,
        "Value": 0.00076900885697653
      },
      {
        "Percentile": 90,
        "Value": 0.0009085624929345603
      },
      {
        "Percentile": 99,
        "Value": 0.0009922946745093786
      },
      {
        "Percentile": 99.9,
        "Value": 0.01965302678571462
      }
    ]
  },
  "Exactly": 0,
  "Jitter": true,
  "RetCodes": {
    "200": 2882027
  },
  "Sizes": {
    "Count": 2882027,
    "Min": 75,
    "Max": 75,
    "Sum": 216152025,
    "Avg": 75,
    "StdDev": 0,
    "Data": [
      {
        "Start": 75,
        "End": 75,
        "Percent": 100,
        "Count": 2882027
      }
    ],
    "Percentiles": null
  },
  "HeaderSizes": {
    "Count": 2882027,
    "Min": 75,
    "Max": 75,
    "Sum": 216152025,
    "Avg": 75,
    "StdDev": 0,
    "Data": [
      {
        "Start": 75,
        "End": 75,
        "Percent": 100,
        "Count": 2882027
      }
    ],
    "Percentiles": null
  },
  "URL": "http://fortio-server:8080/echo\\?size\\=128",
  "SocketCount": 8,
  "AbortOn": 0
}
