{
  "RunType": "HTTP",
  "Labels": "1pod-diffnode-nosidecar-3core-conn10-resp32",
  "StartTime": "2021-03-28T02:40:29.002039843Z",
  "RequestedQPS": "max",
  "RequestedDuration": "1m0s",
  "ActualQPS": 46492.37933987765,
  "ActualDuration": 60000155716,
  "NumThreads": 10,
  "Version": "1.11.3",
  "DurationHistogram": {
    "Count": 2789550,
    "Min": 0.000073371,
    "Max": 0.038546609,
    "Sum": 599.1913708760009,
    "Avg": 0.00021479857714541803,
    "StdDev": 0.00153426177406126,
    "Data": [
      {
        "Start": 0.000073371,
        "End": 0.001,
        "Percent": 99.77645139897116,
        "Count": 2783314
      },
      {
        "Start": 0.001,
        "End": 0.002,
        "Percent": 99.78383610259719,
        "Count": 206
      },
      {
        "Start": 0.002,
        "End": 0.003,
        "Percent": 99.78455306411428,
        "Count": 20
      },
      {
        "Start": 0.003,
        "End": 0.004,
        "Percent": 99.78487569679697,
        "Count": 9
      },
      {
        "Start": 0.014,
        "End": 0.016,
        "Percent": 99.78491154487283,
        "Count": 1
      },
      {
        "Start": 0.016,
        "End": 0.018000000000000002,
        "Percent": 99.78527002563138,
        "Count": 10
      },
      {
        "Start": 0.018000000000000002,
        "End": 0.02,
        "Percent": 99.78530587370723,
        "Count": 1
      },
      {
        "Start": 0.025,
        "End": 0.03,
        "Percent": 99.79150759083007,
        "Count": 173
      },
      {
        "Start": 0.03,
        "End": 0.035,
        "Percent": 99.96784427595848,
        "Count": 4919
      },
      {
        "Start": 0.035,
        "End": 0.038546609,
        "Percent": 100,
        "Count": 897
      }
    ],
    "Percentiles": [
      {
        "Percentile": 50,
        "Value": 0.000537723387548939
      },
      {
        "Percentile": 75,
        "Value": 0.0007698997477849239
      },
      {
        "Percentile": 90,
        "Value": 0.0009092055639265149
      },
      {
        "Percentile": 99,
        "Value": 0.0009927890536114694
      },
      {
        "Percentile": 99.9,
        "Value": 0.03307628583045354
      }
    ]
  },
  "Exactly": 0,
  "Jitter": true,
  "RetCodes": {
    "200": 2789550
  },
  "Sizes": {
    "Count": 2789550,
    "Min": 75,
    "Max": 75,
    "Sum": 209216250,
    "Avg": 75,
    "StdDev": 8.268904308921089e-7,
    "Data": [
      {
        "Start": 75,
        "End": 75,
        "Percent": 100,
        "Count": 2789550
      }
    ],
    "Percentiles": null
  },
  "HeaderSizes": {
    "Count": 2789550,
    "Min": 75,
    "Max": 75,
    "Sum": 209216250,
    "Avg": 75,
    "StdDev": 8.268904308921089e-7,
    "Data": [
      {
        "Start": 75,
        "End": 75,
        "Percent": 100,
        "Count": 2789550
      }
    ],
    "Percentiles": null
  },
  "URL": "http://fortio-server:8080/echo\\?size\\=32",
  "SocketCount": 10,
  "AbortOn": 0
}
