{
  "RunType": "HTTP",
  "Labels": "1pod-diffnode-nosidecar-3core-conn3-resp32",
  "StartTime": "2021-03-28T02:33:23.632796374Z",
  "RequestedQPS": "max",
  "RequestedDuration": "1m0s",
  "ActualQPS": 26061.42870901312,
  "ActualDuration": 60000125759,
  "NumThreads": 3,
  "Version": "1.11.3",
  "DurationHistogram": {
    "Count": 1563689,
    "Min": 0.000071845,
    "Max": 0.001705226,
    "Sum": 179.67009828099987,
    "Avg": 0.00011490142750956223,
    "StdDev": 0.00002009356389433812,
    "Data": [
      {
        "Start": 0.000071845,
        "End": 0.001,
        "Percent": 99.99891282729494,
        "Count": 1563672
      },
      {
        "Start": 0.001,
        "End": 0.001705226,
        "Percent": 100,
        "Count": 17
      }
    ],
    "Percentiles": [
      {
        "Percentile": 50,
        "Value": 0.0005359272485948131
      },
      {
        "Percentile": 75,
        "Value": 0.0007679686696793954
      },
      {
        "Percentile": 90,
        "Value": 0.0009071935223301449
      },
      {
        "Percentile": 99,
        "Value": 0.0009907284339205947
      },
      {
        "Percentile": 99.9,
        "Value": 0.0009990819250796396
      }
    ]
  },
  "Exactly": 0,
  "Jitter": true,
  "RetCodes": {
    "200": 1563689
  },
  "Sizes": {
    "Count": 1563689,
    "Min": 75,
    "Max": 75,
    "Sum": 117276675,
    "Avg": 75,
    "StdDev": 0,
    "Data": [
      {
        "Start": 75,
        "End": 75,
        "Percent": 100,
        "Count": 1563689
      }
    ],
    "Percentiles": null
  },
  "HeaderSizes": {
    "Count": 1563689,
    "Min": 75,
    "Max": 75,
    "Sum": 117276675,
    "Avg": 75,
    "StdDev": 0,
    "Data": [
      {
        "Start": 75,
        "End": 75,
        "Percent": 100,
        "Count": 1563689
      }
    ],
    "Percentiles": null
  },
  "URL": "http://fortio-server:8080/echo\\?size\\=32",
  "SocketCount": 3,
  "AbortOn": 0
}
