{
  "RunType": "HTTP",
  "Labels": "1pod-diffnode-nosidecar-3core-conn1-resp32",
  "StartTime": "2021-03-28T02:31:21.939614958Z",
  "RequestedQPS": "max",
  "RequestedDuration": "1m0s",
  "ActualQPS": 8531.419972418706,
  "ActualDuration": 60000093965,
  "NumThreads": 1,
  "Version": "1.11.3",
  "DurationHistogram": {
    "Count": 511886,
    "Min": 0.000092979,
    "Max": 0.001367886,
    "Sum": 59.89315016399772,
    "Avg": 0.00011700486077759056,
    "StdDev": 0.000010920682836048637,
    "Data": [
      {
        "Start": 0.000092979,
        "End": 0.001,
        "Percent": 99.99960928800553,
        "Count": 511884
      },
      {
        "Start": 0.001,
        "End": 0.001367886,
        "Percent": 100,
        "Count": 2
      }
    ],
    "Percentiles": [
      {
        "Percentile": 50,
        "Value": 0.0005464903859651522
      },
      {
        "Percentile": 75,
        "Value": 0.0007732469649128805
      },
      {
        "Percentile": 90,
        "Value": 0.0009093009122815175
      },
      {
        "Percentile": 99,
        "Value": 0.0009909332807026996
      },
      {
        "Percentile": 99.9,
        "Value": 0.000999096517544818
      }
    ]
  },
  "Exactly": 0,
  "Jitter": true,
  "RetCodes": {
    "200": 511886
  },
  "Sizes": {
    "Count": 511886,
    "Min": 75,
    "Max": 75,
    "Sum": 38391450,
    "Avg": 75,
    "StdDev": 0,
    "Data": [
      {
        "Start": 75,
        "End": 75,
        "Percent": 100,
        "Count": 511886
      }
    ],
    "Percentiles": null
  },
  "HeaderSizes": {
    "Count": 511886,
    "Min": 75,
    "Max": 75,
    "Sum": 38391450,
    "Avg": 75,
    "StdDev": 0,
    "Data": [
      {
        "Start": 75,
        "End": 75,
        "Percent": 100,
        "Count": 511886
      }
    ],
    "Percentiles": null
  },
  "URL": "http://fortio-server:8080/echo\\?size\\=32",
  "SocketCount": 1,
  "AbortOn": 0
}
