{
  "RunType": "HTTP",
  "Labels": "1pod-diffnode-nosidecar-3core-conn1-resp512",
  "StartTime": "2021-03-28T02:52:37.058797478Z",
  "RequestedQPS": "max",
  "RequestedDuration": "1m0s",
  "ActualQPS": 8555.23914525516,
  "ActualDuration": 60000076127,
  "NumThreads": 1,
  "Version": "1.11.3",
  "DurationHistogram": {
    "Count": 513315,
    "Min": 0.000094365,
    "Max": 0.001082627,
    "Sum": 59.89347961800077,
    "Avg": 0.00011667977678034106,
    "StdDev": 0.000012144884909261062,
    "Data": [
      {
        "Start": 0.000094365,
        "End": 0.001,
        "Percent": 99.99961037569524,
        "Count": 513313
      },
      {
        "Start": 0.001,
        "End": 0.001082627,
        "Percent": 100,
        "Count": 2
      }
    ],
    "Percentiles": [
      {
        "Percentile": 50,
        "Value": 0.0005471833821486737
      },
      {
        "Percentile": 75,
        "Value": 0.0007735934553716843
      },
      {
        "Percentile": 90,
        "Value": 0.0009094394993054906
      },
      {
        "Percentile": 99,
        "Value": 0.0009909471256657743
      },
      {
        "Percentile": 99.9,
        "Value": 0.0009990978883018028
      }
    ]
  },
  "Exactly": 0,
  "Jitter": true,
  "RetCodes": {
    "200": 513315
  },
  "Sizes": {
    "Count": 513315,
    "Min": 75,
    "Max": 75,
    "Sum": 38498625,
    "Avg": 75,
    "StdDev": 0,
    "Data": [
      {
        "Start": 75,
        "End": 75,
        "Percent": 100,
        "Count": 513315
      }
    ],
    "Percentiles": null
  },
  "HeaderSizes": {
    "Count": 513315,
    "Min": 75,
    "Max": 75,
    "Sum": 38498625,
    "Avg": 75,
    "StdDev": 0,
    "Data": [
      {
        "Start": 75,
        "End": 75,
        "Percent": 100,
        "Count": 513315
      }
    ],
    "Percentiles": null
  },
  "URL": "http://fortio-server:8080/echo\\?size\\=512",
  "SocketCount": 1,
  "AbortOn": 0
}
