{
  "RunType": "HTTP",
  "Labels": "1pod-diffnode-nosidecar-3core-conn3-resp512",
  "StartTime": "2021-03-28T02:54:38.45669718Z",
  "RequestedQPS": "max",
  "RequestedDuration": "1m0s",
  "ActualQPS": 25895.872805183433,
  "ActualDuration": 60000140242,
  "NumThreads": 3,
  "Version": "1.11.3",
  "DurationHistogram": {
    "Count": 1553756,
    "Min": 0.000071846,
    "Max": 0.001410356,
    "Sum": 179.67670552900177,
    "Avg": 0.00011564023278365571,
    "StdDev": 0.00002112350055163992,
    "Data": [
      {
        "Start": 0.000071846,
        "End": 0.001,
        "Percent": 99.99954947881135,
        "Count": 1553749
      },
      {
        "Start": 0.001,
        "End": 0.001410356,
        "Percent": 100,
        "Count": 7
      }
    ],
    "Percentiles": [
      {
        "Percentile": 50,
        "Value": 0.0005359247920936986
      },
      {
        "Percentile": 75,
        "Value": 0.0007679644868228311
      },
      {
        "Percentile": 90,
        "Value": 0.0009071883036603105
      },
      {
        "Percentile": 99,
        "Value": 0.0009907225937627981
      },
      {
        "Percentile": 99.9,
        "Value": 0.000999076022773047
      }
    ]
  },
  "Exactly": 0,
  "Jitter": true,
  "RetCodes": {
    "200": 1553756
  },
  "Sizes": {
    "Count": 1553756,
    "Min": 75,
    "Max": 75,
    "Sum": 116531700,
    "Avg": 75,
    "StdDev": 0,
    "Data": [
      {
        "Start": 75,
        "End": 75,
        "Percent": 100,
        "Count": 1553756
      }
    ],
    "Percentiles": null
  },
  "HeaderSizes": {
    "Count": 1553756,
    "Min": 75,
    "Max": 75,
    "Sum": 116531700,
    "Avg": 75,
    "StdDev": 0,
    "Data": [
      {
        "Start": 75,
        "End": 75,
        "Percent": 100,
        "Count": 1553756
      }
    ],
    "Percentiles": null
  },
  "URL": "http://fortio-server:8080/echo\\?size\\=512",
  "SocketCount": 3,
  "AbortOn": 0
}
