{
  "RunType": "HTTP",
  "Labels": "1pod-diffnode-nosidecar-3core-conn6-resp128",
  "StartTime": "2021-03-28T02:47:03.239689416Z",
  "RequestedQPS": "max",
  "RequestedDuration": "1m0s",
  "ActualQPS": 48019.09701355787,
  "ActualDuration": 60000191157,
  "NumThreads": 6,
  "Version": "1.11.3",
  "DurationHistogram": {
    "Count": 2881155,
    "Min": 0.000071108,
    "Max": 0.006029245,
    "Sum": 359.2094332649996,
    "Avg": 0.00012467549759211135,
    "StdDev": 0.000046670812086875446,
    "Data": [
      {
        "Start": 0.000071108,
        "End": 0.001,
        "Percent": 99.97657189564602,
        "Count": 2880480
      },
      {
        "Start": 0.001,
        "End": 0.002,
        "Percent": 99.98979575899249,
        "Count": 381
      },
      {
        "Start": 0.002,
        "End": 0.003,
        "Percent": 99.99552262894568,
        "Count": 165
      },
      {
        "Start": 0.003,
        "End": 0.004,
        "Percent": 99.9990281675231,
        "Count": 101
      },
      {
        "Start": 0.004,
        "End": 0.005,
        "Percent": 99.99958350036704,
        "Count": 16
      },
      {
        "Start": 0.005,
        "End": 0.006,
        "Percent": 99.99996529169725,
        "Count": 11
      },
      {
        "Start": 0.006,
        "End": 0.006029245,
        "Percent": 100,
        "Count": 1
      }
    ],
    "Percentiles": [
      {
        "Percentile": 50,
        "Value": 0.0005356626751904805
      },
      {
        "Percentile": 75,
        "Value": 0.0007679401740248757
      },
      {
        "Percentile": 90,
        "Value": 0.0009073066733255129
      },
      {
        "Percentile": 99,
        "Value": 0.0009909265729058953
      },
      {
        "Percentile": 99.9,
        "Value": 0.0009992885628639335
      }
    ]
  },
  "Exactly": 0,
  "Jitter": true,
  "RetCodes": {
    "200": 2881155
  },
  "Sizes": {
    "Count": 2881155,
    "Min": 75,
    "Max": 75,
    "Sum": 216086625,
    "Avg": 75,
    "StdDev": 0,
    "Data": [
      {
        "Start": 75,
        "End": 75,
        "Percent": 100,
        "Count": 2881155
      }
    ],
    "Percentiles": null
  },
  "HeaderSizes": {
    "Count": 2881155,
    "Min": 75,
    "Max": 75,
    "Sum": 216086625,
    "Avg": 75,
    "StdDev": 0,
    "Data": [
      {
        "Start": 75,
        "End": 75,
        "Percent": 100,
        "Count": 2881155
      }
    ],
    "Percentiles": null
  },
  "URL": "http://fortio-server:8080/echo\\?size\\=128",
  "SocketCount": 6,
  "AbortOn": 0
}
