{
  "RunType": "HTTP",
  "Labels": "1pod-diffnode-nosidecar-3core-conn9-resp1024",
  "StartTime": "2021-03-28T03:10:20.28143741Z",
  "RequestedQPS": "max",
  "RequestedDuration": "1m0s",
  "ActualQPS": 46887.252339591316,
  "ActualDuration": 60007781638,
  "NumThreads": 9,
  "Version": "1.11.3",
  "DurationHistogram": {
    "Count": 2813600,
    "Min": 0.000072279,
    "Max": 0.032011425,
    "Sum": 539.256481452999,
    "Avg": 0.00019166067722952763,
    "StdDev": 0.0012239743893307283,
    "Data": [
      {
        "Start": 0.000072279,
        "End": 0.001,
        "Percent": 99.80032698322434,
        "Count": 2807982
      },
      {
        "Start": 0.001,
        "End": 0.002,
        "Percent": 99.80707989764004,
        "Count": 190
      },
      {
        "Start": 0.002,
        "End": 0.003,
        "Percent": 99.80786181404606,
        "Count": 22
      },
      {
        "Start": 0.006,
        "End": 0.007,
        "Percent": 99.80796843901052,
        "Count": 3
      },
      {
        "Start": 0.009000000000000001,
        "End": 0.01,
        "Percent": 99.80807506397498,
        "Count": 3
      },
      {
        "Start": 0.012,
        "End": 0.014,
        "Percent": 99.80818168893944,
        "Count": 3
      },
      {
        "Start": 0.018000000000000002,
        "End": 0.02,
        "Percent": 99.80825277224908,
        "Count": 2
      },
      {
        "Start": 0.02,
        "End": 0.025,
        "Percent": 99.81461472846176,
        "Count": 179
      },
      {
        "Start": 0.025,
        "End": 0.03,
        "Percent": 99.98023883992039,
        "Count": 4660
      },
      {
        "Start": 0.03,
        "End": 0.032011425,
        "Percent": 100,
        "Count": 556
      }
    ],
    "Percentiles": [
      {
        "Percentile": 50,
        "Value": 0.0005370673924709605
      },
      {
        "Percentile": 75,
        "Value": 0.0007694617539000442
      },
      {
        "Percentile": 90,
        "Value": 0.0009088983707574945
      },
      {
        "Percentile": 99,
        "Value": 0.0009925603408719647
      },
      {
        "Percentile": 99.9,
        "Value": 0.02757768240343353
      }
    ]
  },
  "Exactly": 0,
  "Jitter": true,
  "RetCodes": {
    "200": 2813600
  },
  "Sizes": {
    "Count": 2813600,
    "Min": 75,
    "Max": 75,
    "Sum": 211020000,
    "Avg": 75,
    "StdDev": 0,
    "Data": [
      {
        "Start": 75,
        "End": 75,
        "Percent": 100,
        "Count": 2813600
      }
    ],
    "Percentiles": null
  },
  "HeaderSizes": {
    "Count": 2813600,
    "Min": 75,
    "Max": 75,
    "Sum": 211020000,
    "Avg": 75,
    "StdDev": 0,
    "Data": [
      {
        "Start": 75,
        "End": 75,
        "Percent": 100,
        "Count": 2813600
      }
    ],
    "Percentiles": null
  },
  "URL": "http://fortio-server:8080/echo\\?size\\=1024",
  "SocketCount": 9,
  "AbortOn": 0
}
