{
  "RunType": "HTTP",
  "Labels": "1pod-diffnode-nosidecar-3core-conn4-resp128",
  "StartTime": "2021-03-28T02:45:01.941387331Z",
  "RequestedQPS": "max",
  "RequestedDuration": "1m0s",
  "ActualQPS": 33865.90245955494,
  "ActualDuration": 60000202340,
  "NumThreads": 4,
  "Version": "1.11.3",
  "DurationHistogram": {
    "Count": 2031961,
    "Min": 0.000071883,
    "Max": 0.001446825,
    "Sum": 239.53062361199918,
    "Avg": 0.0001178815063930849,
    "StdDev": 0.00002480854988440708,
    "Data": [
      {
        "Start": 0.000071883,
        "End": 0.001,
        "Percent": 99.99876966142558,
        "Count": 2031936
      },
      {
        "Start": 0.001,
        "End": 0.001446825,
        "Percent": 100,
        "Count": 25
      }
    ],
    "Percentiles": [
      {
        "Percentile": 50,
        "Value": 0.0005359469811812385
      },
      {
        "Percentile": 75,
        "Value": 0.0007679792001544094
      },
      {
        "Percentile": 90,
        "Value": 0.0009071985315383121
      },
      {
        "Percentile": 99,
        "Value": 0.0009907301303686536
      },
      {
        "Percentile": 99.9,
        "Value": 0.0009990832902516877
      }
    ]
  },
  "Exactly": 0,
  "Jitter": true,
  "RetCodes": {
    "200": 2031961
  },
  "Sizes": {
    "Count": 2031961,
    "Min": 75,
    "Max": 75,
    "Sum": 152397075,
    "Avg": 75,
    "StdDev": 0,
    "Data": [
      {
        "Start": 75,
        "End": 75,
        "Percent": 100,
        "Count": 2031961
      }
    ],
    "Percentiles": null
  },
  "HeaderSizes": {
    "Count": 2031961,
    "Min": 75,
    "Max": 75,
    "Sum": 152397075,
    "Avg": 75,
    "StdDev": 0,
    "Data": [
      {
        "Start": 75,
        "End": 75,
        "Percent": 100,
        "Count": 2031961
      }
    ],
    "Percentiles": null
  },
  "URL": "http://fortio-server:8080/echo\\?size\\=128",
  "SocketCount": 4,
  "AbortOn": 0
}
