{
  "RunType": "HTTP",
  "Labels": "1pod-samenode-nosidecar-2core-conn1-resp2048",
  "StartTime": "2021-03-28T06:13:12.439524337Z",
  "RequestedQPS": "max",
  "RequestedDuration": "1m0s",
  "ActualQPS": 17877.24116686782,
  "ActualDuration": 60000085583,
  "NumThreads": 1,
  "Version": "1.11.3",
  "DurationHistogram": {
    "Count": 1072636,
    "Min": 0.000036839,
    "Max": 0.001285328,
    "Sum": 59.776094566998204,
    "Avg": 0.00005572821960758189,
    "StdDev": 0.00001314253529040409,
    "Data": [
      {
        "Start": 0.000036839,
        "End": 0.001,
        "Percent": 99.99981354345742,
        "Count": 1072634
      },
      {
        "Start": 0.001,
        "End": 0.001285328,
        "Percent": 100,
        "Count": 2
      }
    ],
    "Percentiles": [
      {
        "Percentile": 50,
        "Value": 0.0005184199489704307
      },
      {
        "Percentile": 75,
        "Value": 0.0007592108724260769
      },
      {
        "Percentile": 90,
        "Value": 0.0009036854264994644
      },
      {
        "Percentile": 99,
        "Value": 0.000990370158943497
      },
      {
        "Percentile": 99.9,
        "Value": 0.0009990386321879004
      }
    ]
  },
  "Exactly": 0,
  "Jitter": true,
  "RetCodes": {
    "200": 1072636
  },
  "Sizes": {
    "Count": 1072636,
    "Min": 75,
    "Max": 75,
    "Sum": 80447700,
    "Avg": 75,
    "StdDev": 0,
    "Data": [
      {
        "Start": 75,
        "End": 75,
        "Percent": 100,
        "Count": 1072636
      }
    ],
    "Percentiles": null
  },
  "HeaderSizes": {
    "Count": 1072636,
    "Min": 75,
    "Max": 75,
    "Sum": 80447700,
    "Avg": 75,
    "StdDev": 0,
    "Data": [
      {
        "Start": 75,
        "End": 75,
        "Percent": 100,
        "Count": 1072636
      }
    ],
    "Percentiles": null
  },
  "URL": "http://fortio-server:8080/echo\\?size\\=2048",
  "SocketCount": 1,
  "AbortOn": 0
}
