{
  "RunType": "HTTP",
  "Labels": "1pod-samenode-nosidecar-2core-conn1-resp32",
  "StartTime": "2021-03-28T05:46:53.879586059Z",
  "RequestedQPS": "max",
  "RequestedDuration": "1m0s",
  "ActualQPS": 18060.74850869113,
  "ActualDuration": 60000060323,
  "NumThreads": 1,
  "Version": "1.11.3",
  "DurationHistogram": {
    "Count": 1083646,
    "Min": 0.000034918,
    "Max": 0.00134213,
    "Sum": 59.77539652299972,
    "Avg": 0.000055161368678516524,
    "StdDev": 0.000011726351929010904,
    "Data": [
      {
        "Start": 0.000034918,
        "End": 0.001,
        "Percent": 99.99953859470713,
        "Count": 1083641
      },
      {
        "Start": 0.001,
        "End": 0.00134213,
        "Percent": 100,
        "Count": 5
      }
    ],
    "Percentiles": [
      {
        "Percentile": 50,
        "Value": 0.0005174607811856335
      },
      {
        "Percentile": 75,
        "Value": 0.0007587326170748588
      },
      {
        "Percentile": 90,
        "Value": 0.0009034957186083939
      },
      {
        "Percentile": 99,
        "Value": 0.000990353579528515
      },
      {
        "Percentile": 99.9,
        "Value": 0.0009990393656205273
      }
    ]
  },
  "Exactly": 0,
  "Jitter": true,
  "RetCodes": {
    "200": 1083646
  },
  "Sizes": {
    "Count": 1083646,
    "Min": 75,
    "Max": 75,
    "Sum": 81273450,
    "Avg": 75,
    "StdDev": 0,
    "Data": [
      {
        "Start": 75,
        "End": 75,
        "Percent": 100,
        "Count": 1083646
      }
    ],
    "Percentiles": null
  },
  "HeaderSizes": {
    "Count": 1083646,
    "Min": 75,
    "Max": 75,
    "Sum": 81273450,
    "Avg": 75,
    "StdDev": 0,
    "Data": [
      {
        "Start": 75,
        "End": 75,
        "Percent": 100,
        "Count": 1083646
      }
    ],
    "Percentiles": null
  },
  "URL": "http://fortio-server:8080/echo\\?size\\=32",
  "SocketCount": 1,
  "AbortOn": 0
}
