{
  "RunType": "HTTP",
  "Labels": "1pod-samenode-nosidecar-2core-conn6-resp128",
  "StartTime": "2021-03-28T05:58:32.295333167Z",
  "RequestedQPS": "max",
  "RequestedDuration": "1m0s",
  "ActualQPS": 30652.459995928722,
  "ActualDuration": 60027253938,
  "NumThreads": 6,
  "Version": "1.11.3",
  "DurationHistogram": {
    "Count": 1839983,
    "Min": 0.000026668,
    "Max": 0.06556523,
    "Sum": 359.62086516899853,
    "Avg": 0.00019544792814335705,
    "StdDev": 0.0027407592313452153,
    "Data": [
      {
        "Start": 0.000026668,
        "End": 0.001,
        "Percent": 99.80293296188063,
        "Count": 1836357
      },
      {
        "Start": 0.001,
        "End": 0.002,
        "Percent": 99.80325905184993,
        "Count": 6
      },
      {
        "Start": 0.002,
        "End": 0.003,
        "Percent": 99.8034220968346,
        "Count": 3
      },
      {
        "Start": 0.003,
        "End": 0.004,
        "Percent": 99.80347644516281,
        "Count": 1
      },
      {
        "Start": 0.004,
        "End": 0.005,
        "Percent": 99.80363949014746,
        "Count": 3
      },
      {
        "Start": 0.006,
        "End": 0.007,
        "Percent": 99.8037481868039,
        "Count": 2
      },
      {
        "Start": 0.007,
        "End": 0.008,
        "Percent": 99.80385688346034,
        "Count": 2
      },
      {
        "Start": 0.011,
        "End": 0.012,
        "Percent": 99.80391123178856,
        "Count": 1
      },
      {
        "Start": 0.012,
        "End": 0.014,
        "Percent": 99.80401992844499,
        "Count": 2
      },
      {
        "Start": 0.014,
        "End": 0.016,
        "Percent": 99.8040742767732,
        "Count": 1
      },
      {
        "Start": 0.018000000000000002,
        "End": 0.02,
        "Percent": 99.80412862510143,
        "Count": 1
      },
      {
        "Start": 0.02,
        "End": 0.025,
        "Percent": 99.80434601841431,
        "Count": 4
      },
      {
        "Start": 0.03,
        "End": 0.035,
        "Percent": 99.80445471507073,
        "Count": 2
      },
      {
        "Start": 0.035,
        "End": 0.04,
        "Percent": 99.8046177600554,
        "Count": 3
      },
      {
        "Start": 0.04,
        "End": 0.045,
        "Percent": 99.80472645671183,
        "Count": 2
      },
      {
        "Start": 0.045,
        "End": 0.05,
        "Percent": 99.80483515336826,
        "Count": 2
      },
      {
        "Start": 0.05,
        "End": 0.06,
        "Percent": 99.8090743229693,
        "Count": 78
      },
      {
        "Start": 0.06,
        "End": 0.06556523,
        "Percent": 100,
        "Count": 3513
      }
    ],
    "Percentiles": [
      {
        "Percentile": 50,
        "Value": 0.0005142946874974134
      },
      {
        "Percentile": 75,
        "Value": 0.0007581082962633607
      },
      {
        "Percentile": 90,
        "Value": 0.000904396461522929
      },
      {
        "Percentile": 99,
        "Value": 0.0009921693606786703
      },
      {
        "Percentile": 99.9,
        "Value": 0.06265036276655572
      }
    ]
  },
  "Exactly": 0,
  "Jitter": true,
  "RetCodes": {
    "200": 1839983
  },
  "Sizes": {
    "Count": 1839983,
    "Min": 75,
    "Max": 75,
    "Sum": 137998725,
    "Avg": 75,
    "StdDev": 0,
    "Data": [
      {
        "Start": 75,
        "End": 75,
        "Percent": 100,
        "Count": 1839983
      }
    ],
    "Percentiles": null
  },
  "HeaderSizes": {
    "Count": 1839983,
    "Min": 75,
    "Max": 75,
    "Sum": 137998725,
    "Avg": 75,
    "StdDev": 0,
    "Data": [
      {
        "Start": 75,
        "End": 75,
        "Percent": 100,
        "Count": 1839983
      }
    ],
    "Percentiles": null
  },
  "URL": "http://fortio-server:8080/echo\\?size\\=128",
  "SocketCount": 6,
  "AbortOn": 0
}
