{
  "RunType": "HTTP",
  "Labels": "1pod-samenode-nosidecar-2core-conn2-resp512",
  "StartTime": "2021-03-28T06:01:03.935831086Z",
  "RequestedQPS": "max",
  "RequestedDuration": "1m0s",
  "ActualQPS": 29316.449182113072,
  "ActualDuration": 60000069895,
  "NumThreads": 2,
  "Version": "1.11.3",
  "DurationHistogram": {
    "Count": 1758989,
    "Min": 0.000025493,
    "Max": 0.020142505,
    "Sum": 119.64234968099879,
    "Avg": 0.00006801767929247925,
    "StdDev": 0.0003429251617509769,
    "Data": [
      {
        "Start": 0.000025493,
        "End": 0.001,
        "Percent": 99.92683297053023,
        "Count": 1757702
      },
      {
        "Start": 0.001,
        "End": 0.002,
        "Percent": 99.92808368898271,
        "Count": 22
      },
      {
        "Start": 0.002,
        "End": 0.003,
        "Percent": 99.92944810911268,
        "Count": 24
      },
      {
        "Start": 0.003,
        "End": 0.004,
        "Percent": 99.9305282750489,
        "Count": 19
      },
      {
        "Start": 0.004,
        "End": 0.005,
        "Percent": 99.93138103763013,
        "Count": 15
      },
      {
        "Start": 0.005,
        "End": 0.006,
        "Percent": 99.93229065105012,
        "Count": 16
      },
      {
        "Start": 0.006,
        "End": 0.007,
        "Percent": 99.93371192201884,
        "Count": 25
      },
      {
        "Start": 0.007,
        "End": 0.008,
        "Percent": 99.93501949131006,
        "Count": 23
      },
      {
        "Start": 0.008,
        "End": 0.009000000000000001,
        "Percent": 99.9357585522138,
        "Count": 13
      },
      {
        "Start": 0.009000000000000001,
        "End": 0.01,
        "Percent": 99.93695241982752,
        "Count": 21
      },
      {
        "Start": 0.01,
        "End": 0.011,
        "Percent": 99.94616225570483,
        "Count": 162
      },
      {
        "Start": 0.011,
        "End": 0.012,
        "Percent": 99.95304120719345,
        "Count": 121
      },
      {
        "Start": 0.012,
        "End": 0.014,
        "Percent": 99.97635005108047,
        "Count": 410
      },
      {
        "Start": 0.014,
        "End": 0.016,
        "Percent": 99.99494027535135,
        "Count": 327
      },
      {
        "Start": 0.016,
        "End": 0.018000000000000002,
        "Percent": 99.99937464077377,
        "Count": 78
      },
      {
        "Start": 0.018000000000000002,
        "End": 0.02,
        "Percent": 99.99994314916125,
        "Count": 10
      },
      {
        "Start": 0.02,
        "End": 0.020142505,
        "Percent": 100,
        "Count": 1
      }
    ],
    "Percentiles": [
      {
        "Percentile": 50,
        "Value": 0.0005131029929422012
      },
      {
        "Percentile": 75,
        "Value": 0.0007569082666239878
      },
      {
        "Percentile": 90,
        "Value": 0.0009031914308330599
      },
      {
        "Percentile": 99,
        "Value": 0.000990961329358503
      },
      {
        "Percentile": 99.9,
        "Value": 0.0009997383192110474
      }
    ]
  },
  "Exactly": 0,
  "Jitter": true,
  "RetCodes": {
    "200": 1758989
  },
  "Sizes": {
    "Count": 1758989,
    "Min": 75,
    "Max": 75,
    "Sum": 131924175,
    "Avg": 75,
    "StdDev": 0,
    "Data": [
      {
        "Start": 75,
        "End": 75,
        "Percent": 100,
        "Count": 1758989
      }
    ],
    "Percentiles": null
  },
  "HeaderSizes": {
    "Count": 1758989,
    "Min": 75,
    "Max": 75,
    "Sum": 131924175,
    "Avg": 75,
    "StdDev": 0,
    "Data": [
      {
        "Start": 75,
        "End": 75,
        "Percent": 100,
        "Count": 1758989
      }
    ],
    "Percentiles": null
  },
  "URL": "http://fortio-server:8080/echo\\?size\\=512",
  "SocketCount": 2,
  "AbortOn": 0
}
