{
  "RunType": "HTTP",
  "Labels": "1pod-samenode-nosidecar-2core-conn3-resp2048",
  "StartTime": "2021-03-28T06:15:13.844003955Z",
  "RequestedQPS": "max",
  "RequestedDuration": "1m0s",
  "ActualQPS": 33851.55166548135,
  "ActualDuration": 60000115211,
  "NumThreads": 3,
  "Version": "1.11.3",
  "DurationHistogram": {
    "Count": 2031097,
    "Min": 0.000025804,
    "Max": 0.035835331,
    "Sum": 179.53077945899724,
    "Avg": 0.00008839104161888735,
    "StdDev": 0.0009049895664320756,
    "Data": [
      {
        "Start": 0.000025804,
        "End": 0.001,
        "Percent": 99.90724224396963,
        "Count": 2029213
      },
      {
        "Start": 0.001,
        "End": 0.002,
        "Percent": 99.9080299956132,
        "Count": 16
      },
      {
        "Start": 0.002,
        "End": 0.003,
        "Percent": 99.90857157486816,
        "Count": 11
      },
      {
        "Start": 0.003,
        "End": 0.004,
        "Percent": 99.9088669817345,
        "Count": 6
      },
      {
        "Start": 0.004,
        "End": 0.005,
        "Percent": 99.90921162307856,
        "Count": 7
      },
      {
        "Start": 0.005,
        "End": 0.006,
        "Percent": 99.90975320233352,
        "Count": 11
      },
      {
        "Start": 0.006,
        "End": 0.007,
        "Percent": 99.91039325054392,
        "Count": 13
      },
      {
        "Start": 0.007,
        "End": 0.008,
        "Percent": 99.91098406427659,
        "Count": 12
      },
      {
        "Start": 0.008,
        "End": 0.009000000000000001,
        "Percent": 99.9112302366652,
        "Count": 5
      },
      {
        "Start": 0.009000000000000001,
        "End": 0.01,
        "Percent": 99.9114271745761,
        "Count": 4
      },
      {
        "Start": 0.012,
        "End": 0.014,
        "Percent": 99.91152564353155,
        "Count": 2
      },
      {
        "Start": 0.014,
        "End": 0.016,
        "Percent": 99.91162411248699,
        "Count": 2
      },
      {
        "Start": 0.016,
        "End": 0.018000000000000002,
        "Percent": 99.91191951935333,
        "Count": 6
      },
      {
        "Start": 0.018000000000000002,
        "End": 0.02,
        "Percent": 99.91236262965285,
        "Count": 9
      },
      {
        "Start": 0.02,
        "End": 0.025,
        "Percent": 99.91447971219493,
        "Count": 43
      },
      {
        "Start": 0.025,
        "End": 0.03,
        "Percent": 99.94032781299957,
        "Count": 525
      },
      {
        "Start": 0.03,
        "End": 0.035,
        "Percent": 99.99975382761139,
        "Count": 1207
      },
      {
        "Start": 0.035,
        "End": 0.035835331,
        "Percent": 100,
        "Count": 5
      }
    ],
    "Percentiles": [
      {
        "Percentile": 50,
        "Value": 0.0005133540008426916
      },
      {
        "Percentile": 75,
        "Value": 0.0007571292413069704
      },
      {
        "Percentile": 90,
        "Value": 0.0009033943855855377
      },
      {
        "Percentile": 99,
        "Value": 0.000991153472152678
      },
      {
        "Percentile": 99.9,
        "Value": 0.0009999293808093921
      }
    ]
  },
  "Exactly": 0,
  "Jitter": true,
  "RetCodes": {
    "200": 2031097
  },
  "Sizes": {
    "Count": 2031097,
    "Min": 75,
    "Max": 75,
    "Sum": 152332275,
    "Avg": 75,
    "StdDev": 0,
    "Data": [
      {
        "Start": 75,
        "End": 75,
        "Percent": 100,
        "Count": 2031097
      }
    ],
    "Percentiles": null
  },
  "HeaderSizes": {
    "Count": 2031097,
    "Min": 75,
    "Max": 75,
    "Sum": 152332275,
    "Avg": 75,
    "StdDev": 0,
    "Data": [
      {
        "Start": 75,
        "End": 75,
        "Percent": 100,
        "Count": 2031097
      }
    ],
    "Percentiles": null
  },
  "URL": "http://fortio-server:8080/echo\\?size\\=2048",
  "SocketCount": 3,
  "AbortOn": 0
}
