{
  "RunType": "HTTP",
  "Labels": "1pod-samenode-nosidecar-2core-conn4-resp2048",
  "StartTime": "2021-03-28T06:16:14.552879184Z",
  "RequestedQPS": "max",
  "RequestedDuration": "1m0s",
  "ActualQPS": 32679.677762723644,
  "ActualDuration": 60000193828,
  "NumThreads": 4,
  "Version": "1.11.3",
  "DurationHistogram": {
    "Count": 1960787,
    "Min": 0.000026266,
    "Max": 0.04832476,
    "Sum": 239.47245552399957,
    "Avg": 0.00012213078499806433,
    "StdDev": 0.0015517088398892952,
    "Data": [
      {
        "Start": 0.000026266,
        "End": 0.001,
        "Percent": 99.87530517083192,
        "Count": 1958342
      },
      {
        "Start": 0.001,
        "End": 0.002,
        "Percent": 99.87576417020308,
        "Count": 9
      },
      {
        "Start": 0.002,
        "End": 0.003,
        "Percent": 99.876121169714,
        "Count": 7
      },
      {
        "Start": 0.003,
        "End": 0.004,
        "Percent": 99.87632516943452,
        "Count": 4
      },
      {
        "Start": 0.004,
        "End": 0.005,
        "Percent": 99.87658016908517,
        "Count": 5
      },
      {
        "Start": 0.006,
        "End": 0.007,
        "Percent": 99.87673316887556,
        "Count": 3
      },
      {
        "Start": 0.007,
        "End": 0.008,
        "Percent": 99.87703916845634,
        "Count": 6
      },
      {
        "Start": 0.008,
        "End": 0.009000000000000001,
        "Percent": 99.87754916775764,
        "Count": 10
      },
      {
        "Start": 0.011,
        "End": 0.012,
        "Percent": 99.87760016768777,
        "Count": 1
      },
      {
        "Start": 0.012,
        "End": 0.014,
        "Percent": 99.87780416740829,
        "Count": 4
      },
      {
        "Start": 0.03,
        "End": 0.035,
        "Percent": 99.87856916636024,
        "Count": 15
      },
      {
        "Start": 0.035,
        "End": 0.04,
        "Percent": 99.88015016419428,
        "Count": 31
      },
      {
        "Start": 0.04,
        "End": 0.045,
        "Percent": 99.95552806092655,
        "Count": 1478
      },
      {
        "Start": 0.045,
        "End": 0.04832476,
        "Percent": 100,
        "Count": 872
      }
    ],
    "Percentiles": [
      {
        "Percentile": 50,
        "Value": 0.0005137406076372806
      },
      {
        "Percentile": 75,
        "Value": 0.000757478160067884
      },
      {
        "Percentile": 90,
        "Value": 0.0009037206915262459
      },
      {
        "Percentile": 99,
        "Value": 0.000991466210401263
      },
      {
        "Percentile": 99.9,
        "Value": 0.0413166880920166
      }
    ]
  },
  "Exactly": 0,
  "Jitter": true,
  "RetCodes": {
    "200": 1960787
  },
  "Sizes": {
    "Count": 1960787,
    "Min": 75,
    "Max": 75,
    "Sum": 147059025,
    "Avg": 75,
    "StdDev": 0,
    "Data": [
      {
        "Start": 75,
        "End": 75,
        "Percent": 100,
        "Count": 1960787
      }
    ],
    "Percentiles": null
  },
  "HeaderSizes": {
    "Count": 1960787,
    "Min": 75,
    "Max": 75,
    "Sum": 147059025,
    "Avg": 75,
    "StdDev": 0,
    "Data": [
      {
        "Start": 75,
        "End": 75,
        "Percent": 100,
        "Count": 1960787
      }
    ],
    "Percentiles": null
  },
  "URL": "http://fortio-server:8080/echo\\?size\\=2048",
  "SocketCount": 4,
  "AbortOn": 0
}
