{
  "RunType": "HTTP",
  "Labels": "1pod-samenode-nosidecar-2core-conn5-resp128",
  "StartTime": "2021-03-28T05:57:31.393793908Z",
  "RequestedQPS": "max",
  "RequestedDuration": "1m0s",
  "ActualQPS": 32097.57290609085,
  "ActualDuration": 60028900180,
  "NumThreads": 5,
  "Version": "1.11.3",
  "DurationHistogram": {
    "Count": 1926782,
    "Min": 0.000026876,
    "Max": 0.058099979,
    "Sum": 299.5811854680008,
    "Avg": 0.00015548265733642975,
    "StdDev": 0.002155360078744431,
    "Data": [
      {
        "Start": 0.000026876,
        "End": 0.001,
        "Percent": 99.84310627772109,
        "Count": 1923759
      },
      {
        "Start": 0.001,
        "End": 0.002,
        "Percent": 99.84336577775794,
        "Count": 5
      },
      {
        "Start": 0.002,
        "End": 0.003,
        "Percent": 99.84352147778004,
        "Count": 3
      },
      {
        "Start": 0.005,
        "End": 0.006,
        "Percent": 99.8437809778169,
        "Count": 5
      },
      {
        "Start": 0.006,
        "End": 0.007,
        "Percent": 99.84393667783901,
        "Count": 3
      },
      {
        "Start": 0.007,
        "End": 0.008,
        "Percent": 99.84398857784637,
        "Count": 1
      },
      {
        "Start": 0.008,
        "End": 0.009000000000000001,
        "Percent": 99.84409237786112,
        "Count": 2
      },
      {
        "Start": 0.009000000000000001,
        "End": 0.01,
        "Percent": 99.84419617787586,
        "Count": 2
      },
      {
        "Start": 0.01,
        "End": 0.011,
        "Percent": 99.8442999778906,
        "Count": 2
      },
      {
        "Start": 0.035,
        "End": 0.04,
        "Percent": 99.8444556779127,
        "Count": 3
      },
      {
        "Start": 0.04,
        "End": 0.045,
        "Percent": 99.84492277797904,
        "Count": 9
      },
      {
        "Start": 0.045,
        "End": 0.05,
        "Percent": 99.84533797803799,
        "Count": 8
      },
      {
        "Start": 0.05,
        "End": 0.058099979,
        "Percent": 100,
        "Count": 2980
      }
    ],
    "Percentiles": [
      {
        "Percentile": 50,
        "Value": 0.0005142023322933549
      },
      {
        "Percentile": 75,
        "Value": 0.0007578657513626975
      },
      {
        "Percentile": 90,
        "Value": 0.0009040638028043028
      },
      {
        "Percentile": 99,
        "Value": 0.000991782633669266
      },
      {
        "Percentile": 99.9,
        "Value": 0.05286276633638365
      }
    ]
  },
  "Exactly": 0,
  "Jitter": true,
  "RetCodes": {
    "200": 1926782
  },
  "Sizes": {
    "Count": 1926782,
    "Min": 75,
    "Max": 75,
    "Sum": 144508650,
    "Avg": 75,
    "StdDev": 0,
    "Data": [
      {
        "Start": 75,
        "End": 75,
        "Percent": 100,
        "Count": 1926782
      }
    ],
    "Percentiles": null
  },
  "HeaderSizes": {
    "Count": 1926782,
    "Min": 75,
    "Max": 75,
    "Sum": 144508650,
    "Avg": 75,
    "StdDev": 0,
    "Data": [
      {
        "Start": 75,
        "End": 75,
        "Percent": 100,
        "Count": 1926782
      }
    ],
    "Percentiles": null
  },
  "URL": "http://fortio-server:8080/echo\\?size\\=128",
  "SocketCount": 5,
  "AbortOn": 0
}
