{
  "RunType": "HTTP",
  "Labels": "1pod-samenode-nosidecar-2core-conn6-resp1024",
  "StartTime": "2021-03-28T06:11:41.597859224Z",
  "RequestedQPS": "max",
  "RequestedDuration": "1m0s",
  "ActualQPS": 30190.651170511952,
  "ActualDuration": 60025866609,
  "NumThreads": 6,
  "Version": "1.11.3",
  "DurationHistogram": {
    "Count": 1812220,
    "Min": 0.000026549,
    "Max": 0.066356182,
    "Sum": 359.607614876004,
    "Avg": 0.0001984348560748717,
    "StdDev": 0.002774660290941627,
    "Data": [
      {
        "Start": 0.000026549,
        "End": 0.001,
        "Percent": 99.79952765116818,
        "Count": 1808587
      },
      {
        "Start": 0.001,
        "End": 0.002,
        "Percent": 99.80024500336604,
        "Count": 13
      },
      {
        "Start": 0.002,
        "End": 0.003,
        "Percent": 99.80035536524264,
        "Count": 2
      },
      {
        "Start": 0.003,
        "End": 0.004,
        "Percent": 99.8006864508724,
        "Count": 6
      },
      {
        "Start": 0.004,
        "End": 0.005,
        "Percent": 99.80107271744049,
        "Count": 7
      },
      {
        "Start": 0.005,
        "End": 0.006,
        "Percent": 99.80118307931708,
        "Count": 2
      },
      {
        "Start": 0.006,
        "End": 0.007,
        "Percent": 99.80123826025537,
        "Count": 1
      },
      {
        "Start": 0.014,
        "End": 0.016,
        "Percent": 99.80134862213197,
        "Count": 2
      },
      {
        "Start": 0.04,
        "End": 0.045,
        "Percent": 99.80145898400856,
        "Count": 2
      },
      {
        "Start": 0.05,
        "End": 0.06,
        "Percent": 99.80438357373829,
        "Count": 53
      },
      {
        "Start": 0.06,
        "End": 0.066356182,
        "Percent": 100,
        "Count": 3545
      }
    ],
    "Percentiles": [
      {
        "Percentile": 50,
        "Value": 0.0005142519415018141
      },
      {
        "Percentile": 75,
        "Value": 0.0007581036813720775
      },
      {
        "Percentile": 90,
        "Value": 0.0009044147252942355
      },
      {
        "Percentile": 99,
        "Value": 0.0009922013516475302
      },
      {
        "Percentile": 99.9,
        "Value": 0.06310687307361365
      }
    ]
  },
  "Exactly": 0,
  "Jitter": true,
  "RetCodes": {
    "200": 1812220
  },
  "Sizes": {
    "Count": 1812220,
    "Min": 75,
    "Max": 75,
    "Sum": 135916500,
    "Avg": 75,
    "StdDev": 0,
    "Data": [
      {
        "Start": 75,
        "End": 75,
        "Percent": 100,
        "Count": 1812220
      }
    ],
    "Percentiles": null
  },
  "HeaderSizes": {
    "Count": 1812220,
    "Min": 75,
    "Max": 75,
    "Sum": 135916500,
    "Avg": 75,
    "StdDev": 0,
    "Data": [
      {
        "Start": 75,
        "End": 75,
        "Percent": 100,
        "Count": 1812220
      }
    ],
    "Percentiles": null
  },
  "URL": "http://fortio-server:8080/echo\\?size\\=1024",
  "SocketCount": 6,
  "AbortOn": 0
}
