{
  "RunType": "HTTP",
  "Labels": "1pod-samenode-nosidecar-2core-conn2-resp1024",
  "StartTime": "2021-03-28T06:07:38.619766766Z",
  "RequestedQPS": "max",
  "RequestedDuration": "1m0s",
  "ActualQPS": 29091.729582638254,
  "ActualDuration": 60002723284,
  "NumThreads": 2,
  "Version": "1.11.3",
  "DurationHistogram": {
    "Count": 1745583,
    "Min": 0.000025717,
    "Max": 0.021145716,
    "Sum": 119.65582196400261,
    "Avg": 0.00006854776997942957,
    "StdDev": 0.00035598764035047327,
    "Data": [
      {
        "Start": 0.000025717,
        "End": 0.001,
        "Percent": 99.92592732628583,
        "Count": 1744290
      },
      {
        "Start": 0.001,
        "End": 0.002,
        "Percent": 99.92701578784853,
        "Count": 19
      },
      {
        "Start": 0.002,
        "End": 0.003,
        "Percent": 99.92810424941123,
        "Count": 19
      },
      {
        "Start": 0.003,
        "End": 0.004,
        "Percent": 99.92919271097392,
        "Count": 19
      },
      {
        "Start": 0.004,
        "End": 0.005,
        "Percent": 99.93045303488863,
        "Count": 22
      },
      {
        "Start": 0.005,
        "End": 0.006,
        "Percent": 99.931598783902,
        "Count": 20
      },
      {
        "Start": 0.006,
        "End": 0.007,
        "Percent": 99.93314554507005,
        "Count": 27
      },
      {
        "Start": 0.007,
        "End": 0.008,
        "Percent": 99.93452044388609,
        "Count": 24
      },
      {
        "Start": 0.008,
        "End": 0.009000000000000001,
        "Percent": 99.93560890544879,
        "Count": 19
      },
      {
        "Start": 0.009000000000000001,
        "End": 0.01,
        "Percent": 99.93635364230747,
        "Count": 13
      },
      {
        "Start": 0.01,
        "End": 0.011,
        "Percent": 99.94380101089436,
        "Count": 130
      },
      {
        "Start": 0.011,
        "End": 0.012,
        "Percent": 99.94947246851052,
        "Count": 99
      },
      {
        "Start": 0.012,
        "End": 0.014,
        "Percent": 99.97038238800447,
        "Count": 365
      },
      {
        "Start": 0.014,
        "End": 0.016,
        "Percent": 99.9896882588797,
        "Count": 337
      },
      {
        "Start": 0.016,
        "End": 0.018000000000000002,
        "Percent": 99.99851052628263,
        "Count": 154
      },
      {
        "Start": 0.018000000000000002,
        "End": 0.02,
        "Percent": 99.99994271254933,
        "Count": 25
      },
      {
        "Start": 0.02,
        "End": 0.021145716,
        "Percent": 100,
        "Count": 1
      }
    ],
    "Percentiles": [
      {
        "Percentile": 50,
        "Value": 0.0005132193271438966
      },
      {
        "Percentile": 75,
        "Value": 0.0007569707699938198
      },
      {
        "Percentile": 90,
        "Value": 0.0009032216357037739
      },
      {
        "Percentile": 99,
        "Value": 0.0009909721551297464
      },
      {
        "Percentile": 99.9,
        "Value": 0.0009997472070723437
      }
    ]
  },
  "Exactly": 0,
  "Jitter": true,
  "RetCodes": {
    "200": 1745583
  },
  "Sizes": {
    "Count": 1745583,
    "Min": 75,
    "Max": 75,
    "Sum": 130918725,
    "Avg": 75,
    "StdDev": 0,
    "Data": [
      {
        "Start": 75,
        "End": 75,
        "Percent": 100,
        "Count": 1745583
      }
    ],
    "Percentiles": null
  },
  "HeaderSizes": {
    "Count": 1745583,
    "Min": 75,
    "Max": 75,
    "Sum": 130918725,
    "Avg": 75,
    "StdDev": 0,
    "Data": [
      {
        "Start": 75,
        "End": 75,
        "Percent": 100,
        "Count": 1745583
      }
    ],
    "Percentiles": null
  },
  "URL": "http://fortio-server:8080/echo\\?size\\=1024",
  "SocketCount": 2,
  "AbortOn": 0
}
