{
  "RunType": "HTTP",
  "Labels": "1pod-samenode-nosidecar-2core-conn2-resp2048",
  "StartTime": "2021-03-28T06:14:13.039820445Z",
  "RequestedQPS": "max",
  "RequestedDuration": "1m0s",
  "ActualQPS": 28829.43401829362,
  "ActualDuration": 60000067948,
  "NumThreads": 2,
  "Version": "1.11.3",
  "DurationHistogram": {
    "Count": 1729768,
    "Min": 0.000025634,
    "Max": 0.019128816,
    "Sum": 119.6507047379992,
    "Avg": 0.00006917153325648249,
    "StdDev": 0.0003603340860026982,
    "Data": [
      {
        "Start": 0.000025634,
        "End": 0.001,
        "Percent": 99.9254235250045,
        "Count": 1728478
      },
      {
        "Start": 0.001,
        "End": 0.002,
        "Percent": 99.92681099430675,
        "Count": 24
      },
      {
        "Start": 0.002,
        "End": 0.003,
        "Percent": 99.92773597384158,
        "Count": 16
      },
      {
        "Start": 0.003,
        "End": 0.004,
        "Percent": 99.92889219826012,
        "Count": 20
      },
      {
        "Start": 0.004,
        "End": 0.005,
        "Percent": 99.9299328002368,
        "Count": 18
      },
      {
        "Start": 0.005,
        "End": 0.006,
        "Percent": 99.93091559099256,
        "Count": 17
      },
      {
        "Start": 0.006,
        "End": 0.007,
        "Percent": 99.93224524907386,
        "Count": 23
      },
      {
        "Start": 0.007,
        "End": 0.008,
        "Percent": 99.93345928471332,
        "Count": 21
      },
      {
        "Start": 0.008,
        "End": 0.009000000000000001,
        "Percent": 99.93473113157371,
        "Count": 22
      },
      {
        "Start": 0.009000000000000001,
        "End": 0.01,
        "Percent": 99.93606078965503,
        "Count": 23
      },
      {
        "Start": 0.01,
        "End": 0.011,
        "Percent": 99.94253564639882,
        "Count": 112
      },
      {
        "Start": 0.011,
        "End": 0.012,
        "Percent": 99.94669805430554,
        "Count": 72
      },
      {
        "Start": 0.012,
        "End": 0.014,
        "Percent": 99.96751009383918,
        "Count": 360
      },
      {
        "Start": 0.014,
        "End": 0.016,
        "Percent": 99.9909236383145,
        "Count": 405
      },
      {
        "Start": 0.016,
        "End": 0.018000000000000002,
        "Percent": 99.99907502046517,
        "Count": 141
      },
      {
        "Start": 0.018000000000000002,
        "End": 0.019128816,
        "Percent": 100,
        "Count": 16
      }
    ],
    "Percentiles": [
      {
        "Percentile": 50,
        "Value": 0.0005131803134181133
      },
      {
        "Percentile": 75,
        "Value": 0.000756953751983972
      },
      {
        "Percentile": 90,
        "Value": 0.0009032178151234874
      },
      {
        "Percentile": 99,
        "Value": 0.0009909762530071965
      },
      {
        "Percentile": 99.9,
        "Value": 0.0009997520967955677
      }
    ]
  },
  "Exactly": 0,
  "Jitter": true,
  "RetCodes": {
    "200": 1729768
  },
  "Sizes": {
    "Count": 1729768,
    "Min": 75,
    "Max": 75,
    "Sum": 129732600,
    "Avg": 75,
    "StdDev": 0,
    "Data": [
      {
        "Start": 75,
        "End": 75,
        "Percent": 100,
        "Count": 1729768
      }
    ],
    "Percentiles": null
  },
  "HeaderSizes": {
    "Count": 1729768,
    "Min": 75,
    "Max": 75,
    "Sum": 129732600,
    "Avg": 75,
    "StdDev": 0,
    "Data": [
      {
        "Start": 75,
        "End": 75,
        "Percent": 100,
        "Count": 1729768
      }
    ],
    "Percentiles": null
  },
  "URL": "http://fortio-server:8080/echo\\?size\\=2048",
  "SocketCount": 2,
  "AbortOn": 0
}
