{
  "RunType": "HTTP",
  "Labels": "1pod-samenode-nosidecar-2core-conn3-resp32",
  "StartTime": "2021-03-28T05:48:55.351049242Z",
  "RequestedQPS": "max",
  "RequestedDuration": "1m0s",
  "ActualQPS": 34455.04465925615,
  "ActualDuration": 60000154417,
  "NumThreads": 3,
  "Version": "1.11.3",
  "DurationHistogram": {
    "Count": 2067308,
    "Min": 0.000026158,
    "Max": 0.035405224,
    "Sum": 179.5396997380031,
    "Avg": 0.00008684709764486138,
    "StdDev": 0.000877917118214083,
    "Data": [
      {
        "Start": 0.000026158,
        "End": 0.001,
        "Percent": 99.90978605993882,
        "Count": 2065443
      },
      {
        "Start": 0.001,
        "End": 0.002,
        "Percent": 99.91031815288288,
        "Count": 11
      },
      {
        "Start": 0.002,
        "End": 0.003,
        "Percent": 99.9107535016553,
        "Count": 9
      },
      {
        "Start": 0.003,
        "End": 0.004,
        "Percent": 99.91109210625606,
        "Count": 7
      },
      {
        "Start": 0.004,
        "End": 0.005,
        "Percent": 99.91143071085682,
        "Count": 7
      },
      {
        "Start": 0.005,
        "End": 0.006,
        "Percent": 99.91176931545759,
        "Count": 7
      },
      {
        "Start": 0.006,
        "End": 0.007,
        "Percent": 99.91210792005836,
        "Count": 7
      },
      {
        "Start": 0.007,
        "End": 0.008,
        "Percent": 99.9123981525733,
        "Count": 6
      },
      {
        "Start": 0.008,
        "End": 0.009000000000000001,
        "Percent": 99.91259164091659,
        "Count": 4
      },
      {
        "Start": 0.009000000000000001,
        "End": 0.01,
        "Percent": 99.91288187343153,
        "Count": 6
      },
      {
        "Start": 0.01,
        "End": 0.011,
        "Percent": 99.913026989689,
        "Count": 3
      },
      {
        "Start": 0.011,
        "End": 0.012,
        "Percent": 99.91312373386066,
        "Count": 2
      },
      {
        "Start": 0.014,
        "End": 0.016,
        "Percent": 99.9132204780323,
        "Count": 2
      },
      {
        "Start": 0.016,
        "End": 0.018000000000000002,
        "Percent": 99.91336559428977,
        "Count": 3
      },
      {
        "Start": 0.018000000000000002,
        "End": 0.02,
        "Percent": 99.91409117557713,
        "Count": 15
      },
      {
        "Start": 0.02,
        "End": 0.025,
        "Percent": 99.91573582649514,
        "Count": 34
      },
      {
        "Start": 0.025,
        "End": 0.03,
        "Percent": 99.95719070404604,
        "Count": 857
      },
      {
        "Start": 0.03,
        "End": 0.035,
        "Percent": 99.99985488374253,
        "Count": 882
      },
      {
        "Start": 0.035,
        "End": 0.035405224,
        "Percent": 100,
        "Count": 3
      }
    ],
    "Percentiles": [
      {
        "Percentile": 50,
        "Value": 0.0005135184317264779
      },
      {
        "Percentile": 75,
        "Value": 0.0007571988833363512
      },
      {
        "Percentile": 90,
        "Value": 0.0009034071543022752
      },
      {
        "Percentile": 99,
        "Value": 0.0009911321168818296
      },
      {
        "Percentile": 99.9,
        "Value": 0.0009999046131397853
      }
    ]
  },
  "Exactly": 0,
  "Jitter": true,
  "RetCodes": {
    "200": 2067308
  },
  "Sizes": {
    "Count": 2067308,
    "Min": 75,
    "Max": 75,
    "Sum": 155048100,
    "Avg": 75,
    "StdDev": 0,
    "Data": [
      {
        "Start": 75,
        "End": 75,
        "Percent": 100,
        "Count": 2067308
      }
    ],
    "Percentiles": null
  },
  "HeaderSizes": {
    "Count": 2067308,
    "Min": 75,
    "Max": 75,
    "Sum": 155048100,
    "Avg": 75,
    "StdDev": 0,
    "Data": [
      {
        "Start": 75,
        "End": 75,
        "Percent": 100,
        "Count": 2067308
      }
    ],
    "Percentiles": null
  },
  "URL": "http://fortio-server:8080/echo\\?size\\=32",
  "SocketCount": 3,
  "AbortOn": 0
}
