{
  "RunType": "HTTP",
  "Labels": "1pod-samenode-nosidecar-2core-conn2-resp128",
  "StartTime": "2021-03-28T05:54:29.248090862Z",
  "RequestedQPS": "max",
  "RequestedDuration": "1m0s",
  "ActualQPS": 29354.658214133276,
  "ActualDuration": 60000085409,
  "NumThreads": 2,
  "Version": "1.11.3",
  "DurationHistogram": {
    "Count": 1761282,
    "Min": 0.000025637,
    "Max": 0.019014455,
    "Sum": 119.64715070799923,
    "Avg": 0.00006793185344992978,
    "StdDev": 0.0003435433968472134,
    "Data": [
      {
        "Start": 0.000025637,
        "End": 0.001,
        "Percent": 99.9264172347188,
        "Count": 1759986
      },
      {
        "Start": 0.001,
        "End": 0.002,
        "Percent": 99.92766632487017,
        "Count": 22
      },
      {
        "Start": 0.002,
        "End": 0.003,
        "Percent": 99.92891541502156,
        "Count": 22
      },
      {
        "Start": 0.003,
        "End": 0.004,
        "Percent": 99.93039161247319,
        "Count": 26
      },
      {
        "Start": 0.004,
        "End": 0.005,
        "Percent": 99.93147037214938,
        "Count": 19
      },
      {
        "Start": 0.005,
        "End": 0.006,
        "Percent": 99.93271946230075,
        "Count": 22
      },
      {
        "Start": 0.006,
        "End": 0.007,
        "Percent": 99.93453632070276,
        "Count": 32
      },
      {
        "Start": 0.007,
        "End": 0.008,
        "Percent": 99.93578541085414,
        "Count": 22
      },
      {
        "Start": 0.008,
        "End": 0.009000000000000001,
        "Percent": 99.93697772418045,
        "Count": 21
      },
      {
        "Start": 0.009000000000000001,
        "End": 0.01,
        "Percent": 99.93834036798197,
        "Count": 24
      },
      {
        "Start": 0.01,
        "End": 0.011,
        "Percent": 99.94566457841503,
        "Count": 129
      },
      {
        "Start": 0.011,
        "End": 0.012,
        "Percent": 99.95259135107268,
        "Count": 122
      },
      {
        "Start": 0.012,
        "End": 0.014,
        "Percent": 99.97626728712382,
        "Count": 417
      },
      {
        "Start": 0.014,
        "End": 0.016,
        "Percent": 99.99290289686716,
        "Count": 293
      },
      {
        "Start": 0.016,
        "End": 0.018000000000000002,
        "Percent": 99.9993754549243,
        "Count": 114
      },
      {
        "Start": 0.018000000000000002,
        "End": 0.019014455,
        "Percent": 100,
        "Count": 11
      }
    ],
    "Percentiles": [
      {
        "Percentile": 50,
        "Value": 0.0005131769689883721
      },
      {
        "Percentile": 75,
        "Value": 0.0007569472302925877
      },
      {
        "Percentile": 90,
        "Value": 0.0009032093870751172
      },
      {
        "Percentile": 99,
        "Value": 0.0009909666811446349
      },
      {
        "Percentile": 99.9,
        "Value": 0.0009997424105515867
      }
    ]
  },
  "Exactly": 0,
  "Jitter": true,
  "RetCodes": {
    "200": 1761282
  },
  "Sizes": {
    "Count": 1761282,
    "Min": 75,
    "Max": 75,
    "Sum": 132096150,
    "Avg": 75,
    "StdDev": 0,
    "Data": [
      {
        "Start": 75,
        "End": 75,
        "Percent": 100,
        "Count": 1761282
      }
    ],
    "Percentiles": null
  },
  "HeaderSizes": {
    "Count": 1761282,
    "Min": 75,
    "Max": 75,
    "Sum": 132096150,
    "Avg": 75,
    "StdDev": 0,
    "Data": [
      {
        "Start": 75,
        "End": 75,
        "Percent": 100,
        "Count": 1761282
      }
    ],
    "Percentiles": null
  },
  "URL": "http://fortio-server:8080/echo\\?size\\=128",
  "SocketCount": 2,
  "AbortOn": 0
}
