{
  "RunType": "HTTP",
  "Labels": "1pod-samenode-nosidecar-2core-conn1-resp512",
  "StartTime": "2021-03-28T06:00:03.047486356Z",
  "RequestedQPS": "max",
  "RequestedDuration": "1m0s",
  "ActualQPS": 17943.065251209326,
  "ActualDuration": 60000060465,
  "NumThreads": 1,
  "Version": "1.11.3",
  "DurationHistogram": {
    "Count": 1076585,
    "Min": 0.000036457,
    "Max": 0.001100948,
    "Sum": 59.77677662900081,
    "Avg": 0.000055524437577154435,
    "StdDev": 0.000012380465796708836,
    "Data": [
      {
        "Start": 0.000036457,
        "End": 0.001,
        "Percent": 99.99990711369747,
        "Count": 1076584
      },
      {
        "Start": 0.001,
        "End": 0.001100948,
        "Percent": 100,
        "Count": 1
      }
    ],
    "Percentiles": [
      {
        "Percentile": 50,
        "Value": 0.0005182285000000001
      },
      {
        "Percentile": 75,
        "Value": 0.0007591146975005643
      },
      {
        "Percentile": 90,
        "Value": 0.0009036464160009029
      },
      {
        "Percentile": 99,
        "Value": 0.0009903654471011061
      },
      {
        "Percentile": 99.9,
        "Value": 0.0009990373502111263
      }
    ]
  },
  "Exactly": 0,
  "Jitter": true,
  "RetCodes": {
    "200": 1076585
  },
  "Sizes": {
    "Count": 1076585,
    "Min": 75,
    "Max": 75,
    "Sum": 80743875,
    "Avg": 75,
    "StdDev": 0,
    "Data": [
      {
        "Start": 75,
        "End": 75,
        "Percent": 100,
        "Count": 1076585
      }
    ],
    "Percentiles": null
  },
  "HeaderSizes": {
    "Count": 1076585,
    "Min": 75,
    "Max": 75,
    "Sum": 80743875,
    "Avg": 75,
    "StdDev": 0,
    "Data": [
      {
        "Start": 75,
        "End": 75,
        "Percent": 100,
        "Count": 1076585
      }
    ],
    "Percentiles": null
  },
  "URL": "http://fortio-server:8080/echo\\?size\\=512",
  "SocketCount": 1,
  "AbortOn": 0
}
