{
  "RunType": "HTTP",
  "Labels": "1pod-samenode-nosidecar-2core-conn3-resp128",
  "StartTime": "2021-03-28T05:55:29.940875514Z",
  "RequestedQPS": "max",
  "RequestedDuration": "1m0s",
  "ActualQPS": 34227.61824770743,
  "ActualDuration": 60000084877,
  "NumThreads": 3,
  "Version": "1.11.3",
  "DurationHistogram": {
    "Count": 2053660,
    "Min": 0.000026079,
    "Max": 0.034614249,
    "Sum": 179.5396080779974,
    "Avg": 0.00008742421241977611,
    "StdDev": 0.0008874208329059711,
    "Data": [
      {
        "Start": 0.000026079,
        "End": 0.001,
        "Percent": 99.90860220289629,
        "Count": 2051783
      },
      {
        "Start": 0.001,
        "End": 0.002,
        "Percent": 99.9091378319683,
        "Count": 11
      },
      {
        "Start": 0.002,
        "End": 0.003,
        "Percent": 99.90947868683229,
        "Count": 7
      },
      {
        "Start": 0.003,
        "End": 0.004,
        "Percent": 99.90977084814429,
        "Count": 6
      },
      {
        "Start": 0.004,
        "End": 0.005,
        "Percent": 99.91016039656029,
        "Count": 8
      },
      {
        "Start": 0.005,
        "End": 0.006,
        "Percent": 99.91040386432029,
        "Count": 5
      },
      {
        "Start": 0.006,
        "End": 0.007,
        "Percent": 99.91098818694428,
        "Count": 12
      },
      {
        "Start": 0.007,
        "End": 0.008,
        "Percent": 99.91137773536029,
        "Count": 8
      },
      {
        "Start": 0.008,
        "End": 0.009000000000000001,
        "Percent": 99.91162120312028,
        "Count": 5
      },
      {
        "Start": 0.009000000000000001,
        "End": 0.01,
        "Percent": 99.91181597732829,
        "Count": 4
      },
      {
        "Start": 0.01,
        "End": 0.011,
        "Percent": 99.91186467088028,
        "Count": 1
      },
      {
        "Start": 0.011,
        "End": 0.012,
        "Percent": 99.91225421929629,
        "Count": 8
      },
      {
        "Start": 0.012,
        "End": 0.014,
        "Percent": 99.91254638060828,
        "Count": 6
      },
      {
        "Start": 0.014,
        "End": 0.016,
        "Percent": 99.91264376771228,
        "Count": 2
      },
      {
        "Start": 0.016,
        "End": 0.018000000000000002,
        "Percent": 99.91313070323228,
        "Count": 10
      },
      {
        "Start": 0.018000000000000002,
        "End": 0.02,
        "Percent": 99.91361763875227,
        "Count": 10
      },
      {
        "Start": 0.02,
        "End": 0.025,
        "Percent": 99.91580884859226,
        "Count": 45
      },
      {
        "Start": 0.025,
        "End": 0.03,
        "Percent": 99.94882307684816,
        "Count": 678
      },
      {
        "Start": 0.03,
        "End": 0.034614249,
        "Percent": 100,
        "Count": 1051
      }
    ],
    "Percentiles": [
      {
        "Percentile": 50,
        "Value": 0.0005134847412088614
      },
      {
        "Percentile": 75,
        "Value": 0.0007571878491486912
      },
      {
        "Percentile": 90,
        "Value": 0.0009034097139125892
      },
      {
        "Percentile": 99,
        "Value": 0.000991142832770928
      },
      {
        "Percentile": 99.9,
        "Value": 0.0009999161446567618
      }
    ]
  },
  "Exactly": 0,
  "Jitter": true,
  "RetCodes": {
    "200": 2053660
  },
  "Sizes": {
    "Count": 2053660,
    "Min": 75,
    "Max": 75,
    "Sum": 154024500,
    "Avg": 75,
    "StdDev": 0,
    "Data": [
      {
        "Start": 75,
        "End": 75,
        "Percent": 100,
        "Count": 2053660
      }
    ],
    "Percentiles": null
  },
  "HeaderSizes": {
    "Count": 2053660,
    "Min": 75,
    "Max": 75,
    "Sum": 154024500,
    "Avg": 75,
    "StdDev": 0,
    "Data": [
      {
        "Start": 75,
        "End": 75,
        "Percent": 100,
        "Count": 2053660
      }
    ],
    "Percentiles": null
  },
  "URL": "http://fortio-server:8080/echo\\?size\\=128",
  "SocketCount": 3,
  "AbortOn": 0
}
