{
  "RunType": "HTTP",
  "Labels": "1pod-samenode-nosidecar-2core-conn3-resp1024",
  "StartTime": "2021-03-28T06:08:39.276289877Z",
  "RequestedQPS": "max",
  "RequestedDuration": "1m0s",
  "ActualQPS": 33923.045789842065,
  "ActualDuration": 60000095882,
  "NumThreads": 3,
  "Version": "1.11.3",
  "DurationHistogram": {
    "Count": 2035386,
    "Min": 0.000025983,
    "Max": 0.035255819,
    "Sum": 179.5444984009976,
    "Avg": 0.00008821152272885713,
    "StdDev": 0.0009006179825815774,
    "Data": [
      {
        "Start": 0.000025983,
        "End": 0.001,
        "Percent": 99.90807640418083,
        "Count": 2033515
      },
      {
        "Start": 0.001,
        "End": 0.002,
        "Percent": 99.90891162659074,
        "Count": 17
      },
      {
        "Start": 0.002,
        "End": 0.003,
        "Percent": 99.90959945681065,
        "Count": 14
      },
      {
        "Start": 0.003,
        "End": 0.004,
        "Percent": 99.90984511046062,
        "Count": 5
      },
      {
        "Start": 0.004,
        "End": 0.005,
        "Percent": 99.90999250265061,
        "Count": 3
      },
      {
        "Start": 0.005,
        "End": 0.006,
        "Percent": 99.91058207141053,
        "Count": 12
      },
      {
        "Start": 0.006,
        "End": 0.007,
        "Percent": 99.9108277250605,
        "Count": 5
      },
      {
        "Start": 0.007,
        "End": 0.008,
        "Percent": 99.91107337871047,
        "Count": 5
      },
      {
        "Start": 0.008,
        "End": 0.009000000000000001,
        "Percent": 99.91126990163045,
        "Count": 4
      },
      {
        "Start": 0.009000000000000001,
        "End": 0.01,
        "Percent": 99.91141729382043,
        "Count": 3
      },
      {
        "Start": 0.01,
        "End": 0.011,
        "Percent": 99.91151555528042,
        "Count": 2
      },
      {
        "Start": 0.011,
        "End": 0.012,
        "Percent": 99.91161381674041,
        "Count": 2
      },
      {
        "Start": 0.012,
        "End": 0.014,
        "Percent": 99.91181033966039,
        "Count": 4
      },
      {
        "Start": 0.014,
        "End": 0.016,
        "Percent": 99.91195773185036,
        "Count": 3
      },
      {
        "Start": 0.016,
        "End": 0.018000000000000002,
        "Percent": 99.91215425477034,
        "Count": 4
      },
      {
        "Start": 0.018000000000000002,
        "End": 0.02,
        "Percent": 99.9125473006103,
        "Count": 8
      },
      {
        "Start": 0.02,
        "End": 0.025,
        "Percent": 99.91397209178014,
        "Count": 29
      },
      {
        "Start": 0.025,
        "End": 0.03,
        "Percent": 99.94340139904666,
        "Count": 599
      },
      {
        "Start": 0.03,
        "End": 0.035,
        "Percent": 99.99985260781001,
        "Count": 1149
      },
      {
        "Start": 0.035,
        "End": 0.035255819,
        "Percent": 100,
        "Count": 3
      }
    ],
    "Percentiles": [
      {
        "Percentile": 50,
        "Value": 0.0005134393483526545
      },
      {
        "Percentile": 75,
        "Value": 0.0007571677620200796
      },
      {
        "Percentile": 90,
        "Value": 0.0009034048102205346
      },
      {
        "Percentile": 99,
        "Value": 0.0009911470391408075
      },
      {
        "Percentile": 99.9,
        "Value": 0.0009999212620328349
      }
    ]
  },
  "Exactly": 0,
  "Jitter": true,
  "RetCodes": {
    "200": 2035386
  },
  "Sizes": {
    "Count": 2035386,
    "Min": 75,
    "Max": 75,
    "Sum": 152653950,
    "Avg": 75,
    "StdDev": 0,
    "Data": [
      {
        "Start": 75,
        "End": 75,
        "Percent": 100,
        "Count": 2035386
      }
    ],
    "Percentiles": null
  },
  "HeaderSizes": {
    "Count": 2035386,
    "Min": 75,
    "Max": 75,
    "Sum": 152653950,
    "Avg": 75,
    "StdDev": 0,
    "Data": [
      {
        "Start": 75,
        "End": 75,
        "Percent": 100,
        "Count": 2035386
      }
    ],
    "Percentiles": null
  },
  "URL": "http://fortio-server:8080/echo\\?size\\=1024",
  "SocketCount": 3,
  "AbortOn": 0
}
