{
  "RunType": "HTTP",
  "Labels": "1pod-samenode-nosidecar-2core-conn4-resp512",
  "StartTime": "2021-03-28T06:03:05.504922709Z",
  "RequestedQPS": "max",
  "RequestedDuration": "1m0s",
  "ActualQPS": 32975.49551446939,
  "ActualDuration": 60017657631,
  "NumThreads": 4,
  "Version": "1.11.3",
  "DurationHistogram": {
    "Count": 1979112,
    "Min": 0.000026681,
    "Max": 0.048377305,
    "Sum": 239.53124539499927,
    "Avg": 0.00012102965642924669,
    "StdDev": 0.0015365360504779712,
    "Data": [
      {
        "Start": 0.000026681,
        "End": 0.001,
        "Percent": 99.87595446846869,
        "Count": 1976657
      },
      {
        "Start": 0.001,
        "End": 0.002,
        "Percent": 99.87651027329429,
        "Count": 11
      },
      {
        "Start": 0.002,
        "End": 0.003,
        "Percent": 99.87691449498563,
        "Count": 8
      },
      {
        "Start": 0.003,
        "End": 0.004,
        "Percent": 99.8771166058313,
        "Count": 4
      },
      {
        "Start": 0.004,
        "End": 0.005,
        "Percent": 99.87741977209981,
        "Count": 6
      },
      {
        "Start": 0.005,
        "End": 0.006,
        "Percent": 99.87752082752264,
        "Count": 2
      },
      {
        "Start": 0.006,
        "End": 0.007,
        "Percent": 99.87772293836832,
        "Count": 4
      },
      {
        "Start": 0.007,
        "End": 0.008,
        "Percent": 99.87792504921399,
        "Count": 4
      },
      {
        "Start": 0.008,
        "End": 0.009000000000000001,
        "Percent": 99.8782282154825,
        "Count": 6
      },
      {
        "Start": 0.009000000000000001,
        "End": 0.01,
        "Percent": 99.87837979861675,
        "Count": 3
      },
      {
        "Start": 0.01,
        "End": 0.011,
        "Percent": 99.87843032632817,
        "Count": 1
      },
      {
        "Start": 0.012,
        "End": 0.014,
        "Percent": 99.87858190946243,
        "Count": 3
      },
      {
        "Start": 0.014,
        "End": 0.016,
        "Percent": 99.87863243717385,
        "Count": 1
      },
      {
        "Start": 0.016,
        "End": 0.018000000000000002,
        "Percent": 99.87868296488526,
        "Count": 1
      },
      {
        "Start": 0.018000000000000002,
        "End": 0.02,
        "Percent": 99.87873349259668,
        "Count": 1
      },
      {
        "Start": 0.02,
        "End": 0.025,
        "Percent": 99.87883454801951,
        "Count": 2
      },
      {
        "Start": 0.025,
        "End": 0.03,
        "Percent": 99.87898613115377,
        "Count": 3
      },
      {
        "Start": 0.03,
        "End": 0.035,
        "Percent": 99.87984510224787,
        "Count": 17
      },
      {
        "Start": 0.035,
        "End": 0.04,
        "Percent": 99.88146198901326,
        "Count": 32
      },
      {
        "Start": 0.04,
        "End": 0.045,
        "Percent": 99.9647316574302,
        "Count": 1648
      },
      {
        "Start": 0.045,
        "End": 0.048377305,
        "Percent": 100,
        "Count": 698
      }
    ],
    "Percentiles": [
      {
        "Percentile": 50,
        "Value": 0.0005139446832331979
      },
      {
        "Percentile": 75,
        "Value": 0.0007575767710532333
      },
      {
        "Percentile": 90,
        "Value": 0.0009037560237452546
      },
      {
        "Percentile": 99,
        "Value": 0.0009914635753604673
      },
      {
        "Percentile": 99.9,
        "Value": 0.04111313106796115
      }
    ]
  },
  "Exactly": 0,
  "Jitter": true,
  "RetCodes": {
    "200": 1979112
  },
  "Sizes": {
    "Count": 1979112,
    "Min": 75,
    "Max": 75,
    "Sum": 148433400,
    "Avg": 75,
    "StdDev": 0,
    "Data": [
      {
        "Start": 75,
        "End": 75,
        "Percent": 100,
        "Count": 1979112
      }
    ],
    "Percentiles": null
  },
  "HeaderSizes": {
    "Count": 1979112,
    "Min": 75,
    "Max": 75,
    "Sum": 148433400,
    "Avg": 75,
    "StdDev": 0,
    "Data": [
      {
        "Start": 75,
        "End": 75,
        "Percent": 100,
        "Count": 1979112
      }
    ],
    "Percentiles": null
  },
  "URL": "http://fortio-server:8080/echo\\?size\\=512",
  "SocketCount": 4,
  "AbortOn": 0
}
