{
  "RunType": "HTTP",
  "Labels": "1pod-samenode-nosidecar-2core-conn3-resp512",
  "StartTime": "2021-03-28T06:02:04.792746752Z",
  "RequestedQPS": "max",
  "RequestedDuration": "1m0s",
  "ActualQPS": 34181.13624235132,
  "ActualDuration": 60029689635,
  "NumThreads": 3,
  "Version": "1.11.3",
  "DurationHistogram": {
    "Count": 2051883,
    "Min": 0.000025646,
    "Max": 0.035125337,
    "Sum": 179.57391463900376,
    "Avg": 0.00008751664429161105,
    "StdDev": 0.0008881987185265587,
    "Data": [
      {
        "Start": 0.000025646,
        "End": 0.001,
        "Percent": 99.90857178503843,
        "Count": 2050007
      },
      {
        "Start": 0.001,
        "End": 0.002,
        "Percent": 99.9093515565946,
        "Count": 16
      },
      {
        "Start": 0.002,
        "End": 0.003,
        "Percent": 99.90983891381721,
        "Count": 10
      },
      {
        "Start": 0.003,
        "End": 0.004,
        "Percent": 99.91032627103982,
        "Count": 10
      },
      {
        "Start": 0.004,
        "End": 0.005,
        "Percent": 99.9104724782066,
        "Count": 3
      },
      {
        "Start": 0.005,
        "End": 0.006,
        "Percent": 99.91086236398469,
        "Count": 8
      },
      {
        "Start": 0.006,
        "End": 0.007,
        "Percent": 99.91105730687373,
        "Count": 4
      },
      {
        "Start": 0.007,
        "End": 0.008,
        "Percent": 99.91139845692956,
        "Count": 7
      },
      {
        "Start": 0.008,
        "End": 0.009000000000000001,
        "Percent": 99.91183707842991,
        "Count": 9
      },
      {
        "Start": 0.009000000000000001,
        "End": 0.01,
        "Percent": 99.91208075704121,
        "Count": 5
      },
      {
        "Start": 0.01,
        "End": 0.011,
        "Percent": 99.912226964208,
        "Count": 3
      },
      {
        "Start": 0.011,
        "End": 0.012,
        "Percent": 99.91227569993026,
        "Count": 1
      },
      {
        "Start": 0.012,
        "End": 0.014,
        "Percent": 99.9124706428193,
        "Count": 4
      },
      {
        "Start": 0.014,
        "End": 0.016,
        "Percent": 99.91261684998608,
        "Count": 3
      },
      {
        "Start": 0.016,
        "End": 0.018000000000000002,
        "Percent": 99.91310420720869,
        "Count": 10
      },
      {
        "Start": 0.018000000000000002,
        "End": 0.02,
        "Percent": 99.91339662154226,
        "Count": 6
      },
      {
        "Start": 0.02,
        "End": 0.025,
        "Percent": 99.91529731471044,
        "Count": 39
      },
      {
        "Start": 0.025,
        "End": 0.03,
        "Percent": 99.94834013440338,
        "Count": 678
      },
      {
        "Start": 0.03,
        "End": 0.035,
        "Percent": 99.99995126427774,
        "Count": 1059
      },
      {
        "Start": 0.035,
        "End": 0.035125337,
        "Percent": 100,
        "Count": 1
      }
    ],
    "Percentiles": [
      {
        "Percentile": 50,
        "Value": 0.0005132685874153539
      },
      {
        "Percentile": 75,
        "Value": 0.0007570801187696524
      },
      {
        "Percentile": 90,
        "Value": 0.0009033670375822315
      },
      {
        "Percentile": 99,
        "Value": 0.0009911391888697788
      },
      {
        "Percentile": 99.9,
        "Value": 0.0009999164039985336
      }
    ]
  },
  "Exactly": 0,
  "Jitter": true,
  "RetCodes": {
    "200": 2051883
  },
  "Sizes": {
    "Count": 2051883,
    "Min": 75,
    "Max": 75,
    "Sum": 153891225,
    "Avg": 75,
    "StdDev": 0,
    "Data": [
      {
        "Start": 75,
        "End": 75,
        "Percent": 100,
        "Count": 2051883
      }
    ],
    "Percentiles": null
  },
  "HeaderSizes": {
    "Count": 2051883,
    "Min": 75,
    "Max": 75,
    "Sum": 153891225,
    "Avg": 75,
    "StdDev": 0,
    "Data": [
      {
        "Start": 75,
        "End": 75,
        "Percent": 100,
        "Count": 2051883
      }
    ],
    "Percentiles": null
  },
  "URL": "http://fortio-server:8080/echo\\?size\\=512",
  "SocketCount": 3,
  "AbortOn": 0
}
