{
  "RunType": "HTTP",
  "Labels": "1pod-samenode-nosidecar-2core-conn1-resp128",
  "StartTime": "2021-03-28T05:53:28.651429296Z",
  "RequestedQPS": "max",
  "RequestedDuration": "1m0s",
  "ActualQPS": 17961.346931636726,
  "ActualDuration": 60000065925,
  "NumThreads": 1,
  "Version": "1.11.3",
  "DurationHistogram": {
    "Count": 1077682,
    "Min": 0.000034543,
    "Max": 0.001464792,
    "Sum": 59.77676668599908,
    "Avg": 0.000055467908609403404,
    "StdDev": 0.000012523616256007718,
    "Data": [
      {
        "Start": 0.000034543,
        "End": 0.001,
        "Percent": 99.99962883299526,
        "Count": 1077678
      },
      {
        "Start": 0.001,
        "End": 0.001464792,
        "Percent": 100,
        "Count": 4
      }
    ],
    "Percentiles": [
      {
        "Percentile": 50,
        "Value": 0.0005172728438029206
      },
      {
        "Percentile": 75,
        "Value": 0.0007586382136386878
      },
      {
        "Percentile": 90,
        "Value": 0.0009034574355401481
      },
      {
        "Percentile": 99,
        "Value": 0.0009903489686810243
      },
      {
        "Percentile": 99.9,
        "Value": 0.0009990381219951118
      }
    ]
  },
  "Exactly": 0,
  "Jitter": true,
  "RetCodes": {
    "200": 1077682
  },
  "Sizes": {
    "Count": 1077682,
    "Min": 75,
    "Max": 75,
    "Sum": 80826150,
    "Avg": 75,
    "StdDev": 0,
    "Data": [
      {
        "Start": 75,
        "End": 75,
        "Percent": 100,
        "Count": 1077682
      }
    ],
    "Percentiles": null
  },
  "HeaderSizes": {
    "Count": 1077682,
    "Min": 75,
    "Max": 75,
    "Sum": 80826150,
    "Avg": 75,
    "StdDev": 0,
    "Data": [
      {
        "Start": 75,
        "End": 75,
        "Percent": 100,
        "Count": 1077682
      }
    ],
    "Percentiles": null
  },
  "URL": "http://fortio-server:8080/echo\\?size\\=128",
  "SocketCount": 1,
  "AbortOn": 0
}
