{
  "RunType": "HTTP",
  "Labels": "1pod-samenode-nosidecar-2core-conn2-resp32",
  "StartTime": "2021-03-28T05:47:54.632284005Z",
  "RequestedQPS": "max",
  "RequestedDuration": "1m0s",
  "ActualQPS": 29552.044924048012,
  "ActualDuration": 60000077983,
  "NumThreads": 2,
  "Version": "1.11.3",
  "DurationHistogram": {
    "Count": 1773125,
    "Min": 0.000025794,
    "Max": 0.017739052,
    "Sum": 119.6421604600018,
    "Avg": 0.00006747531079873207,
    "StdDev": 0.00032591935678173483,
    "Data": [
      {
        "Start": 0.000025794,
        "End": 0.001,
        "Percent": 99.92741628480789,
        "Count": 1771838
      },
      {
        "Start": 0.001,
        "End": 0.002,
        "Percent": 99.92888262248854,
        "Count": 26
      },
      {
        "Start": 0.002,
        "End": 0.003,
        "Percent": 99.92984138174127,
        "Count": 17
      },
      {
        "Start": 0.003,
        "End": 0.004,
        "Percent": 99.93096933380332,
        "Count": 20
      },
      {
        "Start": 0.004,
        "End": 0.005,
        "Percent": 99.93198449065915,
        "Count": 18
      },
      {
        "Start": 0.005,
        "End": 0.006,
        "Percent": 99.93322523792739,
        "Count": 22
      },
      {
        "Start": 0.006,
        "End": 0.007,
        "Percent": 99.93486076841734,
        "Count": 29
      },
      {
        "Start": 0.007,
        "End": 0.008,
        "Percent": 99.9364962989073,
        "Count": 29
      },
      {
        "Start": 0.008,
        "End": 0.009000000000000001,
        "Percent": 99.93751145576313,
        "Count": 18
      },
      {
        "Start": 0.009000000000000001,
        "End": 0.01,
        "Percent": 99.93999295029961,
        "Count": 44
      },
      {
        "Start": 0.01,
        "End": 0.011,
        "Percent": 99.94980613323933,
        "Count": 174
      },
      {
        "Start": 0.011,
        "End": 0.012,
        "Percent": 99.95843496651392,
        "Count": 153
      },
      {
        "Start": 0.012,
        "End": 0.014,
        "Percent": 99.98375749030666,
        "Count": 449
      },
      {
        "Start": 0.014,
        "End": 0.016,
        "Percent": 99.99763130066972,
        "Count": 246
      },
      {
        "Start": 0.016,
        "End": 0.017739052,
        "Percent": 100,
        "Count": 42
      }
    ],
    "Percentiles": [
      {
        "Percentile": 50,
        "Value": 0.0005132505395513244
      },
      {
        "Percentile": 75,
        "Value": 0.0007569790842411013
      },
      {
        "Percentile": 90,
        "Value": 0.0009032162110549673
      },
      {
        "Percentile": 99,
        "Value": 0.000990958487143287
      },
      {
        "Percentile": 99.9,
        "Value": 0.000999732714752119
      }
    ]
  },
  "Exactly": 0,
  "Jitter": true,
  "RetCodes": {
    "200": 1773125
  },
  "Sizes": {
    "Count": 1773125,
    "Min": 75,
    "Max": 75,
    "Sum": 132984375,
    "Avg": 75,
    "StdDev": 0,
    "Data": [
      {
        "Start": 75,
        "End": 75,
        "Percent": 100,
        "Count": 1773125
      }
    ],
    "Percentiles": null
  },
  "HeaderSizes": {
    "Count": 1773125,
    "Min": 75,
    "Max": 75,
    "Sum": 132984375,
    "Avg": 75,
    "StdDev": 0,
    "Data": [
      {
        "Start": 75,
        "End": 75,
        "Percent": 100,
        "Count": 1773125
      }
    ],
    "Percentiles": null
  },
  "URL": "http://fortio-server:8080/echo\\?size\\=32",
  "SocketCount": 2,
  "AbortOn": 0
}
