{
  "RunType": "HTTP",
  "Labels": "1pod-samenode-nosidecar-2core-conn4-resp32",
  "StartTime": "2021-03-28T05:49:55.949512668Z",
  "RequestedQPS": "max",
  "RequestedDuration": "1m0s",
  "ActualQPS": 33139.59772338924,
  "ActualDuration": 60000094648,
  "NumThreads": 4,
  "Version": "1.11.3",
  "DurationHistogram": {
    "Count": 1988379,
    "Min": 0.000026177,
    "Max": 0.04955829,
    "Sum": 239.46302952500005,
    "Avg": 0.00012043128071911847,
    "StdDev": 0.001524555367640049,
    "Data": [
      {
        "Start": 0.000026177,
        "End": 0.001,
        "Percent": 99.87658288485244,
        "Count": 1985925
      },
      {
        "Start": 0.001,
        "End": 0.002,
        "Percent": 99.87698522263612,
        "Count": 8
      },
      {
        "Start": 0.002,
        "End": 0.003,
        "Percent": 99.87733726819685,
        "Count": 7
      },
      {
        "Start": 0.003,
        "End": 0.004,
        "Percent": 99.87768931375759,
        "Count": 7
      },
      {
        "Start": 0.004,
        "End": 0.005,
        "Percent": 99.87784019042647,
        "Count": 3
      },
      {
        "Start": 0.005,
        "End": 0.006,
        "Percent": 99.87814194376425,
        "Count": 6
      },
      {
        "Start": 0.006,
        "End": 0.007,
        "Percent": 99.87829282043313,
        "Count": 3
      },
      {
        "Start": 0.007,
        "End": 0.008,
        "Percent": 99.87864486599386,
        "Count": 7
      },
      {
        "Start": 0.008,
        "End": 0.009000000000000001,
        "Percent": 99.87879574266275,
        "Count": 3
      },
      {
        "Start": 0.009000000000000001,
        "End": 0.01,
        "Percent": 99.87889632710866,
        "Count": 2
      },
      {
        "Start": 0.01,
        "End": 0.011,
        "Percent": 99.87904720377755,
        "Count": 3
      },
      {
        "Start": 0.011,
        "End": 0.012,
        "Percent": 99.87909749600051,
        "Count": 1
      },
      {
        "Start": 0.016,
        "End": 0.018000000000000002,
        "Percent": 99.87949983378421,
        "Count": 8
      },
      {
        "Start": 0.02,
        "End": 0.025,
        "Percent": 99.87955012600716,
        "Count": 1
      },
      {
        "Start": 0.025,
        "End": 0.03,
        "Percent": 99.87980158712197,
        "Count": 5
      },
      {
        "Start": 0.03,
        "End": 0.035,
        "Percent": 99.88075713935824,
        "Count": 19
      },
      {
        "Start": 0.035,
        "End": 0.04,
        "Percent": 99.88226590604708,
        "Count": 30
      },
      {
        "Start": 0.04,
        "End": 0.045,
        "Percent": 99.97455213518147,
        "Count": 1835
      },
      {
        "Start": 0.045,
        "End": 0.04955829,
        "Percent": 100,
        "Count": 506
      }
    ],
    "Percentiles": [
      {
        "Percentile": 50,
        "Value": 0.0005136899298178078
      },
      {
        "Percentile": 75,
        "Value": 0.0007574466399080478
      },
      {
        "Percentile": 90,
        "Value": 0.0009037006659621919
      },
      {
        "Percentile": 99,
        "Value": 0.0009914530815946783
      },
      {
        "Percentile": 99.9,
        "Value": 0.040960820163488315
      }
    ]
  },
  "Exactly": 0,
  "Jitter": true,
  "RetCodes": {
    "200": 1988379
  },
  "Sizes": {
    "Count": 1988379,
    "Min": 75,
    "Max": 75,
    "Sum": 149128425,
    "Avg": 75,
    "StdDev": 0,
    "Data": [
      {
        "Start": 75,
        "End": 75,
        "Percent": 100,
        "Count": 1988379
      }
    ],
    "Percentiles": null
  },
  "HeaderSizes": {
    "Count": 1988379,
    "Min": 75,
    "Max": 75,
    "Sum": 149128425,
    "Avg": 75,
    "StdDev": 0,
    "Data": [
      {
        "Start": 75,
        "End": 75,
        "Percent": 100,
        "Count": 1988379
      }
    ],
    "Percentiles": null
  },
  "URL": "http://fortio-server:8080/echo\\?size\\=32",
  "SocketCount": 4,
  "AbortOn": 0
}
