{
  "RunType": "HTTP",
  "Labels": "1pod-samenode-nosidecar-2core-conn5-resp512",
  "StartTime": "2021-03-28T06:04:06.365606798Z",
  "RequestedQPS": "max",
  "RequestedDuration": "1m0s",
  "ActualQPS": 32080.36705781499,
  "ActualDuration": 60000155127,
  "NumThreads": 5,
  "Version": "1.11.3",
  "DurationHistogram": {
    "Count": 1924827,
    "Min": 0.00002638,
    "Max": 0.058745293,
    "Sum": 299.446602437003,
    "Avg": 0.0001555706577458665,
    "StdDev": 0.002155562849160479,
    "Data": [
      {
        "Start": 0.00002638,
        "End": 0.001,
        "Percent": 99.84357035723211,
        "Count": 1921816
      },
      {
        "Start": 0.001,
        "End": 0.002,
        "Percent": 99.84362230995305,
        "Count": 1
      },
      {
        "Start": 0.003,
        "End": 0.004,
        "Percent": 99.843674262674,
        "Count": 1
      },
      {
        "Start": 0.004,
        "End": 0.005,
        "Percent": 99.84377816811589,
        "Count": 2
      },
      {
        "Start": 0.005,
        "End": 0.006,
        "Percent": 99.84383012083683,
        "Count": 1
      },
      {
        "Start": 0.008,
        "End": 0.009000000000000001,
        "Percent": 99.84419378988345,
        "Count": 7
      },
      {
        "Start": 0.009000000000000001,
        "End": 0.01,
        "Percent": 99.8442457426044,
        "Count": 1
      },
      {
        "Start": 0.01,
        "End": 0.011,
        "Percent": 99.84429769532535,
        "Count": 1
      },
      {
        "Start": 0.011,
        "End": 0.012,
        "Percent": 99.84434964804629,
        "Count": 1
      },
      {
        "Start": 0.018000000000000002,
        "End": 0.02,
        "Percent": 99.84440160076724,
        "Count": 1
      },
      {
        "Start": 0.03,
        "End": 0.035,
        "Percent": 99.84445355348818,
        "Count": 1
      },
      {
        "Start": 0.035,
        "End": 0.04,
        "Percent": 99.84455745893007,
        "Count": 2
      },
      {
        "Start": 0.04,
        "End": 0.045,
        "Percent": 99.84471331709291,
        "Count": 3
      },
      {
        "Start": 0.045,
        "End": 0.05,
        "Percent": 99.8450250334186,
        "Count": 6
      },
      {
        "Start": 0.05,
        "End": 0.058745293,
        "Percent": 100,
        "Count": 2983
      }
    ],
    "Percentiles": [
      {
        "Percentile": 50,
        "Value": 0.000513952455335191
      },
      {
        "Percentile": 75,
        "Value": 0.0007577389363102068
      },
      {
        "Percentile": 90,
        "Value": 0.0009040108248952162
      },
      {
        "Percentile": 99,
        "Value": 0.0009917739580462218
      },
      {
        "Percentile": 99.9,
        "Value": 0.05310225710013051
      }
    ]
  },
  "Exactly": 0,
  "Jitter": true,
  "RetCodes": {
    "200": 1924827
  },
  "Sizes": {
    "Count": 1924827,
    "Min": 75,
    "Max": 75,
    "Sum": 144362025,
    "Avg": 75,
    "StdDev": 0,
    "Data": [
      {
        "Start": 75,
        "End": 75,
        "Percent": 100,
        "Count": 1924827
      }
    ],
    "Percentiles": null
  },
  "HeaderSizes": {
    "Count": 1924827,
    "Min": 75,
    "Max": 75,
    "Sum": 144362025,
    "Avg": 75,
    "StdDev": 0,
    "Data": [
      {
        "Start": 75,
        "End": 75,
        "Percent": 100,
        "Count": 1924827
      }
    ],
    "Percentiles": null
  },
  "URL": "http://fortio-server:8080/echo\\?size\\=512",
  "SocketCount": 5,
  "AbortOn": 0
}
