{
  "RunType": "HTTP",
  "Labels": "1pod-samenode-nosidecar-2core-conn4-resp128",
  "StartTime": "2021-03-28T05:56:30.736934797Z",
  "RequestedQPS": "max",
  "RequestedDuration": "1m0s",
  "ActualQPS": 33076.06419994901,
  "ActualDuration": 60000125408,
  "NumThreads": 4,
  "Version": "1.11.3",
  "DurationHistogram": {
    "Count": 1984568,
    "Min": 0.000026236,
    "Max": 0.048084486,
    "Sum": 239.45567753199768,
    "Avg": 0.00012065884239391025,
    "StdDev": 0.0015329325583167022,
    "Data": [
      {
        "Start": 0.000026236,
        "End": 0.001,
        "Percent": 99.87720249444716,
        "Count": 1982131
      },
      {
        "Start": 0.001,
        "End": 0.002,
        "Percent": 99.87735366084709,
        "Count": 3
      },
      {
        "Start": 0.002,
        "End": 0.003,
        "Percent": 99.87750482724704,
        "Count": 3
      },
      {
        "Start": 0.003,
        "End": 0.004,
        "Percent": 99.87765599364698,
        "Count": 3
      },
      {
        "Start": 0.004,
        "End": 0.005,
        "Percent": 99.87780716004693,
        "Count": 3
      },
      {
        "Start": 0.005,
        "End": 0.006,
        "Percent": 99.87800871524685,
        "Count": 4
      },
      {
        "Start": 0.006,
        "End": 0.007,
        "Percent": 99.87805910404683,
        "Count": 1
      },
      {
        "Start": 0.007,
        "End": 0.008,
        "Percent": 99.87826065924675,
        "Count": 4
      },
      {
        "Start": 0.008,
        "End": 0.009000000000000001,
        "Percent": 99.87851260324665,
        "Count": 5
      },
      {
        "Start": 0.009000000000000001,
        "End": 0.01,
        "Percent": 99.87871415844657,
        "Count": 4
      },
      {
        "Start": 0.01,
        "End": 0.011,
        "Percent": 99.87881493604654,
        "Count": 2
      },
      {
        "Start": 0.011,
        "End": 0.012,
        "Percent": 99.87901649124646,
        "Count": 4
      },
      {
        "Start": 0.016,
        "End": 0.018000000000000002,
        "Percent": 99.87906688004644,
        "Count": 1
      },
      {
        "Start": 0.02,
        "End": 0.025,
        "Percent": 99.8791676576464,
        "Count": 2
      },
      {
        "Start": 0.025,
        "End": 0.03,
        "Percent": 99.87946999044628,
        "Count": 6
      },
      {
        "Start": 0.03,
        "End": 0.035,
        "Percent": 99.88027621124597,
        "Count": 16
      },
      {
        "Start": 0.035,
        "End": 0.04,
        "Percent": 99.88158632004547,
        "Count": 26
      },
      {
        "Start": 0.04,
        "End": 0.045,
        "Percent": 99.9685070000121,
        "Count": 1725
      },
      {
        "Start": 0.045,
        "End": 0.048084486,
        "Percent": 100,
        "Count": 625
      }
    ],
    "Percentiles": [
      {
        "Percentile": 50,
        "Value": 0.0005137163687003374
      },
      {
        "Percentile": 75,
        "Value": 0.0007574567986862617
      },
      {
        "Percentile": 90,
        "Value": 0.0009037010566778163
      },
      {
        "Percentile": 99,
        "Value": 0.0009914476114727489
      },
      {
        "Percentile": 99.9,
        "Value": 0.04105922318840607
      }
    ]
  },
  "Exactly": 0,
  "Jitter": true,
  "RetCodes": {
    "200": 1984568
  },
  "Sizes": {
    "Count": 1984568,
    "Min": 75,
    "Max": 75,
    "Sum": 148842600,
    "Avg": 75,
    "StdDev": 0,
    "Data": [
      {
        "Start": 75,
        "End": 75,
        "Percent": 100,
        "Count": 1984568
      }
    ],
    "Percentiles": null
  },
  "HeaderSizes": {
    "Count": 1984568,
    "Min": 75,
    "Max": 75,
    "Sum": 148842600,
    "Avg": 75,
    "StdDev": 0,
    "Data": [
      {
        "Start": 75,
        "End": 75,
        "Percent": 100,
        "Count": 1984568
      }
    ],
    "Percentiles": null
  },
  "URL": "http://fortio-server:8080/echo\\?size\\=128",
  "SocketCount": 4,
  "AbortOn": 0
}
