{
  "RunType": "HTTP",
  "Labels": "1pod-samenode-nosidecar-2core-conn5-resp32",
  "StartTime": "2021-03-28T05:50:56.829674702Z",
  "RequestedQPS": "max",
  "RequestedDuration": "1m0s",
  "ActualQPS": 32136.244043300667,
  "ActualDuration": 60000104474,
  "NumThreads": 5,
  "Version": "1.11.3",
  "DurationHistogram": {
    "Count": 1928178,
    "Min": 0.000026613,
    "Max": 0.05784772,
    "Sum": 299.4486621290012,
    "Avg": 0.00015530135813654196,
    "StdDev": 0.002150302776868317,
    "Data": [
      {
        "Start": 0.000026613,
        "End": 0.001,
        "Percent": 99.84306428140971,
        "Count": 1925152
      },
      {
        "Start": 0.001,
        "End": 0.002,
        "Percent": 99.8435310432958,
        "Count": 9
      },
      {
        "Start": 0.003,
        "End": 0.004,
        "Percent": 99.84363476815938,
        "Count": 2
      },
      {
        "Start": 0.004,
        "End": 0.005,
        "Percent": 99.84368663059116,
        "Count": 1
      },
      {
        "Start": 0.005,
        "End": 0.006,
        "Percent": 99.84399780518189,
        "Count": 6
      },
      {
        "Start": 0.006,
        "End": 0.007,
        "Percent": 99.84415339247725,
        "Count": 3
      },
      {
        "Start": 0.007,
        "End": 0.008,
        "Percent": 99.84425711734083,
        "Count": 2
      },
      {
        "Start": 0.009000000000000001,
        "End": 0.01,
        "Percent": 99.84436084220441,
        "Count": 2
      },
      {
        "Start": 0.01,
        "End": 0.011,
        "Percent": 99.84441270463618,
        "Count": 1
      },
      {
        "Start": 0.035,
        "End": 0.04,
        "Percent": 99.84446456706797,
        "Count": 1
      },
      {
        "Start": 0.04,
        "End": 0.045,
        "Percent": 99.84508691624943,
        "Count": 12
      },
      {
        "Start": 0.045,
        "End": 0.05,
        "Percent": 99.84581299029446,
        "Count": 14
      },
      {
        "Start": 0.05,
        "End": 0.05784772,
        "Percent": 100,
        "Count": 2973
      }
    ],
    "Percentiles": [
      {
        "Percentile": 50,
        "Value": 0.0005140712440837108
      },
      {
        "Percentile": 75,
        "Value": 0.0007578006189335278
      },
      {
        "Percentile": 90,
        "Value": 0.000904038243843418
      },
      {
        "Percentile": 99,
        "Value": 0.0009917808187893521
      },
      {
        "Percentile": 99.9,
        "Value": 0.052757978643067985
      }
    ]
  },
  "Exactly": 0,
  "Jitter": true,
  "RetCodes": {
    "200": 1928178
  },
  "Sizes": {
    "Count": 1928178,
    "Min": 75,
    "Max": 75,
    "Sum": 144613350,
    "Avg": 75,
    "StdDev": 0,
    "Data": [
      {
        "Start": 75,
        "End": 75,
        "Percent": 100,
        "Count": 1928178
      }
    ],
    "Percentiles": null
  },
  "HeaderSizes": {
    "Count": 1928178,
    "Min": 75,
    "Max": 75,
    "Sum": 144613350,
    "Avg": 75,
    "StdDev": 0,
    "Data": [
      {
        "Start": 75,
        "End": 75,
        "Percent": 100,
        "Count": 1928178
      }
    ],
    "Percentiles": null
  },
  "URL": "http://fortio-server:8080/echo\\?size\\=32",
  "SocketCount": 5,
  "AbortOn": 0
}
