{
  "RunType": "HTTP",
  "Labels": "1pod-samenode-nosidecar-2core-conn4-resp1024",
  "StartTime": "2021-03-28T06:09:40.009267338Z",
  "RequestedQPS": "max",
  "RequestedDuration": "1m0s",
  "ActualQPS": 32547.830082474127,
  "ActualDuration": 60013309491,
  "NumThreads": 4,
  "Version": "1.11.3",
  "DurationHistogram": {
    "Count": 1953303,
    "Min": 0.000026311,
    "Max": 0.048371461,
    "Sum": 239.5242598610004,
    "Avg": 0.00012262524547446065,
    "StdDev": 0.0015598701983063675,
    "Data": [
      {
        "Start": 0.000026311,
        "End": 0.001,
        "Percent": 99.87508338440068,
        "Count": 1950863
      },
      {
        "Start": 0.001,
        "End": 0.002,
        "Percent": 99.875339361072,
        "Count": 5
      },
      {
        "Start": 0.002,
        "End": 0.003,
        "Percent": 99.87549294707478,
        "Count": 3
      },
      {
        "Start": 0.003,
        "End": 0.004,
        "Percent": 99.87595370508313,
        "Count": 9
      },
      {
        "Start": 0.004,
        "End": 0.005,
        "Percent": 99.87610729108592,
        "Count": 3
      },
      {
        "Start": 0.005,
        "End": 0.006,
        "Percent": 99.87620968175445,
        "Count": 2
      },
      {
        "Start": 0.006,
        "End": 0.007,
        "Percent": 99.87631207242296,
        "Count": 2
      },
      {
        "Start": 0.007,
        "End": 0.008,
        "Percent": 99.87656804909427,
        "Count": 5
      },
      {
        "Start": 0.008,
        "End": 0.009000000000000001,
        "Percent": 99.87677283043132,
        "Count": 4
      },
      {
        "Start": 0.009000000000000001,
        "End": 0.01,
        "Percent": 99.87697761176837,
        "Count": 4
      },
      {
        "Start": 0.01,
        "End": 0.011,
        "Percent": 99.87702880710263,
        "Count": 1
      },
      {
        "Start": 0.011,
        "End": 0.012,
        "Percent": 99.8770800024369,
        "Count": 1
      },
      {
        "Start": 0.012,
        "End": 0.014,
        "Percent": 99.87713119777116,
        "Count": 1
      },
      {
        "Start": 0.025,
        "End": 0.03,
        "Percent": 99.87723358843968,
        "Count": 2
      },
      {
        "Start": 0.03,
        "End": 0.035,
        "Percent": 99.87805271378788,
        "Count": 16
      },
      {
        "Start": 0.035,
        "End": 0.04,
        "Percent": 99.87928140181016,
        "Count": 24
      },
      {
        "Start": 0.04,
        "End": 0.045,
        "Percent": 99.9514668231196,
        "Count": 1410
      },
      {
        "Start": 0.045,
        "End": 0.048371461,
        "Percent": 100,
        "Count": 948
      }
    ],
    "Percentiles": [
      {
        "Percentile": 50,
        "Value": 0.0005137641610613667
      },
      {
        "Percentile": 75,
        "Value": 0.0007574909911455807
      },
      {
        "Percentile": 90,
        "Value": 0.0009037270891961093
      },
      {
        "Percentile": 99,
        "Value": 0.0009914687480264263
      },
      {
        "Percentile": 99.9,
        "Value": 0.04143509574468154
      }
    ]
  },
  "Exactly": 0,
  "Jitter": true,
  "RetCodes": {
    "200": 1953303
  },
  "Sizes": {
    "Count": 1953303,
    "Min": 75,
    "Max": 75,
    "Sum": 146497725,
    "Avg": 75,
    "StdDev": 0,
    "Data": [
      {
        "Start": 75,
        "End": 75,
        "Percent": 100,
        "Count": 1953303
      }
    ],
    "Percentiles": null
  },
  "HeaderSizes": {
    "Count": 1953303,
    "Min": 75,
    "Max": 75,
    "Sum": 146497725,
    "Avg": 75,
    "StdDev": 0,
    "Data": [
      {
        "Start": 75,
        "End": 75,
        "Percent": 100,
        "Count": 1953303
      }
    ],
    "Percentiles": null
  },
  "URL": "http://fortio-server:8080/echo\\?size\\=1024",
  "SocketCount": 4,
  "AbortOn": 0
}
