{
  "RunType": "HTTP",
  "Labels": "1pod-samenode-nosidecar-2core-conn5-resp2048",
  "StartTime": "2021-03-28T06:17:15.362312981Z",
  "RequestedQPS": "max",
  "RequestedDuration": "1m0s",
  "ActualQPS": 31724.62245484033,
  "ActualDuration": 60000115138,
  "NumThreads": 5,
  "Version": "1.11.3",
  "DurationHistogram": {
    "Count": 1903481,
    "Min": 0.000026447,
    "Max": 0.058444267,
    "Sum": 299.47028346800005,
    "Avg": 0.00015732769776425403,
    "StdDev": 0.002173009646289325,
    "Data": [
      {
        "Start": 0.000026447,
        "End": 0.001,
        "Percent": 99.84013499478061,
        "Count": 1900438
      },
      {
        "Start": 0.001,
        "End": 0.002,
        "Percent": 99.84087048938235,
        "Count": 14
      },
      {
        "Start": 0.002,
        "End": 0.003,
        "Percent": 99.84092302471105,
        "Count": 1
      },
      {
        "Start": 0.003,
        "End": 0.004,
        "Percent": 99.8412907720119,
        "Count": 7
      },
      {
        "Start": 0.005,
        "End": 0.006,
        "Percent": 99.84150091332668,
        "Count": 4
      },
      {
        "Start": 0.006,
        "End": 0.007,
        "Percent": 99.84186866062755,
        "Count": 7
      },
      {
        "Start": 0.007,
        "End": 0.008,
        "Percent": 99.84202626661364,
        "Count": 3
      },
      {
        "Start": 0.008,
        "End": 0.009000000000000001,
        "Percent": 99.84213133727103,
        "Count": 2
      },
      {
        "Start": 0.012,
        "End": 0.014,
        "Percent": 99.84265669055799,
        "Count": 10
      },
      {
        "Start": 0.035,
        "End": 0.04,
        "Percent": 99.84270922588668,
        "Count": 1
      },
      {
        "Start": 0.04,
        "End": 0.045,
        "Percent": 99.84365486180319,
        "Count": 18
      },
      {
        "Start": 0.045,
        "End": 0.05,
        "Percent": 99.84418021509015,
        "Count": 10
      },
      {
        "Start": 0.05,
        "End": 0.058444267,
        "Percent": 100,
        "Count": 2966
      }
    ],
    "Percentiles": [
      {
        "Percentile": 50,
        "Value": 0.000514002675585931
      },
      {
        "Percentile": 75,
        "Value": 0.0007577807695181425
      },
      {
        "Percentile": 90,
        "Value": 0.0009040476258774693
      },
      {
        "Percentile": 99,
        "Value": 0.0009918077396930654
      },
      {
        "Percentile": 99.9,
        "Value": 0.053025014878143414
      }
    ]
  },
  "Exactly": 0,
  "Jitter": true,
  "RetCodes": {
    "200": 1903481
  },
  "Sizes": {
    "Count": 1903481,
    "Min": 75,
    "Max": 75,
    "Sum": 142761075,
    "Avg": 75,
    "StdDev": 0,
    "Data": [
      {
        "Start": 75,
        "End": 75,
        "Percent": 100,
        "Count": 1903481
      }
    ],
    "Percentiles": null
  },
  "HeaderSizes": {
    "Count": 1903481,
    "Min": 75,
    "Max": 75,
    "Sum": 142761075,
    "Avg": 75,
    "StdDev": 0,
    "Data": [
      {
        "Start": 75,
        "End": 75,
        "Percent": 100,
        "Count": 1903481
      }
    ],
    "Percentiles": null
  },
  "URL": "http://fortio-server:8080/echo\\?size\\=2048",
  "SocketCount": 5,
  "AbortOn": 0
}
