{
  "RunType": "HTTP",
  "Labels": "1pod-samenode-nosidecar-2core-conn6-resp32",
  "StartTime": "2021-03-28T05:51:57.823564305Z",
  "RequestedQPS": "max",
  "RequestedDuration": "1m0s",
  "ActualQPS": 30548.85633692627,
  "ActualDuration": 60000216695,
  "NumThreads": 6,
  "Version": "1.11.3",
  "DurationHistogram": {
    "Count": 1832938,
    "Min": 0.00002694,
    "Max": 0.066174738,
    "Sum": 359.46007498999734,
    "Avg": 0.0001961114205663243,
    "StdDev": 0.0027517512937982732,
    "Data": [
      {
        "Start": 0.00002694,
        "End": 0.001,
        "Percent": 99.80255742420093,
        "Count": 1829319
      },
      {
        "Start": 0.001,
        "End": 0.002,
        "Percent": 99.80304843917251,
        "Count": 9
      },
      {
        "Start": 0.003,
        "End": 0.004,
        "Percent": 99.80315755361065,
        "Count": 2
      },
      {
        "Start": 0.004,
        "End": 0.005,
        "Percent": 99.80326666804878,
        "Count": 2
      },
      {
        "Start": 0.005,
        "End": 0.006,
        "Percent": 99.80348489692504,
        "Count": 4
      },
      {
        "Start": 0.007,
        "End": 0.008,
        "Percent": 99.80359401136317,
        "Count": 2
      },
      {
        "Start": 0.05,
        "End": 0.06,
        "Percent": 99.80670377284993,
        "Count": 57
      },
      {
        "Start": 0.06,
        "End": 0.066174738,
        "Percent": 100,
        "Count": 3543
      }
    ],
    "Percentiles": [
      {
        "Percentile": 50,
        "Value": 0.0005144322523475962
      },
      {
        "Percentile": 75,
        "Value": 0.0007581786444839006
      },
      {
        "Percentile": 90,
        "Value": 0.0009044264797656832
      },
      {
        "Percentile": 99,
        "Value": 0.0009921751809347527
      },
      {
        "Percentile": 99.9,
        "Value": 0.06298029489521777
      }
    ]
  },
  "Exactly": 0,
  "Jitter": true,
  "RetCodes": {
    "200": 1832938
  },
  "Sizes": {
    "Count": 1832938,
    "Min": 75,
    "Max": 75,
    "Sum": 137470350,
    "Avg": 75,
    "StdDev": 0,
    "Data": [
      {
        "Start": 75,
        "End": 75,
        "Percent": 100,
        "Count": 1832938
      }
    ],
    "Percentiles": null
  },
  "HeaderSizes": {
    "Count": 1832938,
    "Min": 75,
    "Max": 75,
    "Sum": 137470350,
    "Avg": 75,
    "StdDev": 0,
    "Data": [
      {
        "Start": 75,
        "End": 75,
        "Percent": 100,
        "Count": 1832938
      }
    ],
    "Percentiles": null
  },
  "URL": "http://fortio-server:8080/echo\\?size\\=32",
  "SocketCount": 6,
  "AbortOn": 0
}
