{
  "RunType": "HTTP",
  "Labels": "1pod-samenode-nosidecar-2core-conn6-resp2048",
  "StartTime": "2021-03-28T06:18:15.977684071Z",
  "RequestedQPS": "max",
  "RequestedDuration": "1m0s",
  "ActualQPS": 30153.650608919474,
  "ActualDuration": 60046228680,
  "NumThreads": 6,
  "Version": "1.11.3",
  "DurationHistogram": {
    "Count": 1810613,
    "Min": 0.000026817,
    "Max": 0.064984706,
    "Sum": 359.73613152199914,
    "Avg": 0.00019868195551561772,
    "StdDev": 0.0027778355876842617,
    "Data": [
      {
        "Start": 0.000026817,
        "End": 0.001,
        "Percent": 99.79957064264975,
        "Count": 1806984
      },
      {
        "Start": 0.001,
        "End": 0.002,
        "Percent": 99.80006771187438,
        "Count": 9
      },
      {
        "Start": 0.002,
        "End": 0.003,
        "Percent": 99.80012294178822,
        "Count": 1
      },
      {
        "Start": 0.003,
        "End": 0.004,
        "Percent": 99.80023340161591,
        "Count": 2
      },
      {
        "Start": 0.005,
        "End": 0.006,
        "Percent": 99.8004543212713,
        "Count": 4
      },
      {
        "Start": 0.006,
        "End": 0.007,
        "Percent": 99.80050955118516,
        "Count": 1
      },
      {
        "Start": 0.007,
        "End": 0.008,
        "Percent": 99.800564781099,
        "Count": 1
      },
      {
        "Start": 0.008,
        "End": 0.009000000000000001,
        "Percent": 99.80089616058208,
        "Count": 6
      },
      {
        "Start": 0.009000000000000001,
        "End": 0.01,
        "Percent": 99.80100662040978,
        "Count": 2
      },
      {
        "Start": 0.01,
        "End": 0.011,
        "Percent": 99.80106185032362,
        "Count": 1
      },
      {
        "Start": 0.012,
        "End": 0.014,
        "Percent": 99.80111708023746,
        "Count": 1
      },
      {
        "Start": 0.014,
        "End": 0.016,
        "Percent": 99.80117231015132,
        "Count": 1
      },
      {
        "Start": 0.04,
        "End": 0.045,
        "Percent": 99.80128276997901,
        "Count": 2
      },
      {
        "Start": 0.045,
        "End": 0.05,
        "Percent": 99.8013932298067,
        "Count": 2
      },
      {
        "Start": 0.05,
        "End": 0.06,
        "Percent": 99.80470702463751,
        "Count": 60
      },
      {
        "Start": 0.06,
        "End": 0.064984706,
        "Percent": 100,
        "Count": 3536
      }
    ],
    "Percentiles": [
      {
        "Percentile": 50,
        "Value": 0.0005143854621308003
      },
      {
        "Percentile": 75,
        "Value": 0.0007581699624801396
      },
      {
        "Percentile": 90,
        "Value": 0.0009044406626897431
      },
      {
        "Percentile": 99,
        "Value": 0.0009922030828155052
      },
      {
        "Percentile": 99.9,
        "Value": 0.062432281371952114
      }
    ]
  },
  "Exactly": 0,
  "Jitter": true,
  "RetCodes": {
    "200": 1810613
  },
  "Sizes": {
    "Count": 1810613,
    "Min": 75,
    "Max": 75,
    "Sum": 135795975,
    "Avg": 75,
    "StdDev": 0,
    "Data": [
      {
        "Start": 75,
        "End": 75,
        "Percent": 100,
        "Count": 1810613
      }
    ],
    "Percentiles": null
  },
  "HeaderSizes": {
    "Count": 1810613,
    "Min": 75,
    "Max": 75,
    "Sum": 135795975,
    "Avg": 75,
    "StdDev": 0,
    "Data": [
      {
        "Start": 75,
        "End": 75,
        "Percent": 100,
        "Count": 1810613
      }
    ],
    "Percentiles": null
  },
  "URL": "http://fortio-server:8080/echo\\?size\\=2048",
  "SocketCount": 6,
  "AbortOn": 0
}
