{
  "RunType": "HTTP",
  "Labels": "1pod-samenode-nosidecar-2core-conn5-resp1024",
  "StartTime": "2021-03-28T06:10:40.861620433Z",
  "RequestedQPS": "max",
  "RequestedDuration": "1m0s",
  "ActualQPS": 31740.68927816525,
  "ActualDuration": 60000366826,
  "NumThreads": 5,
  "Version": "1.11.3",
  "DurationHistogram": {
    "Count": 1904453,
    "Min": 0.00002662,
    "Max": 0.058859946,
    "Sum": 299.4632643750033,
    "Avg": 0.00015724371479632383,
    "StdDev": 0.0021757642815491162,
    "Data": [
      {
        "Start": 0.00002662,
        "End": 0.001,
        "Percent": 99.84163431704536,
        "Count": 1901437
      },
      {
        "Start": 0.001,
        "End": 0.002,
        "Percent": 99.84179184259207,
        "Count": 3
      },
      {
        "Start": 0.002,
        "End": 0.003,
        "Percent": 99.84184435110764,
        "Count": 1
      },
      {
        "Start": 0.005,
        "End": 0.006,
        "Percent": 99.84205438516992,
        "Count": 4
      },
      {
        "Start": 0.006,
        "End": 0.007,
        "Percent": 99.8422644192322,
        "Count": 4
      },
      {
        "Start": 0.007,
        "End": 0.008,
        "Percent": 99.84231692774776,
        "Count": 1
      },
      {
        "Start": 0.008,
        "End": 0.009000000000000001,
        "Percent": 99.84236943626333,
        "Count": 1
      },
      {
        "Start": 0.009000000000000001,
        "End": 0.01,
        "Percent": 99.84242194477889,
        "Count": 1
      },
      {
        "Start": 0.01,
        "End": 0.011,
        "Percent": 99.84247445329446,
        "Count": 1
      },
      {
        "Start": 0.014,
        "End": 0.016,
        "Percent": 99.8427369958723,
        "Count": 5
      },
      {
        "Start": 0.04,
        "End": 0.045,
        "Percent": 99.84326208102799,
        "Count": 10
      },
      {
        "Start": 0.045,
        "End": 0.05,
        "Percent": 99.8435771321214,
        "Count": 6
      },
      {
        "Start": 0.05,
        "End": 0.058859946,
        "Percent": 100,
        "Count": 2979
      }
    ],
    "Percentiles": [
      {
        "Percentile": 50,
        "Value": 0.0005140817169286793
      },
      {
        "Percentile": 75,
        "Value": 0.0007578128313521992
      },
      {
        "Percentile": 90,
        "Value": 0.0009040515000063111
      },
      {
        "Percentile": 99,
        "Value": 0.0009917947011987783
      },
      {
        "Percentile": 99.9,
        "Value": 0.05319584706091425
      }
    ]
  },
  "Exactly": 0,
  "Jitter": true,
  "RetCodes": {
    "200": 1904453
  },
  "Sizes": {
    "Count": 1904453,
    "Min": 75,
    "Max": 75,
    "Sum": 142833975,
    "Avg": 75,
    "StdDev": 0,
    "Data": [
      {
        "Start": 75,
        "End": 75,
        "Percent": 100,
        "Count": 1904453
      }
    ],
    "Percentiles": null
  },
  "HeaderSizes": {
    "Count": 1904453,
    "Min": 75,
    "Max": 75,
    "Sum": 142833975,
    "Avg": 75,
    "StdDev": 0,
    "Data": [
      {
        "Start": 75,
        "End": 75,
        "Percent": 100,
        "Count": 1904453
      }
    ],
    "Percentiles": null
  },
  "URL": "http://fortio-server:8080/echo\\?size\\=1024",
  "SocketCount": 5,
  "AbortOn": 0
}
