{
  "RunType": "HTTP",
  "Labels": "1pod-samenode-nosidecar-2core-conn6-resp512",
  "StartTime": "2021-03-28T06:05:07.025949255Z",
  "RequestedQPS": "max",
  "RequestedDuration": "1m0s",
  "ActualQPS": 30288.458528855244,
  "ActualDuration": 60000181200,
  "NumThreads": 6,
  "Version": "1.11.3",
  "DurationHistogram": {
    "Count": 1817313,
    "Min": 0.000026914,
    "Max": 0.065588235,
    "Sum": 359.461046660002,
    "Avg": 0.00019779809348197146,
    "StdDev": 0.002772825625799841,
    "Data": [
      {
        "Start": 0.000026914,
        "End": 0.001,
        "Percent": 99.80107994605223,
        "Count": 1813698
      },
      {
        "Start": 0.001,
        "End": 0.002,
        "Percent": 99.80146513011242,
        "Count": 7
      },
      {
        "Start": 0.004,
        "End": 0.005,
        "Percent": 99.80163020899536,
        "Count": 3
      },
      {
        "Start": 0.005,
        "End": 0.006,
        "Percent": 99.80168523528968,
        "Count": 1
      },
      {
        "Start": 0.007,
        "End": 0.008,
        "Percent": 99.801740261584,
        "Count": 1
      },
      {
        "Start": 0.008,
        "End": 0.009000000000000001,
        "Percent": 99.8017952878783,
        "Count": 1
      },
      {
        "Start": 0.009000000000000001,
        "End": 0.01,
        "Percent": 99.80185031417263,
        "Count": 1
      },
      {
        "Start": 0.016,
        "End": 0.018000000000000002,
        "Percent": 99.80190534046694,
        "Count": 1
      },
      {
        "Start": 0.04,
        "End": 0.045,
        "Percent": 99.80196036676125,
        "Count": 1
      },
      {
        "Start": 0.045,
        "End": 0.05,
        "Percent": 99.80201539305557,
        "Count": 1
      },
      {
        "Start": 0.05,
        "End": 0.06,
        "Percent": 99.80504183924288,
        "Count": 55
      },
      {
        "Start": 0.06,
        "End": 0.065588235,
        "Percent": 100,
        "Count": 3543
      }
    ],
    "Percentiles": [
      {
        "Percentile": 50,
        "Value": 0.0005144264929208132
      },
      {
        "Percentile": 75,
        "Value": 0.0007581830076415741
      },
      {
        "Percentile": 90,
        "Value": 0.0009044369164740307
      },
      {
        "Percentile": 99,
        "Value": 0.0009921892617735047
      },
      {
        "Percentile": 99.9,
        "Value": 0.06272185845115606
      }
    ]
  },
  "Exactly": 0,
  "Jitter": true,
  "RetCodes": {
    "200": 1817313
  },
  "Sizes": {
    "Count": 1817313,
    "Min": 75,
    "Max": 75,
    "Sum": 136298475,
    "Avg": 75,
    "StdDev": 0,
    "Data": [
      {
        "Start": 75,
        "End": 75,
        "Percent": 100,
        "Count": 1817313
      }
    ],
    "Percentiles": null
  },
  "HeaderSizes": {
    "Count": 1817313,
    "Min": 75,
    "Max": 75,
    "Sum": 136298475,
    "Avg": 75,
    "StdDev": 0,
    "Data": [
      {
        "Start": 75,
        "End": 75,
        "Percent": 100,
        "Count": 1817313
      }
    ],
    "Percentiles": null
  },
  "URL": "http://fortio-server:8080/echo\\?size\\=512",
  "SocketCount": 6,
  "AbortOn": 0
}
