{
  "RunType": "HTTP",
  "Labels": "1pod-samenode-nosidecar-2core-conn1-resp1024",
  "StartTime": "2021-03-28T06:06:37.991315539Z",
  "RequestedQPS": "max",
  "RequestedDuration": "1m0s",
  "ActualQPS": 17859.755129505695,
  "ActualDuration": 60000094751,
  "NumThreads": 1,
  "Version": "1.11.3",
  "DurationHistogram": {
    "Count": 1071587,
    "Min": 0.000036928,
    "Max": 0.001469945,
    "Sum": 59.7750120619999,
    "Avg": 0.00005578176299451179,
    "StdDev": 0.000012938238347581596,
    "Data": [
      {
        "Start": 0.000036928,
        "End": 0.001,
        "Percent": 99.99972004139654,
        "Count": 1071584
      },
      {
        "Start": 0.001,
        "End": 0.001469945,
        "Percent": 100,
        "Count": 3
      }
    ],
    "Percentiles": [
      {
        "Percentile": 50,
        "Value": 0.000518464898737662
      },
      {
        "Percentile": 75,
        "Value": 0.0007592337974753238
      },
      {
        "Percentile": 90,
        "Value": 0.0009036951367179211
      },
      {
        "Percentile": 99,
        "Value": 0.0009903719402634794
      },
      {
        "Percentile": 99.9,
        "Value": 0.0009990396206180352
      }
    ]
  },
  "Exactly": 0,
  "Jitter": true,
  "RetCodes": {
    "200": 1071587
  },
  "Sizes": {
    "Count": 1071587,
    "Min": 75,
    "Max": 75,
    "Sum": 80369025,
    "Avg": 75,
    "StdDev": 0,
    "Data": [
      {
        "Start": 75,
        "End": 75,
        "Percent": 100,
        "Count": 1071587
      }
    ],
    "Percentiles": null
  },
  "HeaderSizes": {
    "Count": 1071587,
    "Min": 75,
    "Max": 75,
    "Sum": 80369025,
    "Avg": 75,
    "StdDev": 0,
    "Data": [
      {
        "Start": 75,
        "End": 75,
        "Percent": 100,
        "Count": 1071587
      }
    ],
    "Percentiles": null
  },
  "URL": "http://fortio-server:8080/echo\\?size\\=1024",
  "SocketCount": 1,
  "AbortOn": 0
}
