{
  "RunType": "HTTP",
  "Labels": "1pod-diffnode-nosidecar-maxcore-conn19-resp1024",
  "StartTime": "2021-03-28T04:43:36.146298279Z",
  "RequestedQPS": "max",
  "RequestedDuration": "1m0s",
  "ActualQPS": 82251.73517703361,
  "ActualDuration": 60000545756,
  "NumThreads": 19,
  "Version": "1.11.3",
  "DurationHistogram": {
    "Count": 4935149,
    "Min": 0.000076097,
    "Max": 0.003114544,
    "Sum": 1138.572672019006,
    "Avg": 0.00023070684836851043,
    "StdDev": 0.00011058283119650921,
    "Data": [
      {
        "Start": 0.000076097,
        "End": 0.001,
        "Percent": 99.97856194412772,
        "Count": 4934091
      },
      {
        "Start": 0.001,
        "End": 0.002,
        "Percent": 99.99904764780152,
        "Count": 1011
      },
      {
        "Start": 0.002,
        "End": 0.003,
        "Percent": 99.9998176346854,
        "Count": 38
      },
      {
        "Start": 0.003,
        "End": 0.003114544,
        "Percent": 100,
        "Count": 9
      }
    ],
    "Percentiles": [
      {
        "Percentile": 50,
        "Value": 0.0005381474610516834
      },
      {
        "Percentile": 75,
        "Value": 0.0007691727852019826
      },
      {
        "Percentile": 90,
        "Value": 0.0009077879796921621
      },
      {
        "Percentile": 99,
        "Value": 0.0009909570963862698
      },
      {
        "Percentile": 99.9,
        "Value": 0.0009992740080556806
      }
    ]
  },
  "Exactly": 0,
  "Jitter": true,
  "RetCodes": {
    "200": 4935149
  },
  "Sizes": {
    "Count": 4935149,
    "Min": 75,
    "Max": 75,
    "Sum": 370136175,
    "Avg": 75,
    "StdDev": 0,
    "Data": [
      {
        "Start": 75,
        "End": 75,
        "Percent": 100,
        "Count": 4935149
      }
    ],
    "Percentiles": null
  },
  "HeaderSizes": {
    "Count": 4935149,
    "Min": 75,
    "Max": 75,
    "Sum": 370136175,
    "Avg": 75,
    "StdDev": 0,
    "Data": [
      {
        "Start": 75,
        "End": 75,
        "Percent": 100,
        "Count": 4935149
      }
    ],
    "Percentiles": null
  },
  "URL": "http://fortio-server:8080/echo\\?size\\=1024",
  "SocketCount": 19,
  "AbortOn": 0
}
