{
  "RunType": "HTTP",
  "Labels": "1pod-diffnode-nosidecar-maxcore-conn9-resp512",
  "StartTime": "2021-03-28T04:13:43.056318457Z",
  "RequestedQPS": "max",
  "RequestedDuration": "1m0s",
  "ActualQPS": 64797.81188938165,
  "ActualDuration": 60000189615,
  "NumThreads": 9,
  "Version": "1.11.3",
  "DurationHistogram": {
    "Count": 3887881,
    "Min": 0.000071739,
    "Max": 0.003234654,
    "Sum": 538.9031327770011,
    "Avg": 0.0001386110153003657,
    "StdDev": 0.00004639025031583467,
    "Data": [
      {
        "Start": 0.000071739,
        "End": 0.001,
        "Percent": 99.99356976203747,
        "Count": 3887631
      },
      {
        "Start": 0.001,
        "End": 0.002,
        "Percent": 99.99837958003344,
        "Count": 187
      },
      {
        "Start": 0.002,
        "End": 0.003,
        "Percent": 99.99976851143334,
        "Count": 54
      },
      {
        "Start": 0.003,
        "End": 0.003234654,
        "Percent": 100,
        "Count": 9
      }
    ],
    "Percentiles": [
      {
        "Percentile": 50,
        "Value": 0.0005358992272360025
      },
      {
        "Percentile": 75,
        "Value": 0.0007679794602404935
      },
      {
        "Percentile": 90,
        "Value": 0.0009072276000431883
      },
      {
        "Percentile": 99,
        "Value": 0.000990776483924805
      },
      {
        "Percentile": 99.9,
        "Value": 0.0009991313723129668
      }
    ]
  },
  "Exactly": 0,
  "Jitter": true,
  "RetCodes": {
    "200": 3887881
  },
  "Sizes": {
    "Count": 3887881,
    "Min": 75,
    "Max": 75,
    "Sum": 291591075,
    "Avg": 75,
    "StdDev": 0,
    "Data": [
      {
        "Start": 75,
        "End": 75,
        "Percent": 100,
        "Count": 3887881
      }
    ],
    "Percentiles": null
  },
  "HeaderSizes": {
    "Count": 3887881,
    "Min": 75,
    "Max": 75,
    "Sum": 291591075,
    "Avg": 75,
    "StdDev": 0,
    "Data": [
      {
        "Start": 75,
        "End": 75,
        "Percent": 100,
        "Count": 3887881
      }
    ],
    "Percentiles": null
  },
  "URL": "http://fortio-server:8080/echo\\?size\\=512",
  "SocketCount": 9,
  "AbortOn": 0
}
