{
  "RunType": "HTTP",
  "Labels": "1pod-diffnode-nosidecar-maxcore-conn5-resp2048",
  "StartTime": "2021-03-28T04:50:10.688818945Z",
  "RequestedQPS": "max",
  "RequestedDuration": "1m0s",
  "ActualQPS": 41255.77674976261,
  "ActualDuration": 60000203487,
  "NumThreads": 5,
  "Version": "1.11.3",
  "DurationHistogram": {
    "Count": 2475355,
    "Min": 0.00007223,
    "Max": 0.002469065,
    "Sum": 299.3938409799996,
    "Avg": 0.00012094986011299372,
    "StdDev": 0.00003055377911800645,
    "Data": [
      {
        "Start": 0.00007223,
        "End": 0.001,
        "Percent": 99.996040971901,
        "Count": 2475257
      },
      {
        "Start": 0.001,
        "End": 0.002,
        "Percent": 99.99931322981956,
        "Count": 81
      },
      {
        "Start": 0.002,
        "End": 0.002469065,
        "Percent": 100,
        "Count": 17
      }
    ],
    "Percentiles": [
      {
        "Percentile": 50,
        "Value": 0.0005361331786631363
      },
      {
        "Percentile": 75,
        "Value": 0.0007680849554036026
      },
      {
        "Percentile": 90,
        "Value": 0.0009072560214478827
      },
      {
        "Percentile": 99,
        "Value": 0.0009907586610744506
      },
      {
        "Percentile": 99.9,
        "Value": 0.0009991089250371075
      }
    ]
  },
  "Exactly": 0,
  "Jitter": true,
  "RetCodes": {
    "200": 2475355
  },
  "Sizes": {
    "Count": 2475355,
    "Min": 75,
    "Max": 75,
    "Sum": 185651625,
    "Avg": 75,
    "StdDev": 0,
    "Data": [
      {
        "Start": 75,
        "End": 75,
        "Percent": 100,
        "Count": 2475355
      }
    ],
    "Percentiles": null
  },
  "HeaderSizes": {
    "Count": 2475355,
    "Min": 75,
    "Max": 75,
    "Sum": 185651625,
    "Avg": 75,
    "StdDev": 0,
    "Data": [
      {
        "Start": 75,
        "End": 75,
        "Percent": 100,
        "Count": 2475355
      }
    ],
    "Percentiles": null
  },
  "URL": "http://fortio-server:8080/echo\\?size\\=2048",
  "SocketCount": 5,
  "AbortOn": 0
}
