{
  "RunType": "HTTP",
  "Labels": "1pod-diffnode-nosidecar-maxcore-conn10-resp1024",
  "StartTime": "2021-03-28T04:34:29.181177468Z",
  "RequestedQPS": "max",
  "RequestedDuration": "1m0s",
  "ActualQPS": 68892.44060443433,
  "ActualDuration": 60000167852,
  "NumThreads": 10,
  "Version": "1.11.3",
  "DurationHistogram": {
    "Count": 4133558,
    "Min": 0.00007305,
    "Max": 0.00974448,
    "Sum": 598.8497793979948,
    "Avg": 0.00014487513647999973,
    "StdDev": 0.00005301724224203169,
    "Data": [
      {
        "Start": 0.00007305,
        "End": 0.001,
        "Percent": 99.99310521347469,
        "Count": 4133273
      },
      {
        "Start": 0.001,
        "End": 0.002,
        "Percent": 99.99951615533156,
        "Count": 265
      },
      {
        "Start": 0.002,
        "End": 0.003,
        "Percent": 99.99975807766577,
        "Count": 10
      },
      {
        "Start": 0.009000000000000001,
        "End": 0.00974448,
        "Percent": 100,
        "Count": 10
      }
    ],
    "Percentiles": [
      {
        "Percentile": 50,
        "Value": 0.0005365568456902909
      },
      {
        "Percentile": 75,
        "Value": 0.0007683103806681486
      },
      {
        "Percentile": 90,
        "Value": 0.0009073625016548633
      },
      {
        "Percentile": 99,
        "Value": 0.000990793774246892
      },
      {
        "Percentile": 99.9,
        "Value": 0.0009991369015060951
      }
    ]
  },
  "Exactly": 0,
  "Jitter": true,
  "RetCodes": {
    "200": 4133558
  },
  "Sizes": {
    "Count": 4133558,
    "Min": 75,
    "Max": 75,
    "Sum": 310016850,
    "Avg": 75,
    "StdDev": 0,
    "Data": [
      {
        "Start": 75,
        "End": 75,
        "Percent": 100,
        "Count": 4133558
      }
    ],
    "Percentiles": null
  },
  "HeaderSizes": {
    "Count": 4133558,
    "Min": 75,
    "Max": 75,
    "Sum": 310016850,
    "Avg": 75,
    "StdDev": 0,
    "Data": [
      {
        "Start": 75,
        "End": 75,
        "Percent": 100,
        "Count": 4133558
      }
    ],
    "Percentiles": null
  },
  "URL": "http://fortio-server:8080/echo\\?size\\=1024",
  "SocketCount": 10,
  "AbortOn": 0
}
