{
  "RunType": "HTTP",
  "Labels": "1pod-diffnode-nosidecar-maxcore-conn6-resp128",
  "StartTime": "2021-03-28T03:49:56.30561122Z",
  "RequestedQPS": "max",
  "RequestedDuration": "1m0s",
  "ActualQPS": 48224.365055040646,
  "ActualDuration": 60000147160,
  "NumThreads": 6,
  "Version": "1.11.3",
  "DurationHistogram": {
    "Count": 2893469,
    "Min": 0.000072694,
    "Max": 0.005701316,
    "Sum": 359.22983945600066,
    "Avg": 0.00012415195720292863,
    "StdDev": 0.000035083789412637156,
    "Data": [
      {
        "Start": 0.000072694,
        "End": 0.001,
        "Percent": 99.9955071231107,
        "Count": 2893339
      },
      {
        "Start": 0.001,
        "End": 0.002,
        "Percent": 99.9997580758598,
        "Count": 123
      },
      {
        "Start": 0.002,
        "End": 0.003,
        "Percent": 99.99979263645126,
        "Count": 1
      },
      {
        "Start": 0.005,
        "End": 0.005701316,
        "Percent": 100,
        "Count": 6
      }
    ],
    "Percentiles": [
      {
        "Percentile": 50,
        "Value": 0.0005363676720531788
      },
      {
        "Percentile": 75,
        "Value": 0.0007682046683282424
      },
      {
        "Percentile": 90,
        "Value": 0.0009073068660932805
      },
      {
        "Percentile": 99,
        "Value": 0.0009907681847523035
      },
      {
        "Percentile": 99.9,
        "Value": 0.000999114316618206
      }
    ]
  },
  "Exactly": 0,
  "Jitter": true,
  "RetCodes": {
    "200": 2893469
  },
  "Sizes": {
    "Count": 2893469,
    "Min": 75,
    "Max": 75,
    "Sum": 217010175,
    "Avg": 75,
    "StdDev": 0,
    "Data": [
      {
        "Start": 75,
        "End": 75,
        "Percent": 100,
        "Count": 2893469
      }
    ],
    "Percentiles": null
  },
  "HeaderSizes": {
    "Count": 2893469,
    "Min": 75,
    "Max": 75,
    "Sum": 217010175,
    "Avg": 75,
    "StdDev": 0,
    "Data": [
      {
        "Start": 75,
        "End": 75,
        "Percent": 100,
        "Count": 2893469
      }
    ],
    "Percentiles": null
  },
  "URL": "http://fortio-server:8080/echo\\?size\\=128",
  "SocketCount": 6,
  "AbortOn": 0
}
