{
  "RunType": "HTTP",
  "Labels": "1pod-diffnode-nosidecar-maxcore-conn4-resp1024",
  "StartTime": "2021-03-28T04:28:25.184029253Z",
  "RequestedQPS": "max",
  "RequestedDuration": "1m0s",
  "ActualQPS": 33804.89242043719,
  "ActualDuration": 60000190942,
  "NumThreads": 4,
  "Version": "1.11.3",
  "DurationHistogram": {
    "Count": 2028300,
    "Min": 0.000073559,
    "Max": 0.001549982,
    "Sum": 239.53099735599955,
    "Avg": 0.0001180944620401319,
    "StdDev": 0.000025847106280009084,
    "Data": [
      {
        "Start": 0.000073559,
        "End": 0.001,
        "Percent": 99.9987674407139,
        "Count": 2028275
      },
      {
        "Start": 0.001,
        "End": 0.001549982,
        "Percent": 100,
        "Count": 25
      }
    ],
    "Percentiles": [
      {
        "Percentile": 50,
        "Value": 0.0005367849811588573
      },
      {
        "Percentile": 75,
        "Value": 0.000768398200119905
      },
      {
        "Percentile": 90,
        "Value": 0.0009073661314965334
      },
      {
        "Percentile": 99,
        "Value": 0.0009907468903225106
      },
      {
        "Percentile": 99.9,
        "Value": 0.0009990849662051085
      }
    ]
  },
  "Exactly": 0,
  "Jitter": true,
  "RetCodes": {
    "200": 2028300
  },
  "Sizes": {
    "Count": 2028300,
    "Min": 75,
    "Max": 75,
    "Sum": 152122500,
    "Avg": 75,
    "StdDev": 0,
    "Data": [
      {
        "Start": 75,
        "End": 75,
        "Percent": 100,
        "Count": 2028300
      }
    ],
    "Percentiles": null
  },
  "HeaderSizes": {
    "Count": 2028300,
    "Min": 75,
    "Max": 75,
    "Sum": 152122500,
    "Avg": 75,
    "StdDev": 0,
    "Data": [
      {
        "Start": 75,
        "End": 75,
        "Percent": 100,
        "Count": 2028300
      }
    ],
    "Percentiles": null
  },
  "URL": "http://fortio-server:8080/echo\\?size\\=1024",
  "SocketCount": 4,
  "AbortOn": 0
}
