{
  "RunType": "HTTP",
  "Labels": "1pod-diffnode-nosidecar-maxcore-conn20-resp32",
  "StartTime": "2021-03-28T03:43:21.73927601Z",
  "RequestedQPS": "max",
  "RequestedDuration": "1m0s",
  "ActualQPS": 82415.61607714248,
  "ActualDuration": 60000328037,
  "NumThreads": 20,
  "Version": "1.11.3",
  "DurationHistogram": {
    "Count": 4944964,
    "Min": 0.000077511,
    "Max": 0.006518395,
    "Sum": 1198.516455130002,
    "Avg": 0.0002423711184004579,
    "StdDev": 0.00011732012344193706,
    "Data": [
      {
        "Start": 0.000077511,
        "End": 0.001,
        "Percent": 99.97658223598796,
        "Count": 4943806
      },
      {
        "Start": 0.001,
        "End": 0.002,
        "Percent": 99.99807885355688,
        "Count": 1063
      },
      {
        "Start": 0.002,
        "End": 0.003,
        "Percent": 99.99878664435171,
        "Count": 35
      },
      {
        "Start": 0.004,
        "End": 0.005,
        "Percent": 99.99919109623447,
        "Count": 20
      },
      {
        "Start": 0.006,
        "End": 0.006518395,
        "Percent": 100,
        "Count": 40
      }
    ],
    "Percentiles": [
      {
        "Percentile": 50,
        "Value": 0.0005388634451731005
      },
      {
        "Percentile": 75,
        "Value": 0.000769539761057121
      },
      {
        "Percentile": 90,
        "Value": 0.0009079455505875333
      },
      {
        "Percentile": 99,
        "Value": 0.0009909890243057808
      },
      {
        "Percentile": 99.9,
        "Value": 0.0009992933716776056
      }
    ]
  },
  "Exactly": 0,
  "Jitter": true,
  "RetCodes": {
    "200": 4944964
  },
  "Sizes": {
    "Count": 4944964,
    "Min": 75,
    "Max": 75,
    "Sum": 370872300,
    "Avg": 75,
    "StdDev": 0,
    "Data": [
      {
        "Start": 75,
        "End": 75,
        "Percent": 100,
        "Count": 4944964
      }
    ],
    "Percentiles": null
  },
  "HeaderSizes": {
    "Count": 4944964,
    "Min": 75,
    "Max": 75,
    "Sum": 370872300,
    "Avg": 75,
    "StdDev": 0,
    "Data": [
      {
        "Start": 75,
        "End": 75,
        "Percent": 100,
        "Count": 4944964
      }
    ],
    "Percentiles": null
  },
  "URL": "http://fortio-server:8080/echo\\?size\\=32",
  "SocketCount": 20,
  "AbortOn": 0
}
