{
  "RunType": "HTTP",
  "Labels": "1pod-diffnode-nosidecar-maxcore-conn1-resp1024",
  "StartTime": "2021-03-28T04:25:22.770338525Z",
  "RequestedQPS": "max",
  "RequestedDuration": "1m0s",
  "ActualQPS": 8563.6263087334,
  "ActualDuration": 60000049217,
  "NumThreads": 1,
  "Version": "1.11.3",
  "DurationHistogram": {
    "Count": 513818,
    "Min": 0.000091052,
    "Max": 0.001391581,
    "Sum": 59.896392108999684,
    "Avg": 0.00011657122192877572,
    "StdDev": 0.000012526923613386386,
    "Data": [
      {
        "Start": 0.000091052,
        "End": 0.001,
        "Percent": 99.99980537855816,
        "Count": 513817
      },
      {
        "Start": 0.001,
        "End": 0.001391581,
        "Percent": 100,
        "Count": 1
      }
    ],
    "Percentiles": [
      {
        "Percentile": 50,
        "Value": 0.000545526
      },
      {
        "Percentile": 75,
        "Value": 0.0007727638845072944
      },
      {
        "Percentile": 90,
        "Value": 0.0009091066152116711
      },
      {
        "Percentile": 99,
        "Value": 0.0009909122536342972
      },
      {
        "Percentile": 99.9,
        "Value": 0.0009990928174765598
      }
    ]
  },
  "Exactly": 0,
  "Jitter": true,
  "RetCodes": {
    "200": 513818
  },
  "Sizes": {
    "Count": 513818,
    "Min": 75,
    "Max": 75,
    "Sum": 38536350,
    "Avg": 75,
    "StdDev": 0,
    "Data": [
      {
        "Start": 75,
        "End": 75,
        "Percent": 100,
        "Count": 513818
      }
    ],
    "Percentiles": null
  },
  "HeaderSizes": {
    "Count": 513818,
    "Min": 75,
    "Max": 75,
    "Sum": 38536350,
    "Avg": 75,
    "StdDev": 0,
    "Data": [
      {
        "Start": 75,
        "End": 75,
        "Percent": 100,
        "Count": 513818
      }
    ],
    "Percentiles": null
  },
  "URL": "http://fortio-server:8080/echo\\?size\\=1024",
  "SocketCount": 1,
  "AbortOn": 0
}
