{
  "RunType": "HTTP",
  "Labels": "1pod-diffnode-nosidecar-maxcore-conn5-resp128",
  "StartTime": "2021-03-28T03:48:55.616819995Z",
  "RequestedQPS": "max",
  "RequestedDuration": "1m0s",
  "ActualQPS": 41591.13962335411,
  "ActualDuration": 60000159231,
  "NumThreads": 5,
  "Version": "1.11.3",
  "DurationHistogram": {
    "Count": 2495475,
    "Min": 0.00007254,
    "Max": 0.002179858,
    "Sum": 299.377785071,
    "Avg": 0.00011996825657279677,
    "StdDev": 0.000029847039683701645,
    "Data": [
      {
        "Start": 0.00007254,
        "End": 0.001,
        "Percent": 99.99855738887386,
        "Count": 2495439
      },
      {
        "Start": 0.001,
        "End": 0.002,
        "Percent": 99.99979963734359,
        "Count": 31
      },
      {
        "Start": 0.002,
        "End": 0.002179858,
        "Percent": 100,
        "Count": 5
      }
    ],
    "Percentiles": [
      {
        "Percentile": 50,
        "Value": 0.0005362765040886609
      },
      {
        "Percentile": 75,
        "Value": 0.0007681449419640961
      },
      {
        "Percentile": 90,
        "Value": 0.0009072660046893572
      },
      {
        "Percentile": 99,
        "Value": 0.0009907386423245138
      },
      {
        "Percentile": 99.9,
        "Value": 0.0009990859060880295
      }
    ]
  },
  "Exactly": 0,
  "Jitter": true,
  "RetCodes": {
    "200": 2495475
  },
  "Sizes": {
    "Count": 2495475,
    "Min": 75,
    "Max": 75,
    "Sum": 187160625,
    "Avg": 75,
    "StdDev": 0,
    "Data": [
      {
        "Start": 75,
        "End": 75,
        "Percent": 100,
        "Count": 2495475
      }
    ],
    "Percentiles": null
  },
  "HeaderSizes": {
    "Count": 2495475,
    "Min": 75,
    "Max": 75,
    "Sum": 187160625,
    "Avg": 75,
    "StdDev": 0,
    "Data": [
      {
        "Start": 75,
        "End": 75,
        "Percent": 100,
        "Count": 2495475
      }
    ],
    "Percentiles": null
  },
  "URL": "http://fortio-server:8080/echo\\?size\\=128",
  "SocketCount": 5,
  "AbortOn": 0
}
