{
  "RunType": "HTTP",
  "Labels": "1pod-diffnode-nosidecar-maxcore-conn16-resp128",
  "StartTime": "2021-03-28T04:00:03.45279705Z",
  "RequestedQPS": "max",
  "RequestedDuration": "1m0s",
  "ActualQPS": 83800.66167684025,
  "ActualDuration": 60000803089,
  "NumThreads": 16,
  "Version": "1.11.3",
  "DurationHistogram": {
    "Count": 5028107,
    "Min": 0.000076904,
    "Max": 0.002482139,
    "Sum": 958.5271146340051,
    "Avg": 0.00019063379411655423,
    "StdDev": 0.00008273587500613664,
    "Data": [
      {
        "Start": 0.000076904,
        "End": 0.001,
        "Percent": 99.98898193693968,
        "Count": 5027553
      },
      {
        "Start": 0.001,
        "End": 0.002,
        "Percent": 99.99934368938449,
        "Count": 521
      },
      {
        "Start": 0.002,
        "End": 0.002482139,
        "Percent": 100,
        "Count": 33
      }
    ],
    "Percentiles": [
      {
        "Percentile": 50,
        "Value": 0.0005385027674597897
      },
      {
        "Percentile": 75,
        "Value": 0.0007693022429934093
      },
      {
        "Percentile": 90,
        "Value": 0.0009077819283135809
      },
      {
        "Percentile": 99,
        "Value": 0.000990869739505684
      },
      {
        "Percentile": 99.9,
        "Value": 0.0009991785206248942
      }
    ]
  },
  "Exactly": 0,
  "Jitter": true,
  "RetCodes": {
    "200": 5028107
  },
  "Sizes": {
    "Count": 5028107,
    "Min": 75,
    "Max": 75,
    "Sum": 377108025,
    "Avg": 75,
    "StdDev": 0,
    "Data": [
      {
        "Start": 75,
        "End": 75,
        "Percent": 100,
        "Count": 5028107
      }
    ],
    "Percentiles": null
  },
  "HeaderSizes": {
    "Count": 5028107,
    "Min": 75,
    "Max": 75,
    "Sum": 377108025,
    "Avg": 75,
    "StdDev": 0,
    "Data": [
      {
        "Start": 75,
        "End": 75,
        "Percent": 100,
        "Count": 5028107
      }
    ],
    "Percentiles": null
  },
  "URL": "http://fortio-server:8080/echo\\?size\\=128",
  "SocketCount": 16,
  "AbortOn": 0
}
