{
  "RunType": "HTTP",
  "Labels": "1pod-diffnode-nosidecar-maxcore-conn19-resp512",
  "StartTime": "2021-03-28T04:23:52.04216285Z",
  "RequestedQPS": "max",
  "RequestedDuration": "1m0s",
  "ActualQPS": 82584.06085161638,
  "ActualDuration": 60001045588,
  "NumThreads": 19,
  "Version": "1.11.3",
  "DurationHistogram": {
    "Count": 4955130,
    "Min": 0.000076225,
    "Max": 0.003607664,
    "Sum": 1138.5388069490004,
    "Avg": 0.0002297697148105096,
    "StdDev": 0.00010927326082072393,
    "Data": [
      {
        "Start": 0.000076225,
        "End": 0.001,
        "Percent": 99.97854748513157,
        "Count": 4954067
      },
      {
        "Start": 0.001,
        "End": 0.002,
        "Percent": 99.99864786594902,
        "Count": 996
      },
      {
        "Start": 0.002,
        "End": 0.003,
        "Percent": 99.99961655900047,
        "Count": 48
      },
      {
        "Start": 0.003,
        "End": 0.003607664,
        "Percent": 100,
        "Count": 19
      }
    ],
    "Percentiles": [
      {
        "Percentile": 50,
        "Value": 0.0005382115145316999
      },
      {
        "Percentile": 75,
        "Value": 0.0007692048650315721
      },
      {
        "Percentile": 90,
        "Value": 0.0009078008753314954
      },
      {
        "Percentile": 99,
        "Value": 0.0009909584815114495
      },
      {
        "Percentile": 99.9,
        "Value": 0.0009992742421294448
      }
    ]
  },
  "Exactly": 0,
  "Jitter": true,
  "RetCodes": {
    "200": 4955130
  },
  "Sizes": {
    "Count": 4955130,
    "Min": 75,
    "Max": 75,
    "Sum": 371634750,
    "Avg": 75,
    "StdDev": 0,
    "Data": [
      {
        "Start": 75,
        "End": 75,
        "Percent": 100,
        "Count": 4955130
      }
    ],
    "Percentiles": null
  },
  "HeaderSizes": {
    "Count": 4955130,
    "Min": 75,
    "Max": 75,
    "Sum": 371634750,
    "Avg": 75,
    "StdDev": 0,
    "Data": [
      {
        "Start": 75,
        "End": 75,
        "Percent": 100,
        "Count": 4955130
      }
    ],
    "Percentiles": null
  },
  "URL": "http://fortio-server:8080/echo\\?size\\=512",
  "SocketCount": 19,
  "AbortOn": 0
}
