{
  "RunType": "HTTP",
  "Labels": "1pod-diffnode-nosidecar-maxcore-conn7-resp2048",
  "StartTime": "2021-03-28T04:52:12.229845866Z",
  "RequestedQPS": "max",
  "RequestedDuration": "1m0s",
  "ActualQPS": 54058.740049698856,
  "ActualDuration": 60001416922,
  "NumThreads": 7,
  "Version": "1.11.3",
  "DurationHistogram": {
    "Count": 3243601,
    "Min": 0.000072129,
    "Max": 0.00240529,
    "Sum": 419.13672119400434,
    "Avg": 0.00012921956837293007,
    "StdDev": 0.00003792124176584019,
    "Data": [
      {
        "Start": 0.000072129,
        "End": 0.001,
        "Percent": 99.99642372782596,
        "Count": 3243485
      },
      {
        "Start": 0.001,
        "End": 0.002,
        "Percent": 99.99941423128183,
        "Count": 97
      },
      {
        "Start": 0.002,
        "End": 0.00240529,
        "Percent": 100,
        "Count": 19
      }
    ],
    "Percentiles": [
      {
        "Percentile": 50,
        "Value": 0.0005360809491585283
      },
      {
        "Percentile": 75,
        "Value": 0.0007680570667739535
      },
      {
        "Percentile": 90,
        "Value": 0.0009072427373432087
      },
      {
        "Percentile": 99,
        "Value": 0.000990754139684762
      },
      {
        "Percentile": 99.9,
        "Value": 0.0009991052799189174
      }
    ]
  },
  "Exactly": 0,
  "Jitter": true,
  "RetCodes": {
    "200": 3243601
  },
  "Sizes": {
    "Count": 3243601,
    "Min": 75,
    "Max": 75,
    "Sum": 243270075,
    "Avg": 75,
    "StdDev": 0,
    "Data": [
      {
        "Start": 75,
        "End": 75,
        "Percent": 100,
        "Count": 3243601
      }
    ],
    "Percentiles": null
  },
  "HeaderSizes": {
    "Count": 3243601,
    "Min": 75,
    "Max": 75,
    "Sum": 243270075,
    "Avg": 75,
    "StdDev": 0,
    "Data": [
      {
        "Start": 75,
        "End": 75,
        "Percent": 100,
        "Count": 3243601
      }
    ],
    "Percentiles": null
  },
  "URL": "http://fortio-server:8080/echo\\?size\\=2048",
  "SocketCount": 7,
  "AbortOn": 0
}
