{
  "RunType": "HTTP",
  "Labels": "1pod-diffnode-nosidecar-maxcore-conn19-resp32",
  "StartTime": "2021-03-28T03:42:21.122146801Z",
  "RequestedQPS": "max",
  "RequestedDuration": "1m0s",
  "ActualQPS": 82956.85435122268,
  "ActualDuration": 60000262051,
  "NumThreads": 19,
  "Version": "1.11.3",
  "DurationHistogram": {
    "Count": 4977433,
    "Min": 0.000077752,
    "Max": 0.002843066,
    "Sum": 1138.503563497002,
    "Avg": 0.0002287330765671787,
    "StdDev": 0.0001084296133535963,
    "Data": [
      {
        "Start": 0.000077752,
        "End": 0.001,
        "Percent": 99.98232020400877,
        "Count": 4976553
      },
      {
        "Start": 0.001,
        "End": 0.002,
        "Percent": 99.99923655426402,
        "Count": 842
      },
      {
        "Start": 0.002,
        "End": 0.002843066,
        "Percent": 100,
        "Count": 38
      }
    ],
    "Percentiles": [
      {
        "Percentile": 50,
        "Value": 0.0005389574475556571
      },
      {
        "Percentile": 75,
        "Value": 0.0007695602639928207
      },
      {
        "Percentile": 90,
        "Value": 0.0009079219538551191
      },
      {
        "Percentile": 99,
        "Value": 0.000990938967772498
      },
      {
        "Percentile": 99.9,
        "Value": 0.000999240669164236
      }
    ]
  },
  "Exactly": 0,
  "Jitter": true,
  "RetCodes": {
    "200": 4977433
  },
  "Sizes": {
    "Count": 4977433,
    "Min": 75,
    "Max": 75,
    "Sum": 373307475,
    "Avg": 75,
    "StdDev": 0,
    "Data": [
      {
        "Start": 75,
        "End": 75,
        "Percent": 100,
        "Count": 4977433
      }
    ],
    "Percentiles": null
  },
  "HeaderSizes": {
    "Count": 4977433,
    "Min": 75,
    "Max": 75,
    "Sum": 373307475,
    "Avg": 75,
    "StdDev": 0,
    "Data": [
      {
        "Start": 75,
        "End": 75,
        "Percent": 100,
        "Count": 4977433
      }
    ],
    "Percentiles": null
  },
  "URL": "http://fortio-server:8080/echo\\?size\\=32",
  "SocketCount": 19,
  "AbortOn": 0
}
