{
  "RunType": "HTTP",
  "Labels": "1pod-diffnode-nosidecar-maxcore-conn2-resp128",
  "StartTime": "2021-03-28T03:45:53.107004553Z",
  "RequestedQPS": "max",
  "RequestedDuration": "1m0s",
  "ActualQPS": 17385.22459934895,
  "ActualDuration": 60000145183,
  "NumThreads": 2,
  "Version": "1.11.3",
  "DurationHistogram": {
    "Count": 1043116,
    "Min": 0.000076641,
    "Max": 0.001446968,
    "Sum": 119.82983138699808,
    "Avg": 0.00011487680314269753,
    "StdDev": 0.000017088799759184804,
    "Data": [
      {
        "Start": 0.000076641,
        "End": 0.001,
        "Percent": 99.99961653353989,
        "Count": 1043112
      },
      {
        "Start": 0.001,
        "End": 0.001446968,
        "Percent": 100,
        "Count": 4
      }
    ],
    "Percentiles": [
      {
        "Percentile": 50,
        "Value": 0.0005383218277958913
      },
      {
        "Percentile": 75,
        "Value": 0.0007691626842924675
      },
      {
        "Percentile": 90,
        "Value": 0.0009076671981904131
      },
      {
        "Percentile": 99,
        "Value": 0.0009907699065291803
      },
      {
        "Percentile": 99.9,
        "Value": 0.0009990801773630572
      }
    ]
  },
  "Exactly": 0,
  "Jitter": true,
  "RetCodes": {
    "200": 1043116
  },
  "Sizes": {
    "Count": 1043116,
    "Min": 75,
    "Max": 75,
    "Sum": 78233700,
    "Avg": 75,
    "StdDev": 0,
    "Data": [
      {
        "Start": 75,
        "End": 75,
        "Percent": 100,
        "Count": 1043116
      }
    ],
    "Percentiles": null
  },
  "HeaderSizes": {
    "Count": 1043116,
    "Min": 75,
    "Max": 75,
    "Sum": 78233700,
    "Avg": 75,
    "StdDev": 0,
    "Data": [
      {
        "Start": 75,
        "End": 75,
        "Percent": 100,
        "Count": 1043116
      }
    ],
    "Percentiles": null
  },
  "URL": "http://fortio-server:8080/echo\\?size\\=128",
  "SocketCount": 2,
  "AbortOn": 0
}
