{
  "RunType": "HTTP",
  "Labels": "1pod-diffnode-nosidecar-maxcore-conn3-resp1024",
  "StartTime": "2021-03-28T04:27:24.583884379Z",
  "RequestedQPS": "max",
  "RequestedDuration": "1m0s",
  "ActualQPS": 25959.54342204043,
  "ActualDuration": 60000130768,
  "NumThreads": 3,
  "Version": "1.11.3",
  "DurationHistogram": {
    "Count": 1557576,
    "Min": 0.000073475,
    "Max": 0.002393109,
    "Sum": 179.69467149599683,
    "Avg": 0.00011536815635063511,
    "StdDev": 0.0000222170631257882,
    "Data": [
      {
        "Start": 0.000073475,
        "End": 0.001,
        "Percent": 99.9991653697797,
        "Count": 1557563
      },
      {
        "Start": 0.001,
        "End": 0.002,
        "Percent": 99.99980739302609,
        "Count": 10
      },
      {
        "Start": 0.002,
        "End": 0.002393109,
        "Percent": 100,
        "Count": 3
      }
    ],
    "Percentiles": [
      {
        "Percentile": 50,
        "Value": 0.0005367410691356107
      },
      {
        "Percentile": 75,
        "Value": 0.0007683744011313836
      },
      {
        "Percentile": 90,
        "Value": 0.0009073544003288473
      },
      {
        "Percentile": 99,
        "Value": 0.0009907423998473256
      },
      {
        "Percentile": 99.9,
        "Value": 0.0009990811997991735
      }
    ]
  },
  "Exactly": 0,
  "Jitter": true,
  "RetCodes": {
    "200": 1557576
  },
  "Sizes": {
    "Count": 1557576,
    "Min": 75,
    "Max": 75,
    "Sum": 116818200,
    "Avg": 75,
    "StdDev": 0,
    "Data": [
      {
        "Start": 75,
        "End": 75,
        "Percent": 100,
        "Count": 1557576
      }
    ],
    "Percentiles": null
  },
  "HeaderSizes": {
    "Count": 1557576,
    "Min": 75,
    "Max": 75,
    "Sum": 116818200,
    "Avg": 75,
    "StdDev": 0,
    "Data": [
      {
        "Start": 75,
        "End": 75,
        "Percent": 100,
        "Count": 1557576
      }
    ],
    "Percentiles": null
  },
  "URL": "http://fortio-server:8080/echo\\?size\\=1024",
  "SocketCount": 3,
  "AbortOn": 0
}
