{
  "RunType": "HTTP",
  "Labels": "1pod-diffnode-nosidecar-maxcore-conn20-resp1024",
  "StartTime": "2021-03-28T04:44:36.910896544Z",
  "RequestedQPS": "max",
  "RequestedDuration": "1m0s",
  "ActualQPS": 82035.40593063642,
  "ActualDuration": 60000373548,
  "NumThreads": 20,
  "Version": "1.11.3",
  "DurationHistogram": {
    "Count": 4922155,
    "Min": 0.000074751,
    "Max": 0.006427192,
    "Sum": 1198.5298667089992,
    "Avg": 0.00024349697778899672,
    "StdDev": 0.00011772584435638284,
    "Data": [
      {
        "Start": 0.000074751,
        "End": 0.001,
        "Percent": 99.97476714975453,
        "Count": 4920913
      },
      {
        "Start": 0.001,
        "End": 0.002,
        "Percent": 99.99703381953636,
        "Count": 1096
      },
      {
        "Start": 0.002,
        "End": 0.003,
        "Percent": 99.99918734781818,
        "Count": 106
      },
      {
        "Start": 0.003,
        "End": 0.004,
        "Percent": 99.99959367390909,
        "Count": 20
      },
      {
        "Start": 0.006,
        "End": 0.006427192,
        "Percent": 100,
        "Count": 20
      }
    ],
    "Percentiles": [
      {
        "Percentile": 50,
        "Value": 0.0005374921688216535
      },
      {
        "Percentile": 75,
        "Value": 0.0007688628472444234
      },
      {
        "Percentile": 90,
        "Value": 0.0009076852542980854
      },
      {
        "Percentile": 99,
        "Value": 0.0009909786985302827
      },
      {
        "Percentile": 99.9,
        "Value": 0.0009993080429535025
      }
    ]
  },
  "Exactly": 0,
  "Jitter": true,
  "RetCodes": {
    "200": 4922155
  },
  "Sizes": {
    "Count": 4922155,
    "Min": 75,
    "Max": 75,
    "Sum": 369161625,
    "Avg": 75,
    "StdDev": 0,
    "Data": [
      {
        "Start": 75,
        "End": 75,
        "Percent": 100,
        "Count": 4922155
      }
    ],
    "Percentiles": null
  },
  "HeaderSizes": {
    "Count": 4922155,
    "Min": 75,
    "Max": 75,
    "Sum": 369161625,
    "Avg": 75,
    "StdDev": 0,
    "Data": [
      {
        "Start": 75,
        "End": 75,
        "Percent": 100,
        "Count": 4922155
      }
    ],
    "Percentiles": null
  },
  "URL": "http://fortio-server:8080/echo\\?size\\=1024",
  "SocketCount": 20,
  "AbortOn": 0
}
