{
  "RunType": "HTTP",
  "Labels": "1pod-diffnode-nosidecar-maxcore-conn15-resp128",
  "StartTime": "2021-03-28T03:59:02.843358581Z",
  "RequestedQPS": "max",
  "RequestedDuration": "1m0s",
  "ActualQPS": 82683.34551447218,
  "ActualDuration": 60000547500,
  "NumThreads": 15,
  "Version": "1.11.3",
  "DurationHistogram": {
    "Count": 4961046,
    "Min": 0.000076565,
    "Max": 0.006976953,
    "Sum": 898.5705531850055,
    "Avg": 0.00018112522100883675,
    "StdDev": 0.0000767650875034345,
    "Data": [
      {
        "Start": 0.000076565,
        "End": 0.001,
        "Percent": 99.99094948928109,
        "Count": 4960597
      },
      {
        "Start": 0.001,
        "End": 0.002,
        "Percent": 99.99931466065826,
        "Count": 415
      },
      {
        "Start": 0.002,
        "End": 0.003,
        "Percent": 99.9993952888161,
        "Count": 4
      },
      {
        "Start": 0.003,
        "End": 0.004,
        "Percent": 99.99969764440806,
        "Count": 15
      },
      {
        "Start": 0.006,
        "End": 0.006976953,
        "Percent": 100,
        "Count": 15
      }
    ],
    "Percentiles": [
      {
        "Percentile": 50,
        "Value": 0.0005383241985055827
      },
      {
        "Percentile": 75,
        "Value": 0.0007692038908353956
      },
      {
        "Percentile": 90,
        "Value": 0.0009077317062332833
      },
      {
        "Percentile": 99,
        "Value": 0.0009908483954720157
      },
      {
        "Percentile": 99.9,
        "Value": 0.000999160064395889
      }
    ]
  },
  "Exactly": 0,
  "Jitter": true,
  "RetCodes": {
    "200": 4961046
  },
  "Sizes": {
    "Count": 4961046,
    "Min": 75,
    "Max": 75,
    "Sum": 372078450,
    "Avg": 75,
    "StdDev": 0,
    "Data": [
      {
        "Start": 75,
        "End": 75,
        "Percent": 100,
        "Count": 4961046
      }
    ],
    "Percentiles": null
  },
  "HeaderSizes": {
    "Count": 4961046,
    "Min": 75,
    "Max": 75,
    "Sum": 372078450,
    "Avg": 75,
    "StdDev": 0,
    "Data": [
      {
        "Start": 75,
        "End": 75,
        "Percent": 100,
        "Count": 4961046
      }
    ],
    "Percentiles": null
  },
  "URL": "http://fortio-server:8080/echo\\?size\\=128",
  "SocketCount": 15,
  "AbortOn": 0
}
