{
  "RunType": "HTTP",
  "Labels": "1pod-diffnode-nosidecar-maxcore-conn1-resp32",
  "StartTime": "2021-03-28T03:24:07.582659374Z",
  "RequestedQPS": "max",
  "RequestedDuration": "1m0s",
  "ActualQPS": 8546.187131578727,
  "ActualDuration": 60000090345,
  "NumThreads": 1,
  "Version": "1.11.3",
  "DurationHistogram": {
    "Count": 512772,
    "Min": 0.000091105,
    "Max": 0.00143839,
    "Sum": 59.89016493599945,
    "Avg": 0.00011679687060915856,
    "StdDev": 0.000010823975947729544,
    "Data": [
      {
        "Start": 0.000091105,
        "End": 0.001,
        "Percent": 99.99960996310251,
        "Count": 512770
      },
      {
        "Start": 0.001,
        "End": 0.00143839,
        "Percent": 100,
        "Count": 2
      }
    ],
    "Percentiles": [
      {
        "Percentile": 50,
        "Value": 0.00054555338626165
      },
      {
        "Percentile": 75,
        "Value": 0.0007727784656541249
      },
      {
        "Percentile": 90,
        "Value": 0.0009091135132896098
      },
      {
        "Percentile": 99,
        "Value": 0.0009909145418709009
      },
      {
        "Percentile": 99.9,
        "Value": 0.00099909464472903
      }
    ]
  },
  "Exactly": 0,
  "Jitter": true,
  "RetCodes": {
    "200": 512772
  },
  "Sizes": {
    "Count": 512772,
    "Min": 75,
    "Max": 75,
    "Sum": 38457900,
    "Avg": 75,
    "StdDev": 0,
    "Data": [
      {
        "Start": 75,
        "End": 75,
        "Percent": 100,
        "Count": 512772
      }
    ],
    "Percentiles": null
  },
  "HeaderSizes": {
    "Count": 512772,
    "Min": 75,
    "Max": 75,
    "Sum": 38457900,
    "Avg": 75,
    "StdDev": 0,
    "Data": [
      {
        "Start": 75,
        "End": 75,
        "Percent": 100,
        "Count": 512772
      }
    ],
    "Percentiles": null
  },
  "URL": "http://fortio-server:8080/echo\\?size\\=32",
  "SocketCount": 1,
  "AbortOn": 0
}
