{
  "RunType": "HTTP",
  "Labels": "1pod-diffnode-nosidecar-maxcore-conn19-resp128",
  "StartTime": "2021-03-28T04:03:05.570425988Z",
  "RequestedQPS": "max",
  "RequestedDuration": "1m0s",
  "ActualQPS": 83063.59759156789,
  "ActualDuration": 60000266597,
  "NumThreads": 19,
  "Version": "1.11.3",
  "DurationHistogram": {
    "Count": 4983838,
    "Min": 0.000076684,
    "Max": 0.003322378,
    "Sum": 1138.5369196629988,
    "Avg": 0.00022844581217587706,
    "StdDev": 0.00010825664729533719,
    "Data": [
      {
        "Start": 0.000076684,
        "End": 0.001,
        "Percent": 99.98019598550354,
        "Count": 4982851
      },
      {
        "Start": 0.001,
        "End": 0.002,
        "Percent": 99.99919740569416,
        "Count": 947
      },
      {
        "Start": 0.002,
        "End": 0.003,
        "Percent": 99.99973915685061,
        "Count": 27
      },
      {
        "Start": 0.003,
        "End": 0.003322378,
        "Percent": 100,
        "Count": 13
      }
    ],
    "Percentiles": [
      {
        "Percentile": 50,
        "Value": 0.0005384333522959752
      },
      {
        "Percentile": 75,
        "Value": 0.0007693081210933502
      },
      {
        "Percentile": 90,
        "Value": 0.0009078329823717752
      },
      {
        "Percentile": 99,
        "Value": 0.00099094789913883
      },
      {
        "Percentile": 99.9,
        "Value": 0.0009992593908155357
      }
    ]
  },
  "Exactly": 0,
  "Jitter": true,
  "RetCodes": {
    "200": 4983838
  },
  "Sizes": {
    "Count": 4983838,
    "Min": 75,
    "Max": 75,
    "Sum": 373787850,
    "Avg": 75,
    "StdDev": 0,
    "Data": [
      {
        "Start": 75,
        "End": 75,
        "Percent": 100,
        "Count": 4983838
      }
    ],
    "Percentiles": null
  },
  "HeaderSizes": {
    "Count": 4983838,
    "Min": 75,
    "Max": 75,
    "Sum": 373787850,
    "Avg": 75,
    "StdDev": 0,
    "Data": [
      {
        "Start": 75,
        "End": 75,
        "Percent": 100,
        "Count": 4983838
      }
    ],
    "Percentiles": null
  },
  "URL": "http://fortio-server:8080/echo\\?size\\=128",
  "SocketCount": 19,
  "AbortOn": 0
}
