{
  "RunType": "HTTP",
  "Labels": "1pod-diffnode-nosidecar-maxcore-conn1-resp2048",
  "StartTime": "2021-03-28T04:46:07.74643869Z",
  "RequestedQPS": "max",
  "RequestedDuration": "1m0s",
  "ActualQPS": 8520.432215443843,
  "ActualDuration": 60000125237,
  "NumThreads": 1,
  "Version": "1.11.3",
  "DurationHistogram": {
    "Count": 511227,
    "Min": 0.000093715,
    "Max": 0.001752439,
    "Sum": 59.89185914900046,
    "Avg": 0.00011715316121605561,
    "StdDev": 0.000012959275491789623,
    "Data": [
      {
        "Start": 0.000093715,
        "End": 0.001,
        "Percent": 99.9994131765341,
        "Count": 511224
      },
      {
        "Start": 0.001,
        "End": 0.001752439,
        "Percent": 100,
        "Count": 3
      }
    ],
    "Percentiles": [
      {
        "Percentile": 50,
        "Value": 0.0005468592727782201
      },
      {
        "Percentile": 75,
        "Value": 0.0007734322955564401
      },
      {
        "Percentile": 90,
        "Value": 0.0009093761092233721
      },
      {
        "Percentile": 99,
        "Value": 0.0009909423974235314
      },
      {
        "Percentile": 99.9,
        "Value": 0.0009990990262435475
      }
    ]
  },
  "Exactly": 0,
  "Jitter": true,
  "RetCodes": {
    "200": 511227
  },
  "Sizes": {
    "Count": 511227,
    "Min": 75,
    "Max": 75,
    "Sum": 38342025,
    "Avg": 75,
    "StdDev": 0,
    "Data": [
      {
        "Start": 75,
        "End": 75,
        "Percent": 100,
        "Count": 511227
      }
    ],
    "Percentiles": null
  },
  "HeaderSizes": {
    "Count": 511227,
    "Min": 75,
    "Max": 75,
    "Sum": 38342025,
    "Avg": 75,
    "StdDev": 0,
    "Data": [
      {
        "Start": 75,
        "End": 75,
        "Percent": 100,
        "Count": 511227
      }
    ],
    "Percentiles": null
  },
  "URL": "http://fortio-server:8080/echo\\?size\\=2048",
  "SocketCount": 1,
  "AbortOn": 0
}
