{
  "RunType": "HTTP",
  "Labels": "1pod-diffnode-nosidecar-maxcore-conn1-resp128",
  "StartTime": "2021-03-28T03:44:52.482428197Z",
  "RequestedQPS": "max",
  "RequestedDuration": "1m0s",
  "ActualQPS": 8549.050863746146,
  "ActualDuration": 60000110910,
  "NumThreads": 1,
  "Version": "1.11.3",
  "DurationHistogram": {
    "Count": 512944,
    "Min": 0.000092367,
    "Max": 0.001499949,
    "Sum": 59.89565340299772,
    "Avg": 0.00011676840630360765,
    "StdDev": 0.000012842586218179886,
    "Data": [
      {
        "Start": 0.000092367,
        "End": 0.001,
        "Percent": 99.99922018777879,
        "Count": 512940
      },
      {
        "Start": 0.001,
        "End": 0.001499949,
        "Percent": 100,
        "Count": 4
      }
    ],
    "Percentiles": [
      {
        "Percentile": 50,
        "Value": 0.000546186154213269
      },
      {
        "Percentile": 75,
        "Value": 0.0007730966160576599
      },
      {
        "Percentile": 90,
        "Value": 0.0009092428931642944
      },
      {
        "Percentile": 99,
        "Value": 0.0009909306594282751
      },
      {
        "Percentile": 99.9,
        "Value": 0.0009990994360546733
      }
    ]
  },
  "Exactly": 0,
  "Jitter": true,
  "RetCodes": {
    "200": 512944
  },
  "Sizes": {
    "Count": 512944,
    "Min": 75,
    "Max": 75,
    "Sum": 38470800,
    "Avg": 75,
    "StdDev": 0,
    "Data": [
      {
        "Start": 75,
        "End": 75,
        "Percent": 100,
        "Count": 512944
      }
    ],
    "Percentiles": null
  },
  "HeaderSizes": {
    "Count": 512944,
    "Min": 75,
    "Max": 75,
    "Sum": 38470800,
    "Avg": 75,
    "StdDev": 0,
    "Data": [
      {
        "Start": 75,
        "End": 75,
        "Percent": 100,
        "Count": 512944
      }
    ],
    "Percentiles": null
  },
  "URL": "http://fortio-server:8080/echo\\?size\\=128",
  "SocketCount": 1,
  "AbortOn": 0
}
