{
  "RunType": "HTTP",
  "Labels": "1pod-diffnode-nosidecar-maxcore-conn17-resp128",
  "StartTime": "2021-03-28T04:01:04.116967218Z",
  "RequestedQPS": "max",
  "RequestedDuration": "1m0s",
  "ActualQPS": 83947.74445775262,
  "ActualDuration": 60000956935,
  "NumThreads": 17,
  "Version": "1.11.3",
  "DurationHistogram": {
    "Count": 5036945,
    "Min": 0.000077151,
    "Max": 0.00239321,
    "Sum": 1018.5104225529991,
    "Avg": 0.00020220796982158812,
    "StdDev": 0.00009077837910228017,
    "Data": [
      {
        "Start": 0.000077151,
        "End": 0.001,
        "Percent": 99.98630122028332,
        "Count": 5036255
      },
      {
        "Start": 0.001,
        "End": 0.002,
        "Percent": 99.99964264052913,
        "Count": 672
      },
      {
        "Start": 0.002,
        "End": 0.00239321,
        "Percent": 100,
        "Count": 18
      }
    ],
    "Percentiles": [
      {
        "Percentile": 50,
        "Value": 0.0005386386265779088
      },
      {
        "Percentile": 75,
        "Value": 0.000769382531487441
      },
      {
        "Percentile": 90,
        "Value": 0.0009078288744331601
      },
      {
        "Percentile": 99,
        "Value": 0.0009908966802005916
      },
      {
        "Percentile": 99.9,
        "Value": 0.0009992034607773348
      }
    ]
  },
  "Exactly": 0,
  "Jitter": true,
  "RetCodes": {
    "200": 5036945
  },
  "Sizes": {
    "Count": 5036945,
    "Min": 75,
    "Max": 75,
    "Sum": 377770875,
    "Avg": 75,
    "StdDev": 0,
    "Data": [
      {
        "Start": 75,
        "End": 75,
        "Percent": 100,
        "Count": 5036945
      }
    ],
    "Percentiles": null
  },
  "HeaderSizes": {
    "Count": 5036945,
    "Min": 75,
    "Max": 75,
    "Sum": 377770875,
    "Avg": 75,
    "StdDev": 0,
    "Data": [
      {
        "Start": 75,
        "End": 75,
        "Percent": 100,
        "Count": 5036945
      }
    ],
    "Percentiles": null
  },
  "URL": "http://fortio-server:8080/echo\\?size\\=128",
  "SocketCount": 17,
  "AbortOn": 0
}
