{
  "RunType": "HTTP",
  "Labels": "1pod-diffnode-nosidecar-maxcore-conn13-resp2048",
  "StartTime": "2021-03-28T04:58:16.986943667Z",
  "RequestedQPS": "max",
  "RequestedDuration": "1m0s",
  "ActualQPS": 78419.79690371815,
  "ActualDuration": 60000219151,
  "NumThreads": 13,
  "Version": "1.11.3",
  "DurationHistogram": {
    "Count": 4705205,
    "Min": 0.000076202,
    "Max": 0.005233981,
    "Sum": 778.6248593009972,
    "Avg": 0.00016548160160949357,
    "StdDev": 0.00006640252597729453,
    "Data": [
      {
        "Start": 0.000076202,
        "End": 0.001,
        "Percent": 99.99237015177872,
        "Count": 4704846
      },
      {
        "Start": 0.001,
        "End": 0.002,
        "Percent": 99.99887358786705,
        "Count": 306
      },
      {
        "Start": 0.002,
        "End": 0.003,
        "Percent": 99.99972371023154,
        "Count": 40
      },
      {
        "Start": 0.004,
        "End": 0.005,
        "Percent": 99.99991498776355,
        "Count": 9
      },
      {
        "Start": 0.005,
        "End": 0.005233981,
        "Percent": 100,
        "Count": 4
      }
    ],
    "Percentiles": [
      {
        "Percentile": 50,
        "Value": 0.0005381361467140789
      },
      {
        "Percentile": 75,
        "Value": 0.0007691033182462973
      },
      {
        "Percentile": 90,
        "Value": 0.0009076836211656283
      },
      {
        "Percentile": 99,
        "Value": 0.0009908318029172268
      },
      {
        "Percentile": 99.9,
        "Value": 0.0009991466210923867
      }
    ]
  },
  "Exactly": 0,
  "Jitter": true,
  "RetCodes": {
    "200": 4705205
  },
  "Sizes": {
    "Count": 4705205,
    "Min": 75,
    "Max": 75,
    "Sum": 352890375,
    "Avg": 75,
    "StdDev": 0,
    "Data": [
      {
        "Start": 75,
        "End": 75,
        "Percent": 100,
        "Count": 4705205
      }
    ],
    "Percentiles": null
  },
  "HeaderSizes": {
    "Count": 4705205,
    "Min": 75,
    "Max": 75,
    "Sum": 352890375,
    "Avg": 75,
    "StdDev": 0,
    "Data": [
      {
        "Start": 75,
        "End": 75,
        "Percent": 100,
        "Count": 4705205
      }
    ],
    "Percentiles": null
  },
  "URL": "http://fortio-server:8080/echo\\?size\\=2048",
  "SocketCount": 13,
  "AbortOn": 0
}
