{
  "RunType": "HTTP",
  "Labels": "1pod-diffnode-nosidecar-maxcore-conn6-resp1024",
  "StartTime": "2021-03-28T04:30:26.514094063Z",
  "RequestedQPS": "max",
  "RequestedDuration": "1m0s",
  "ActualQPS": 47948.123486276665,
  "ActualDuration": 60000200025,
  "NumThreads": 6,
  "Version": "1.11.3",
  "DurationHistogram": {
    "Count": 2876897,
    "Min": 0.000071408,
    "Max": 0.001641735,
    "Sum": 359.25562575299983,
    "Avg": 0.00012487608202622474,
    "StdDev": 0.00003382908601823492,
    "Data": [
      {
        "Start": 0.000071408,
        "End": 0.001,
        "Percent": 99.99774062123183,
        "Count": 2876832
      },
      {
        "Start": 0.001,
        "End": 0.001641735,
        "Percent": 100,
        "Count": 65
      }
    ],
    "Percentiles": [
      {
        "Percentile": 50,
        "Value": 0.0005357143290544352
      },
      {
        "Percentile": 75,
        "Value": 0.0007678676549731286
      },
      {
        "Percentile": 90,
        "Value": 0.0009071596505243444
      },
      {
        "Percentile": 99,
        "Value": 0.000990734847855074
      },
      {
        "Percentile": 99.9,
        "Value": 0.000999092367588147
      }
    ]
  },
  "Exactly": 0,
  "Jitter": true,
  "RetCodes": {
    "200": 2876897
  },
  "Sizes": {
    "Count": 2876897,
    "Min": 75,
    "Max": 75,
    "Sum": 215767275,
    "Avg": 75,
    "StdDev": 0,
    "Data": [
      {
        "Start": 75,
        "End": 75,
        "Percent": 100,
        "Count": 2876897
      }
    ],
    "Percentiles": null
  },
  "HeaderSizes": {
    "Count": 2876897,
    "Min": 75,
    "Max": 75,
    "Sum": 215767275,
    "Avg": 75,
    "StdDev": 0,
    "Data": [
      {
        "Start": 75,
        "End": 75,
        "Percent": 100,
        "Count": 2876897
      }
    ],
    "Percentiles": null
  },
  "URL": "http://fortio-server:8080/echo\\?size\\=1024",
  "SocketCount": 6,
  "AbortOn": 0
}
