{
  "RunType": "HTTP",
  "Labels": "1pod-diffnode-nosidecar-maxcore-conn19-resp2048",
  "StartTime": "2021-03-28T05:04:21.698578713Z",
  "RequestedQPS": "max",
  "RequestedDuration": "1m0s",
  "ActualQPS": 81589.65044546059,
  "ActualDuration": 60000257058,
  "NumThreads": 19,
  "Version": "1.11.3",
  "DurationHistogram": {
    "Count": 4895400,
    "Min": 0.000075896,
    "Max": 0.004501399,
    "Sum": 1138.5388610429998,
    "Avg": 0.00023257320362850834,
    "StdDev": 0.00011184310528051149,
    "Data": [
      {
        "Start": 0.000075896,
        "End": 0.001,
        "Percent": 99.98255505168117,
        "Count": 4894546
      },
      {
        "Start": 0.001,
        "End": 0.002,
        "Percent": 99.99842709482371,
        "Count": 777
      },
      {
        "Start": 0.002,
        "End": 0.003,
        "Percent": 99.99922376108184,
        "Count": 39
      },
      {
        "Start": 0.003,
        "End": 0.004,
        "Percent": 99.99961188054091,
        "Count": 19
      },
      {
        "Start": 0.004,
        "End": 0.004501399,
        "Percent": 100,
        "Count": 19
      }
    ],
    "Percentiles": [
      {
        "Percentile": 50,
        "Value": 0.0005380285244115643
      },
      {
        "Percentile": 75,
        "Value": 0.0007690948810187667
      },
      {
        "Percentile": 90,
        "Value": 0.0009077346949830882
      },
      {
        "Percentile": 99,
        "Value": 0.0009909185833616814
      },
      {
        "Percentile": 99.9,
        "Value": 0.0009992369721995406
      }
    ]
  },
  "Exactly": 0,
  "Jitter": true,
  "RetCodes": {
    "200": 4895400
  },
  "Sizes": {
    "Count": 4895400,
    "Min": 75,
    "Max": 75,
    "Sum": 367155000,
    "Avg": 75,
    "StdDev": 0,
    "Data": [
      {
        "Start": 75,
        "End": 75,
        "Percent": 100,
        "Count": 4895400
      }
    ],
    "Percentiles": null
  },
  "HeaderSizes": {
    "Count": 4895400,
    "Min": 75,
    "Max": 75,
    "Sum": 367155000,
    "Avg": 75,
    "StdDev": 0,
    "Data": [
      {
        "Start": 75,
        "End": 75,
        "Percent": 100,
        "Count": 4895400
      }
    ],
    "Percentiles": null
  },
  "URL": "http://fortio-server:8080/echo\\?size\\=2048",
  "SocketCount": 19,
  "AbortOn": 0
}
