{
  "RunType": "HTTP",
  "Labels": "1pod-diffnode-nosidecar-maxcore-conn5-resp1024",
  "StartTime": "2021-03-28T04:29:25.91843731Z",
  "RequestedQPS": "max",
  "RequestedDuration": "1m0s",
  "ActualQPS": 41190.61666709022,
  "ActualDuration": 60000169941,
  "NumThreads": 5,
  "Version": "1.11.3",
  "DurationHistogram": {
    "Count": 2471444,
    "Min": 0.000072637,
    "Max": 0.002580534,
    "Sum": 299.3946435190029,
    "Avg": 0.00012114158504866099,
    "StdDev": 0.00003066996726965254,
    "Data": [
      {
        "Start": 0.000072637,
        "End": 0.001,
        "Percent": 99.9967225638129,
        "Count": 2471363
      },
      {
        "Start": 0.001,
        "End": 0.002,
        "Percent": 99.9997572269491,
        "Count": 75
      },
      {
        "Start": 0.002,
        "End": 0.002580534,
        "Percent": 100,
        "Count": 6
      }
    ],
    "Percentiles": [
      {
        "Percentile": 50,
        "Value": 0.0005363335097476615
      },
      {
        "Percentile": 75,
        "Value": 0.0007681819522433379
      },
      {
        "Percentile": 90,
        "Value": 0.0009072910177407437
      },
      {
        "Percentile": 99,
        "Value": 0.0009907564570391873
      },
      {
        "Percentile": 99.9,
        "Value": 0.0009991030009690318
      }
    ]
  },
  "Exactly": 0,
  "Jitter": true,
  "RetCodes": {
    "200": 2471444
  },
  "Sizes": {
    "Count": 2471444,
    "Min": 75,
    "Max": 75,
    "Sum": 185358300,
    "Avg": 75,
    "StdDev": 0,
    "Data": [
      {
        "Start": 75,
        "End": 75,
        "Percent": 100,
        "Count": 2471444
      }
    ],
    "Percentiles": null
  },
  "HeaderSizes": {
    "Count": 2471444,
    "Min": 75,
    "Max": 75,
    "Sum": 185358300,
    "Avg": 75,
    "StdDev": 0,
    "Data": [
      {
        "Start": 75,
        "End": 75,
        "Percent": 100,
        "Count": 2471444
      }
    ],
    "Percentiles": null
  },
  "URL": "http://fortio-server:8080/echo\\?size\\=1024",
  "SocketCount": 5,
  "AbortOn": 0
}
