{
  "RunType": "HTTP",
  "Labels": "1pod-diffnode-nosidecar-maxcore-conn11-resp512",
  "StartTime": "2021-03-28T04:15:44.441683288Z",
  "RequestedQPS": "max",
  "RequestedDuration": "1m0s",
  "ActualQPS": 72902.97934542854,
  "ActualDuration": 60000209035,
  "NumThreads": 11,
  "Version": "1.11.3",
  "DurationHistogram": {
    "Count": 4374194,
    "Min": 0.000073054,
    "Max": 0.00219595,
    "Sum": 658.7477773539965,
    "Avg": 0.00015059866511498953,
    "StdDev": 0.000054382487467938494,
    "Data": [
      {
        "Start": 0.000073054,
        "End": 0.001,
        "Percent": 99.99476474980305,
        "Count": 4373965
      },
      {
        "Start": 0.001,
        "End": 0.002,
        "Percent": 99.99949705019942,
        "Count": 207
      },
      {
        "Start": 0.002,
        "End": 0.00219595,
        "Percent": 100,
        "Count": 22
      }
    ],
    "Percentiles": [
      {
        "Percentile": 50,
        "Value": 0.0005365511592852615
      },
      {
        "Percentile": 75,
        "Value": 0.0007682998448896699
      },
      {
        "Percentile": 90,
        "Value": 0.0009073490562523148
      },
      {
        "Percentile": 99,
        "Value": 0.0009907785830699017
      },
      {
        "Percentile": 99.9,
        "Value": 0.0009991215357516604
      }
    ]
  },
  "Exactly": 0,
  "Jitter": true,
  "RetCodes": {
    "200": 4374194
  },
  "Sizes": {
    "Count": 4374194,
    "Min": 75,
    "Max": 75,
    "Sum": 328064550,
    "Avg": 75,
    "StdDev": 0,
    "Data": [
      {
        "Start": 75,
        "End": 75,
        "Percent": 100,
        "Count": 4374194
      }
    ],
    "Percentiles": null
  },
  "HeaderSizes": {
    "Count": 4374194,
    "Min": 75,
    "Max": 75,
    "Sum": 328064550,
    "Avg": 75,
    "StdDev": 0,
    "Data": [
      {
        "Start": 75,
        "End": 75,
        "Percent": 100,
        "Count": 4374194
      }
    ],
    "Percentiles": null
  },
  "URL": "http://fortio-server:8080/echo\\?size\\=512",
  "SocketCount": 11,
  "AbortOn": 0
}
