{
  "RunType": "HTTP",
  "Labels": "1pod-diffnode-nosidecar-maxcore-conn4-resp512",
  "StartTime": "2021-03-28T04:08:39.492197864Z",
  "RequestedQPS": "max",
  "RequestedDuration": "1m0s",
  "ActualQPS": 33918.284663560444,
  "ActualDuration": 60000145060,
  "NumThreads": 4,
  "Version": "1.11.3",
  "DurationHistogram": {
    "Count": 2035102,
    "Min": 0.000072903,
    "Max": 0.001623212,
    "Sum": 239.52118476100327,
    "Avg": 0.0001176949286871141,
    "StdDev": 0.00002580413393245691,
    "Data": [
      {
        "Start": 0.000072903,
        "End": 0.001,
        "Percent": 99.99882069793063,
        "Count": 2035078
      },
      {
        "Start": 0.001,
        "End": 0.001623212,
        "Percent": 100,
        "Count": 24
      }
    ],
    "Percentiles": [
      {
        "Percentile": 50,
        "Value": 0.0005364567389248662
      },
      {
        "Percentile": 75,
        "Value": 0.0007682338361666414
      },
      {
        "Percentile": 90,
        "Value": 0.0009073000945117064
      },
      {
        "Percentile": 99,
        "Value": 0.0009907398495187455
      },
      {
        "Percentile": 99.9,
        "Value": 0.0009990838250194495
      }
    ]
  },
  "Exactly": 0,
  "Jitter": true,
  "RetCodes": {
    "200": 2035102
  },
  "Sizes": {
    "Count": 2035102,
    "Min": 75,
    "Max": 75,
    "Sum": 152632650,
    "Avg": 75,
    "StdDev": 0,
    "Data": [
      {
        "Start": 75,
        "End": 75,
        "Percent": 100,
        "Count": 2035102
      }
    ],
    "Percentiles": null
  },
  "HeaderSizes": {
    "Count": 2035102,
    "Min": 75,
    "Max": 75,
    "Sum": 152632650,
    "Avg": 75,
    "StdDev": 0,
    "Data": [
      {
        "Start": 75,
        "End": 75,
        "Percent": 100,
        "Count": 2035102
      }
    ],
    "Percentiles": null
  },
  "URL": "http://fortio-server:8080/echo\\?size\\=512",
  "SocketCount": 4,
  "AbortOn": 0
}
