{
  "RunType": "HTTP",
  "Labels": "1pod-diffnode-nosidecar-maxcore-conn11-resp2048",
  "StartTime": "2021-03-28T04:56:15.378081746Z",
  "RequestedQPS": "max",
  "RequestedDuration": "1m0s",
  "ActualQPS": 72767.15685662423,
  "ActualDuration": 60000516560,
  "NumThreads": 11,
  "Version": "1.11.3",
  "DurationHistogram": {
    "Count": 4366067,
    "Min": 0.000073684,
    "Max": 0.003004779,
    "Sum": 658.7709113829999,
    "Avg": 0.00015088428816667263,
    "StdDev": 0.00005557935853456958,
    "Data": [
      {
        "Start": 0.000073684,
        "End": 0.001,
        "Percent": 99.99251042185107,
        "Count": 4365740
      },
      {
        "Start": 0.001,
        "End": 0.002,
        "Percent": 99.9986944772034,
        "Count": 270
      },
      {
        "Start": 0.002,
        "End": 0.003,
        "Percent": 99.99993128827386,
        "Count": 54
      },
      {
        "Start": 0.003,
        "End": 0.003004779,
        "Percent": 100,
        "Count": 3
      }
    ],
    "Percentiles": [
      {
        "Percentile": 50,
        "Value": 0.0005368765850972768
      },
      {
        "Percentile": 75,
        "Value": 0.0007684729837351706
      },
      {
        "Percentile": 90,
        "Value": 0.0009074308229179069
      },
      {
        "Percentile": 99,
        "Value": 0.0009908055264275487
      },
      {
        "Percentile": 99.9,
        "Value": 0.000999142996778513
      }
    ]
  },
  "Exactly": 0,
  "Jitter": true,
  "RetCodes": {
    "200": 4366067
  },
  "Sizes": {
    "Count": 4366067,
    "Min": 75,
    "Max": 75,
    "Sum": 327455025,
    "Avg": 75,
    "StdDev": 0,
    "Data": [
      {
        "Start": 75,
        "End": 75,
        "Percent": 100,
        "Count": 4366067
      }
    ],
    "Percentiles": null
  },
  "HeaderSizes": {
    "Count": 4366067,
    "Min": 75,
    "Max": 75,
    "Sum": 327455025,
    "Avg": 75,
    "StdDev": 0,
    "Data": [
      {
        "Start": 75,
        "End": 75,
        "Percent": 100,
        "Count": 4366067
      }
    ],
    "Percentiles": null
  },
  "URL": "http://fortio-server:8080/echo\\?size\\=2048",
  "SocketCount": 11,
  "AbortOn": 0
}
