{
  "RunType": "HTTP",
  "Labels": "1pod-diffnode-nosidecar-maxcore-conn3-resp2048",
  "StartTime": "2021-03-28T04:48:09.199513014Z",
  "RequestedQPS": "max",
  "RequestedDuration": "1m0s",
  "ActualQPS": 25857.553489517748,
  "ActualDuration": 60000185270,
  "NumThreads": 3,
  "Version": "1.11.3",
  "DurationHistogram": {
    "Count": 1551458,
    "Min": 0.000072469,
    "Max": 0.002458465,
    "Sum": 179.69219896500042,
    "Avg": 0.0001158215040078432,
    "StdDev": 0.0000221914805911021,
    "Data": [
      {
        "Start": 0.000072469,
        "End": 0.001,
        "Percent": 99.99954881150505,
        "Count": 1551451
      },
      {
        "Start": 0.001,
        "End": 0.002,
        "Percent": 99.99980663350216,
        "Count": 4
      },
      {
        "Start": 0.002,
        "End": 0.002458465,
        "Percent": 100,
        "Count": 3
      }
    ],
    "Percentiles": [
      {
        "Percentile": 50,
        "Value": 0.0005362362935434593
      },
      {
        "Percentile": 75,
        "Value": 0.0007681202392390989
      },
      {
        "Percentile": 90,
        "Value": 0.0009072506066564826
      },
      {
        "Percentile": 99,
        "Value": 0.0009907288271069129
      },
      {
        "Percentile": 99.9,
        "Value": 0.000999076649151956
      }
    ]
  },
  "Exactly": 0,
  "Jitter": true,
  "RetCodes": {
    "200": 1551458
  },
  "Sizes": {
    "Count": 1551458,
    "Min": 75,
    "Max": 75,
    "Sum": 116359350,
    "Avg": 75,
    "StdDev": 0,
    "Data": [
      {
        "Start": 75,
        "End": 75,
        "Percent": 100,
        "Count": 1551458
      }
    ],
    "Percentiles": null
  },
  "HeaderSizes": {
    "Count": 1551458,
    "Min": 75,
    "Max": 75,
    "Sum": 116359350,
    "Avg": 75,
    "StdDev": 0,
    "Data": [
      {
        "Start": 75,
        "End": 75,
        "Percent": 100,
        "Count": 1551458
      }
    ],
    "Percentiles": null
  },
  "URL": "http://fortio-server:8080/echo\\?size\\=2048",
  "SocketCount": 3,
  "AbortOn": 0
}
