{
  "RunType": "HTTP",
  "Labels": "1pod-diffnode-nosidecar-maxcore-conn9-resp32",
  "StartTime": "2021-03-28T03:32:13.536642523Z",
  "RequestedQPS": "max",
  "RequestedDuration": "1m0s",
  "ActualQPS": 64982.66444200168,
  "ActualDuration": 60000171330,
  "NumThreads": 9,
  "Version": "1.11.3",
  "DurationHistogram": {
    "Count": 3898971,
    "Min": 0.000071959,
    "Max": 0.002629107,
    "Sum": 538.918435479999,
    "Avg": 0.00013822068322129067,
    "StdDev": 0.00004252635279684405,
    "Data": [
      {
        "Start": 0.000071959,
        "End": 0.001,
        "Percent": 99.99417795105427,
        "Count": 3898744
      },
      {
        "Start": 0.001,
        "End": 0.002,
        "Percent": 99.99930750959676,
        "Count": 200
      },
      {
        "Start": 0.002,
        "End": 0.002629107,
        "Percent": 100,
        "Count": 27
      }
    ],
    "Percentiles": [
      {
        "Percentile": 50,
        "Value": 0.0005360063980625293
      },
      {
        "Percentile": 75,
        "Value": 0.0007680302161117699
      },
      {
        "Percentile": 90,
        "Value": 0.0009072445069413141
      },
      {
        "Percentile": 99,
        "Value": 0.0009907730814390408
      },
      {
        "Percentile": 99.9,
        "Value": 0.0009991259388888133
      }
    ]
  },
  "Exactly": 0,
  "Jitter": true,
  "RetCodes": {
    "200": 3898971
  },
  "Sizes": {
    "Count": 3898971,
    "Min": 75,
    "Max": 75,
    "Sum": 292422825,
    "Avg": 75,
    "StdDev": 0,
    "Data": [
      {
        "Start": 75,
        "End": 75,
        "Percent": 100,
        "Count": 3898971
      }
    ],
    "Percentiles": null
  },
  "HeaderSizes": {
    "Count": 3898971,
    "Min": 75,
    "Max": 75,
    "Sum": 292422825,
    "Avg": 75,
    "StdDev": 0,
    "Data": [
      {
        "Start": 75,
        "End": 75,
        "Percent": 100,
        "Count": 3898971
      }
    ],
    "Percentiles": null
  },
  "URL": "http://fortio-server:8080/echo\\?size\\=32",
  "SocketCount": 9,
  "AbortOn": 0
}
