{
  "RunType": "HTTP",
  "Labels": "1pod-diffnode-nosidecar-maxcore-conn9-resp1024",
  "StartTime": "2021-03-28T04:33:28.564472912Z",
  "RequestedQPS": "max",
  "RequestedDuration": "1m0s",
  "ActualQPS": 64602.38916106655,
  "ActualDuration": 60000226777,
  "NumThreads": 9,
  "Version": "1.11.3",
  "DurationHistogram": {
    "Count": 3876158,
    "Min": 0.000072145,
    "Max": 0.002274361,
    "Sum": 538.922506879002,
    "Avg": 0.00013903522686097984,
    "StdDev": 0.000046556705442474136,
    "Data": [
      {
        "Start": 0.000072145,
        "End": 0.001,
        "Percent": 99.99453066670657,
        "Count": 3875946
      },
      {
        "Start": 0.001,
        "End": 0.002,
        "Percent": 99.99930343396734,
        "Count": 185
      },
      {
        "Start": 0.002,
        "End": 0.002274361,
        "Percent": 100,
        "Count": 27
      }
    ],
    "Percentiles": [
      {
        "Percentile": 50,
        "Value": 0.0005360977554415761
      },
      {
        "Percentile": 75,
        "Value": 0.0007680742528564002
      },
      {
        "Percentile": 90,
        "Value": 0.0009072601513052947
      },
      {
        "Percentile": 99,
        "Value": 0.0009907716903746313
      },
      {
        "Percentile": 99.9,
        "Value": 0.0009991228442815649
      }
    ]
  },
  "Exactly": 0,
  "Jitter": true,
  "RetCodes": {
    "200": 3876158
  },
  "Sizes": {
    "Count": 3876158,
    "Min": 75,
    "Max": 75,
    "Sum": 290711850,
    "Avg": 75,
    "StdDev": 0,
    "Data": [
      {
        "Start": 75,
        "End": 75,
        "Percent": 100,
        "Count": 3876158
      }
    ],
    "Percentiles": null
  },
  "HeaderSizes": {
    "Count": 3876158,
    "Min": 75,
    "Max": 75,
    "Sum": 290711850,
    "Avg": 75,
    "StdDev": 0,
    "Data": [
      {
        "Start": 75,
        "End": 75,
        "Percent": 100,
        "Count": 3876158
      }
    ],
    "Percentiles": null
  },
  "URL": "http://fortio-server:8080/echo\\?size\\=1024",
  "SocketCount": 9,
  "AbortOn": 0
}
