{
  "RunType": "HTTP",
  "Labels": "1pod-diffnode-nosidecar-maxcore-conn1-resp512",
  "StartTime": "2021-03-28T04:05:37.222139325Z",
  "RequestedQPS": "max",
  "RequestedDuration": "1m0s",
  "ActualQPS": 8563.214598589715,
  "ActualDuration": 60000131269,
  "NumThreads": 1,
  "Version": "1.11.3",
  "DurationHistogram": {
    "Count": 513794,
    "Min": 0.000092618,
    "Max": 0.001188166,
    "Sum": 59.89599098200092,
    "Avg": 0.0001165758864097302,
    "StdDev": 0.000012602728501260072,
    "Data": [
      {
        "Start": 0.000092618,
        "End": 0.001,
        "Percent": 99.99961073893428,
        "Count": 513792
      },
      {
        "Start": 0.001,
        "End": 0.001188166,
        "Percent": 100,
        "Count": 2
      }
    ],
    "Percentiles": [
      {
        "Percentile": 50,
        "Value": 0.0005463098830263667
      },
      {
        "Percentile": 75,
        "Value": 0.0007731567075659169
      },
      {
        "Percentile": 90,
        "Value": 0.0009092648022896471
      },
      {
        "Percentile": 99,
        "Value": 0.000990929659123885
      },
      {
        "Percentile": 99.9,
        "Value": 0.0009990961448073088
      }
    ]
  },
  "Exactly": 0,
  "Jitter": true,
  "RetCodes": {
    "200": 513794
  },
  "Sizes": {
    "Count": 513794,
    "Min": 75,
    "Max": 75,
    "Sum": 38534550,
    "Avg": 75,
    "StdDev": 0,
    "Data": [
      {
        "Start": 75,
        "End": 75,
        "Percent": 100,
        "Count": 513794
      }
    ],
    "Percentiles": null
  },
  "HeaderSizes": {
    "Count": 513794,
    "Min": 75,
    "Max": 75,
    "Sum": 38534550,
    "Avg": 75,
    "StdDev": 0,
    "Data": [
      {
        "Start": 75,
        "End": 75,
        "Percent": 100,
        "Count": 513794
      }
    ],
    "Percentiles": null
  },
  "URL": "http://fortio-server:8080/echo\\?size\\=512",
  "SocketCount": 1,
  "AbortOn": 0
}
