{
  "RunType": "HTTP",
  "Labels": "1pod-diffnode-nosidecar-maxcore-conn7-resp1024",
  "StartTime": "2021-03-28T04:31:27.162160893Z",
  "RequestedQPS": "max",
  "RequestedDuration": "1m0s",
  "ActualQPS": 53918.98772984531,
  "ActualDuration": 60001423176,
  "NumThreads": 7,
  "Version": "1.11.3",
  "DurationHistogram": {
    "Count": 3235216,
    "Min": 0.000069895,
    "Max": 0.002091162,
    "Sum": 419.1388129529973,
    "Avg": 0.00012955512489830578,
    "StdDev": 0.00003779994740379118,
    "Data": [
      {
        "Start": 0.000069895,
        "End": 0.001,
        "Percent": 99.99613627034485,
        "Count": 3235091
      },
      {
        "Start": 0.001,
        "End": 0.002,
        "Percent": 99.99981454097656,
        "Count": 119
      },
      {
        "Start": 0.002,
        "End": 0.002091162,
        "Percent": 100,
        "Count": 6
      }
    ],
    "Percentiles": [
      {
        "Percentile": 50,
        "Value": 0.0005349653253186156
      },
      {
        "Percentile": 75,
        "Value": 0.000767500631730493
      },
      {
        "Percentile": 90,
        "Value": 0.0009070218155776194
      },
      {
        "Percentile": 99,
        "Value": 0.000990734525885895
      },
      {
        "Percentile": 99.9,
        "Value": 0.0009991057969167226
      }
    ]
  },
  "Exactly": 0,
  "Jitter": true,
  "RetCodes": {
    "200": 3235216
  },
  "Sizes": {
    "Count": 3235216,
    "Min": 75,
    "Max": 75,
    "Sum": 242641200,
    "Avg": 75,
    "StdDev": 0,
    "Data": [
      {
        "Start": 75,
        "End": 75,
        "Percent": 100,
        "Count": 3235216
      }
    ],
    "Percentiles": null
  },
  "HeaderSizes": {
    "Count": 3235216,
    "Min": 75,
    "Max": 75,
    "Sum": 242641200,
    "Avg": 75,
    "StdDev": 0,
    "Data": [
      {
        "Start": 75,
        "End": 75,
        "Percent": 100,
        "Count": 3235216
      }
    ],
    "Percentiles": null
  },
  "URL": "http://fortio-server:8080/echo\\?size\\=1024",
  "SocketCount": 7,
  "AbortOn": 0
}
