{
  "RunType": "HTTP",
  "Labels": "1pod-diffnode-nosidecar-maxcore-conn17-resp1024",
  "StartTime": "2021-03-28T04:41:34.568626938Z",
  "RequestedQPS": "max",
  "RequestedDuration": "1m0s",
  "ActualQPS": 83794.49041105364,
  "ActualDuration": 60000889979,
  "NumThreads": 17,
  "Version": "1.11.3",
  "DurationHistogram": {
    "Count": 5027744,
    "Min": 0.000077789,
    "Max": 0.004718545,
    "Sum": 1018.5160098929978,
    "Avg": 0.00020257913089707786,
    "StdDev": 0.00009178530089316741,
    "Data": [
      {
        "Start": 0.000077789,
        "End": 0.001,
        "Percent": 99.98673361253078,
        "Count": 5027077
      },
      {
        "Start": 0.001,
        "End": 0.002,
        "Percent": 99.99767291254288,
        "Count": 550
      },
      {
        "Start": 0.002,
        "End": 0.003,
        "Percent": 99.99932375236288,
        "Count": 83
      },
      {
        "Start": 0.003,
        "End": 0.004,
        "Percent": 99.99966187618145,
        "Count": 17
      },
      {
        "Start": 0.004,
        "End": 0.004718545,
        "Percent": 100,
        "Count": 17
      }
    ],
    "Percentiles": [
      {
        "Percentile": 50,
        "Value": 0.0005389555884464448
      },
      {
        "Percentile": 75,
        "Value": 0.0007695389743940614
      },
      {
        "Percentile": 90,
        "Value": 0.0009078890059626313
      },
      {
        "Percentile": 99,
        "Value": 0.0009908990249037732
      },
      {
        "Percentile": 99.9,
        "Value": 0.0009992000267978875
      }
    ]
  },
  "Exactly": 0,
  "Jitter": true,
  "RetCodes": {
    "200": 5027744
  },
  "Sizes": {
    "Count": 5027744,
    "Min": 75,
    "Max": 75,
    "Sum": 377080800,
    "Avg": 75,
    "StdDev": 0,
    "Data": [
      {
        "Start": 75,
        "End": 75,
        "Percent": 100,
        "Count": 5027744
      }
    ],
    "Percentiles": null
  },
  "HeaderSizes": {
    "Count": 5027744,
    "Min": 75,
    "Max": 75,
    "Sum": 377080800,
    "Avg": 75,
    "StdDev": 0,
    "Data": [
      {
        "Start": 75,
        "End": 75,
        "Percent": 100,
        "Count": 5027744
      }
    ],
    "Percentiles": null
  },
  "URL": "http://fortio-server:8080/echo\\?size\\=1024",
  "SocketCount": 17,
  "AbortOn": 0
}
