{
  "RunType": "HTTP",
  "Labels": "1pod-diffnode-nosidecar-maxcore-conn16-resp2048",
  "StartTime": "2021-03-28T05:01:19.188198289Z",
  "RequestedQPS": "max",
  "RequestedDuration": "1m0s",
  "ActualQPS": 83425.88614805863,
  "ActualDuration": 60000789097,
  "NumThreads": 16,
  "Version": "1.11.3",
  "DurationHistogram": {
    "Count": 5005619,
    "Min": 0.000074933,
    "Max": 0.009708906,
    "Sum": 958.548569131001,
    "Avg": 0.000191494512293285,
    "StdDev": 0.00008559149605094675,
    "Data": [
      {
        "Start": 0.000074933,
        "End": 0.001,
        "Percent": 99.98895241527572,
        "Count": 5005066
      },
      {
        "Start": 0.001,
        "End": 0.002,
        "Percent": 99.99864152665235,
        "Count": 485
      },
      {
        "Start": 0.002,
        "End": 0.003,
        "Percent": 99.99948058372001,
        "Count": 42
      },
      {
        "Start": 0.003,
        "End": 0.004,
        "Percent": 99.99968035921232,
        "Count": 10
      },
      {
        "Start": 0.009000000000000001,
        "End": 0.009708906,
        "Percent": 100,
        "Count": 16
      }
    ],
    "Percentiles": [
      {
        "Percentile": 50,
        "Value": 0.0005375175120232204
      },
      {
        "Percentile": 75,
        "Value": 0.0007688098604479163
      },
      {
        "Percentile": 90,
        "Value": 0.0009075852695027337
      },
      {
        "Percentile": 99,
        "Value": 0.0009908505149356242
      },
      {
        "Percentile": 99.9,
        "Value": 0.0009991770394789132
      }
    ]
  },
  "Exactly": 0,
  "Jitter": true,
  "RetCodes": {
    "200": 5005619
  },
  "Sizes": {
    "Count": 5005619,
    "Min": 75,
    "Max": 75,
    "Sum": 375421425,
    "Avg": 75,
    "StdDev": 0,
    "Data": [
      {
        "Start": 75,
        "End": 75,
        "Percent": 100,
        "Count": 5005619
      }
    ],
    "Percentiles": null
  },
  "HeaderSizes": {
    "Count": 5005619,
    "Min": 75,
    "Max": 75,
    "Sum": 375421425,
    "Avg": 75,
    "StdDev": 0,
    "Data": [
      {
        "Start": 75,
        "End": 75,
        "Percent": 100,
        "Count": 5005619
      }
    ],
    "Percentiles": null
  },
  "URL": "http://fortio-server:8080/echo\\?size\\=2048",
  "SocketCount": 16,
  "AbortOn": 0
}
