{
  "RunType": "HTTP",
  "Labels": "1pod-diffnode-nosidecar-maxcore-conn7-resp32",
  "StartTime": "2021-03-28T03:30:12.075687372Z",
  "RequestedQPS": "max",
  "RequestedDuration": "1m0s",
  "ActualQPS": 54656.12172194452,
  "ActualDuration": 60000214005,
  "NumThreads": 7,
  "Version": "1.11.3",
  "DurationHistogram": {
    "Count": 3279379,
    "Min": 0.000071707,
    "Max": 0.002865561,
    "Sum": 419.12121068499386,
    "Avg": 0.00012780505415354367,
    "StdDev": 0.00003660461762049989,
    "Data": [
      {
        "Start": 0.000071707,
        "End": 0.001,
        "Percent": 99.99399276509364,
        "Count": 3279182
      },
      {
        "Start": 0.001,
        "End": 0.002,
        "Percent": 99.9987497632936,
        "Count": 156
      },
      {
        "Start": 0.002,
        "End": 0.002865561,
        "Percent": 100,
        "Count": 41
      }
    ],
    "Percentiles": [
      {
        "Percentile": 50,
        "Value": 0.0005358812425107062
      },
      {
        "Percentile": 75,
        "Value": 0.0007679685053094812
      },
      {
        "Percentile": 90,
        "Value": 0.0009072208629887463
      },
      {
        "Percentile": 99,
        "Value": 0.0009907722775963053
      },
      {
        "Percentile": 99.9,
        "Value": 0.0009991274190570612
      }
    ]
  },
  "Exactly": 0,
  "Jitter": true,
  "RetCodes": {
    "200": 3279379
  },
  "Sizes": {
    "Count": 3279379,
    "Min": 75,
    "Max": 75,
    "Sum": 245953425,
    "Avg": 75,
    "StdDev": 0,
    "Data": [
      {
        "Start": 75,
        "End": 75,
        "Percent": 100,
        "Count": 3279379
      }
    ],
    "Percentiles": null
  },
  "HeaderSizes": {
    "Count": 3279379,
    "Min": 75,
    "Max": 75,
    "Sum": 245953425,
    "Avg": 75,
    "StdDev": 0,
    "Data": [
      {
        "Start": 75,
        "End": 75,
        "Percent": 100,
        "Count": 3279379
      }
    ],
    "Percentiles": null
  },
  "URL": "http://fortio-server:8080/echo\\?size\\=32",
  "SocketCount": 7,
  "AbortOn": 0
}
