{
  "RunType": "HTTP",
  "Labels": "1pod-diffnode-nosidecar-maxcore-conn12-resp1024",
  "StartTime": "2021-03-28T04:36:30.59020731Z",
  "RequestedQPS": "max",
  "RequestedDuration": "1m0s",
  "ActualQPS": 75969.63488126657,
  "ActualDuration": 60000301530,
  "NumThreads": 12,
  "Version": "1.11.3",
  "DurationHistogram": {
    "Count": 4558201,
    "Min": 0.000073857,
    "Max": 0.002619268,
    "Sum": 718.6873845970014,
    "Avg": 0.00015766908580753709,
    "StdDev": 0.0000614799362570082,
    "Data": [
      {
        "Start": 0.000073857,
        "End": 0.001,
        "Percent": 99.98964503759268,
        "Count": 4557729
      },
      {
        "Start": 0.001,
        "End": 0.002,
        "Percent": 99.99631433541434,
        "Count": 304
      },
      {
        "Start": 0.002,
        "End": 0.002619268,
        "Percent": 100,
        "Count": 168
      }
    ],
    "Percentiles": [
      {
        "Percentile": 50,
        "Value": 0.0005369763542546857
      },
      {
        "Percentile": 75,
        "Value": 0.0007685361329834186
      },
      {
        "Percentile": 90,
        "Value": 0.0009074720002206582
      },
      {
        "Percentile": 99,
        "Value": 0.0009908335205630022
      },
      {
        "Percentile": 99.9,
        "Value": 0.0009991696725972364
      }
    ]
  },
  "Exactly": 0,
  "Jitter": true,
  "RetCodes": {
    "200": 4558201
  },
  "Sizes": {
    "Count": 4558201,
    "Min": 75,
    "Max": 75,
    "Sum": 341865075,
    "Avg": 75,
    "StdDev": 0,
    "Data": [
      {
        "Start": 75,
        "End": 75,
        "Percent": 100,
        "Count": 4558201
      }
    ],
    "Percentiles": null
  },
  "HeaderSizes": {
    "Count": 4558201,
    "Min": 75,
    "Max": 75,
    "Sum": 341865075,
    "Avg": 75,
    "StdDev": 0,
    "Data": [
      {
        "Start": 75,
        "End": 75,
        "Percent": 100,
        "Count": 4558201
      }
    ],
    "Percentiles": null
  },
  "URL": "http://fortio-server:8080/echo\\?size\\=1024",
  "SocketCount": 12,
  "AbortOn": 0
}
