{
  "RunType": "HTTP",
  "Labels": "1pod-diffnode-nosidecar-maxcore-conn11-resp1024",
  "StartTime": "2021-03-28T04:35:29.861516326Z",
  "RequestedQPS": "max",
  "RequestedDuration": "1m0s",
  "ActualQPS": 72673.99208455358,
  "ActualDuration": 60000171656,
  "NumThreads": 11,
  "Version": "1.11.3",
  "DurationHistogram": {
    "Count": 4360452,
    "Min": 0.000074666,
    "Max": 0.004383406,
    "Sum": 658.7475299450033,
    "Avg": 0.00015107322129563708,
    "StdDev": 0.00005686090543320766,
    "Data": [
      {
        "Start": 0.000074666,
        "End": 0.001,
        "Percent": 99.99057437164771,
        "Count": 4360041
      },
      {
        "Start": 0.001,
        "End": 0.002,
        "Percent": 99.99672052346867,
        "Count": 268
      },
      {
        "Start": 0.002,
        "End": 0.003,
        "Percent": 99.99974773257452,
        "Count": 132
      },
      {
        "Start": 0.004,
        "End": 0.004383406,
        "Percent": 100,
        "Count": 11
      }
    ],
    "Percentiles": [
      {
        "Percentile": 50,
        "Value": 0.0005373765072774562
      },
      {
        "Percentile": 75,
        "Value": 0.0007687318670314951
      },
      {
        "Percentile": 90,
        "Value": 0.0009075450828839185
      },
      {
        "Percentile": 99,
        "Value": 0.0009908330123953725
      },
      {
        "Percentile": 99.9,
        "Value": 0.000999161805346518
      }
    ]
  },
  "Exactly": 0,
  "Jitter": true,
  "RetCodes": {
    "200": 4360452
  },
  "Sizes": {
    "Count": 4360452,
    "Min": 75,
    "Max": 75,
    "Sum": 327033900,
    "Avg": 75,
    "StdDev": 0,
    "Data": [
      {
        "Start": 75,
        "End": 75,
        "Percent": 100,
        "Count": 4360452
      }
    ],
    "Percentiles": null
  },
  "HeaderSizes": {
    "Count": 4360452,
    "Min": 75,
    "Max": 75,
    "Sum": 327033900,
    "Avg": 75,
    "StdDev": 0,
    "Data": [
      {
        "Start": 75,
        "End": 75,
        "Percent": 100,
        "Count": 4360452
      }
    ],
    "Percentiles": null
  },
  "URL": "http://fortio-server:8080/echo\\?size\\=1024",
  "SocketCount": 11,
  "AbortOn": 0
}
