{
  "RunType": "HTTP",
  "Labels": "1pod-diffnode-nosidecar-maxcore-conn8-resp128",
  "StartTime": "2021-03-28T03:51:57.851765098Z",
  "RequestedQPS": "max",
  "RequestedDuration": "1m0s",
  "ActualQPS": 59832.25650928523,
  "ActualDuration": 60000143893,
  "NumThreads": 8,
  "Version": "1.11.3",
  "DurationHistogram": {
    "Count": 3589944,
    "Min": 0.000072097,
    "Max": 0.002480132,
    "Sum": 479.0176322940019,
    "Avg": 0.00013343317675540395,
    "StdDev": 0.000042607046016544464,
    "Data": [
      {
        "Start": 0.000072097,
        "End": 0.001,
        "Percent": 99.9925625580789,
        "Count": 3589677
      },
      {
        "Start": 0.001,
        "End": 0.002,
        "Percent": 99.9989971988421,
        "Count": 231
      },
      {
        "Start": 0.002,
        "End": 0.002480132,
        "Percent": 100,
        "Count": 36
      }
    ],
    "Percentiles": [
      {
        "Percentile": 50,
        "Value": 0.000536082879453466
      },
      {
        "Percentile": 75,
        "Value": 0.0007680759484262647
      },
      {
        "Percentile": 90,
        "Value": 0.0009072717898099439
      },
      {
        "Percentile": 99,
        "Value": 0.0009907892946401512
      },
      {
        "Percentile": 99.9,
        "Value": 0.0009991410451231722
      }
    ]
  },
  "Exactly": 0,
  "Jitter": true,
  "RetCodes": {
    "200": 3589944
  },
  "Sizes": {
    "Count": 3589944,
    "Min": 75,
    "Max": 75,
    "Sum": 269245800,
    "Avg": 75,
    "StdDev": 0,
    "Data": [
      {
        "Start": 75,
        "End": 75,
        "Percent": 100,
        "Count": 3589944
      }
    ],
    "Percentiles": null
  },
  "HeaderSizes": {
    "Count": 3589944,
    "Min": 75,
    "Max": 75,
    "Sum": 269245800,
    "Avg": 75,
    "StdDev": 0,
    "Data": [
      {
        "Start": 75,
        "End": 75,
        "Percent": 100,
        "Count": 3589944
      }
    ],
    "Percentiles": null
  },
  "URL": "http://fortio-server:8080/echo\\?size\\=128",
  "SocketCount": 8,
  "AbortOn": 0
}
