{
  "RunType": "HTTP",
  "Labels": "1pod-diffnode-nosidecar-maxcore-conn16-resp32",
  "StartTime": "2021-03-28T03:39:18.896654704Z",
  "RequestedQPS": "max",
  "RequestedDuration": "1m0s",
  "ActualQPS": 84229.95894224555,
  "ActualDuration": 60000717838,
  "NumThreads": 16,
  "Version": "1.11.3",
  "DurationHistogram": {
    "Count": 5053858,
    "Min": 0.000076578,
    "Max": 0.003831079,
    "Sum": 958.5017180369957,
    "Avg": 0.00018965742963830717,
    "StdDev": 0.00008312394912415841,
    "Data": [
      {
        "Start": 0.000076578,
        "End": 0.001,
        "Percent": 99.98779150502448,
        "Count": 5053241
      },
      {
        "Start": 0.001,
        "End": 0.002,
        "Percent": 99.99786301870769,
        "Count": 509
      },
      {
        "Start": 0.002,
        "End": 0.003,
        "Percent": 99.99948554154074,
        "Count": 82
      },
      {
        "Start": 0.003,
        "End": 0.003831079,
        "Percent": 100,
        "Count": 26
      }
    ],
    "Percentiles": [
      {
        "Percentile": 50,
        "Value": 0.0005383452834886133
      },
      {
        "Percentile": 75,
        "Value": 0.0007692290166022196
      },
      {
        "Percentile": 90,
        "Value": 0.0009077592564703834
      },
      {
        "Percentile": 99,
        "Value": 0.0009908774003912816
      },
      {
        "Percentile": 99.9,
        "Value": 0.0009991892147833716
      }
    ]
  },
  "Exactly": 0,
  "Jitter": true,
  "RetCodes": {
    "200": 5053858
  },
  "Sizes": {
    "Count": 5053858,
    "Min": 75,
    "Max": 75,
    "Sum": 379039350,
    "Avg": 75,
    "StdDev": 0,
    "Data": [
      {
        "Start": 75,
        "End": 75,
        "Percent": 100,
        "Count": 5053858
      }
    ],
    "Percentiles": null
  },
  "HeaderSizes": {
    "Count": 5053858,
    "Min": 75,
    "Max": 75,
    "Sum": 379039350,
    "Avg": 75,
    "StdDev": 0,
    "Data": [
      {
        "Start": 75,
        "End": 75,
        "Percent": 100,
        "Count": 5053858
      }
    ],
    "Percentiles": null
  },
  "URL": "http://fortio-server:8080/echo\\?size\\=32",
  "SocketCount": 16,
  "AbortOn": 0
}
