{
  "RunType": "HTTP",
  "Labels": "1pod-diffnode-nosidecar-maxcore-conn2-resp32",
  "StartTime": "2021-03-28T03:25:08.203154861Z",
  "RequestedQPS": "max",
  "RequestedDuration": "1m0s",
  "ActualQPS": 17425.489144383413,
  "ActualDuration": 60000209540,
  "NumThreads": 2,
  "Version": "1.11.3",
  "DurationHistogram": {
    "Count": 1045533,
    "Min": 0.000075606,
    "Max": 0.002482113,
    "Sum": 119.82912685699996,
    "Avg": 0.00011461056404436776,
    "StdDev": 0.00001710792010811067,
    "Data": [
      {
        "Start": 0.000075606,
        "End": 0.001,
        "Percent": 99.99846968005792,
        "Count": 1045517
      },
      {
        "Start": 0.001,
        "End": 0.002,
        "Percent": 99.99885226004344,
        "Count": 4
      },
      {
        "Start": 0.002,
        "End": 0.002482113,
        "Percent": 100,
        "Count": 12
      }
    ],
    "Percentiles": [
      {
        "Percentile": 50,
        "Value": 0.0005378096311323787
      },
      {
        "Percentile": 75,
        "Value": 0.0007689118887740599
      },
      {
        "Percentile": 90,
        "Value": 0.0009075732433590686
      },
      {
        "Percentile": 99,
        "Value": 0.000990770056110074
      },
      {
        "Percentile": 99.9,
        "Value": 0.0009990897373851745
      }
    ]
  },
  "Exactly": 0,
  "Jitter": true,
  "RetCodes": {
    "200": 1045533
  },
  "Sizes": {
    "Count": 1045533,
    "Min": 75,
    "Max": 75,
    "Sum": 78414975,
    "Avg": 75,
    "StdDev": 0,
    "Data": [
      {
        "Start": 75,
        "End": 75,
        "Percent": 100,
        "Count": 1045533
      }
    ],
    "Percentiles": null
  },
  "HeaderSizes": {
    "Count": 1045533,
    "Min": 75,
    "Max": 75,
    "Sum": 78414975,
    "Avg": 75,
    "StdDev": 0,
    "Data": [
      {
        "Start": 75,
        "End": 75,
        "Percent": 100,
        "Count": 1045533
      }
    ],
    "Percentiles": null
  },
  "URL": "http://fortio-server:8080/echo\\?size\\=32",
  "SocketCount": 2,
  "AbortOn": 0
}
