{
  "RunType": "HTTP",
  "Labels": "1pod-diffnode-nosidecar-maxcore-conn18-resp128",
  "StartTime": "2021-03-28T04:02:04.741436821Z",
  "RequestedQPS": "max",
  "RequestedDuration": "1m0s",
  "ActualQPS": 83518.96469764282,
  "ActualDuration": 60000528241,
  "NumThreads": 18,
  "Version": "1.11.3",
  "DurationHistogram": {
    "Count": 5011182,
    "Min": 0.00007506,
    "Max": 0.002525509,
    "Sum": 1078.5157136299983,
    "Avg": 0.00021522182064630626,
    "StdDev": 0.00010034134265578423,
    "Data": [
      {
        "Start": 0.00007506,
        "End": 0.001,
        "Percent": 99.98285833561822,
        "Count": 5010323
      },
      {
        "Start": 0.001,
        "End": 0.002,
        "Percent": 99.99910200826871,
        "Count": 814
      },
      {
        "Start": 0.002,
        "End": 0.002525509,
        "Percent": 100,
        "Count": 45
      }
    ],
    "Percentiles": [
      {
        "Percentile": 50,
        "Value": 0.0005376091963590364
      },
      {
        "Percentile": 75,
        "Value": 0.0007688838868420034
      },
      {
        "Percentile": 90,
        "Value": 0.0009076487011317835
      },
      {
        "Percentile": 99,
        "Value": 0.0009909075897056518
      },
      {
        "Percentile": 99.9,
        "Value": 0.0009992334785630386
      }
    ]
  },
  "Exactly": 0,
  "Jitter": true,
  "RetCodes": {
    "200": 5011182
  },
  "Sizes": {
    "Count": 5011182,
    "Min": 75,
    "Max": 75,
    "Sum": 375838650,
    "Avg": 75,
    "StdDev": 0,
    "Data": [
      {
        "Start": 75,
        "End": 75,
        "Percent": 100,
        "Count": 5011182
      }
    ],
    "Percentiles": null
  },
  "HeaderSizes": {
    "Count": 5011182,
    "Min": 75,
    "Max": 75,
    "Sum": 375838650,
    "Avg": 75,
    "StdDev": 0,
    "Data": [
      {
        "Start": 75,
        "End": 75,
        "Percent": 100,
        "Count": 5011182
      }
    ],
    "Percentiles": null
  },
  "URL": "http://fortio-server:8080/echo\\?size\\=128",
  "SocketCount": 18,
  "AbortOn": 0
}
