{
  "RunType": "HTTP",
  "Labels": "1pod-diffnode-nosidecar-maxcore-conn5-resp512",
  "StartTime": "2021-03-28T04:09:40.152776694Z",
  "RequestedQPS": "max",
  "RequestedDuration": "1m0s",
  "ActualQPS": 41353.562386371996,
  "ActualDuration": 60000199664,
  "NumThreads": 5,
  "Version": "1.11.3",
  "DurationHistogram": {
    "Count": 2481222,
    "Min": 0.000072036,
    "Max": 0.004564125,
    "Sum": 299.3772201750002,
    "Avg": 0.00012065716819172175,
    "StdDev": 0.00003104746912069071,
    "Data": [
      {
        "Start": 0.000072036,
        "End": 0.001,
        "Percent": 99.99580851693239,
        "Count": 2481118
      },
      {
        "Start": 0.001,
        "End": 0.002,
        "Percent": 99.99959697278196,
        "Count": 94
      },
      {
        "Start": 0.002,
        "End": 0.003,
        "Percent": 99.99979848639099,
        "Count": 5
      },
      {
        "Start": 0.004,
        "End": 0.004564125,
        "Percent": 100,
        "Count": 5
      }
    ],
    "Percentiles": [
      {
        "Percentile": 50,
        "Value": 0.0005360372615446994
      },
      {
        "Percentile": 75,
        "Value": 0.0007680380793223375
      },
      {
        "Percentile": 90,
        "Value": 0.0009072385699889203
      },
      {
        "Percentile": 99,
        "Value": 0.00099075886438887
      },
      {
        "Percentile": 99.9,
        "Value": 0.000999110893828865
      }
    ]
  },
  "Exactly": 0,
  "Jitter": true,
  "RetCodes": {
    "200": 2481222
  },
  "Sizes": {
    "Count": 2481222,
    "Min": 75,
    "Max": 75,
    "Sum": 186091650,
    "Avg": 75,
    "StdDev": 0,
    "Data": [
      {
        "Start": 75,
        "End": 75,
        "Percent": 100,
        "Count": 2481222
      }
    ],
    "Percentiles": null
  },
  "HeaderSizes": {
    "Count": 2481222,
    "Min": 75,
    "Max": 75,
    "Sum": 186091650,
    "Avg": 75,
    "StdDev": 0,
    "Data": [
      {
        "Start": 75,
        "End": 75,
        "Percent": 100,
        "Count": 2481222
      }
    ],
    "Percentiles": null
  },
  "URL": "http://fortio-server:8080/echo\\?size\\=512",
  "SocketCount": 5,
  "AbortOn": 0
}
