{
  "RunType": "HTTP",
  "Labels": "1pod-diffnode-nosidecar-maxcore-conn2-resp1024",
  "StartTime": "2021-03-28T04:26:23.639121619Z",
  "RequestedQPS": "max",
  "RequestedDuration": "1m0s",
  "ActualQPS": 17297.721371430074,
  "ActualDuration": 60000157114,
  "NumThreads": 2,
  "Version": "1.11.3",
  "DurationHistogram": {
    "Count": 1037866,
    "Min": 0.000078564,
    "Max": 0.006718713,
    "Sum": 119.82422221300169,
    "Avg": 0.00011545249792651623,
    "StdDev": 0.000019330163424295475,
    "Data": [
      {
        "Start": 0.000078564,
        "End": 0.001,
        "Percent": 99.99980729689574,
        "Count": 1037864
      },
      {
        "Start": 0.006,
        "End": 0.006718713,
        "Percent": 100,
        "Count": 2
      }
    ],
    "Percentiles": [
      {
        "Percentile": 50,
        "Value": 0.0005392824439102271
      },
      {
        "Percentile": 75,
        "Value": 0.0007696421097755677
      },
      {
        "Percentile": 90,
        "Value": 0.0009078579092947722
      },
      {
        "Percentile": 99,
        "Value": 0.0009907873890062948
      },
      {
        "Percentile": 99.9,
        "Value": 0.000999080336977447
      }
    ]
  },
  "Exactly": 0,
  "Jitter": true,
  "RetCodes": {
    "200": 1037866
  },
  "Sizes": {
    "Count": 1037866,
    "Min": 75,
    "Max": 75,
    "Sum": 77839950,
    "Avg": 75,
    "StdDev": 0,
    "Data": [
      {
        "Start": 75,
        "End": 75,
        "Percent": 100,
        "Count": 1037866
      }
    ],
    "Percentiles": null
  },
  "HeaderSizes": {
    "Count": 1037866,
    "Min": 75,
    "Max": 75,
    "Sum": 77839950,
    "Avg": 75,
    "StdDev": 0,
    "Data": [
      {
        "Start": 75,
        "End": 75,
        "Percent": 100,
        "Count": 1037866
      }
    ],
    "Percentiles": null
  },
  "URL": "http://fortio-server:8080/echo\\?size\\=1024",
  "SocketCount": 2,
  "AbortOn": 0
}
