{
  "RunType": "HTTP",
  "Labels": "1pod-diffnode-nosidecar-maxcore-conn8-resp512",
  "StartTime": "2021-03-28T04:12:42.415960834Z",
  "RequestedQPS": "max",
  "RequestedDuration": "1m0s",
  "ActualQPS": 59467.29031446756,
  "ActualDuration": 60000161116,
  "NumThreads": 8,
  "Version": "1.11.3",
  "DurationHistogram": {
    "Count": 3568047,
    "Min": 0.000072191,
    "Max": 0.00244549,
    "Sum": 479.02375386600414,
    "Avg": 0.00013425376792009863,
    "StdDev": 0.000041782303391043436,
    "Data": [
      {
        "Start": 0.000072191,
        "End": 0.001,
        "Percent": 99.99456285189068,
        "Count": 3567853
      },
      {
        "Start": 0.001,
        "End": 0.002,
        "Percent": 99.99949552234037,
        "Count": 176
      },
      {
        "Start": 0.002,
        "End": 0.00244549,
        "Percent": 100,
        "Count": 18
      }
    ],
    "Percentiles": [
      {
        "Percentile": 50,
        "Value": 0.000536120594529846
      },
      {
        "Percentile": 75,
        "Value": 0.0007680855218182397
      },
      {
        "Percentile": 90,
        "Value": 0.0009072644781912759
      },
      {
        "Percentile": 99,
        "Value": 0.0009907718520150977
      },
      {
        "Percentile": 99.9,
        "Value": 0.00099912258939748
      }
    ]
  },
  "Exactly": 0,
  "Jitter": true,
  "RetCodes": {
    "200": 3568047
  },
  "Sizes": {
    "Count": 3568047,
    "Min": 75,
    "Max": 75,
    "Sum": 267603525,
    "Avg": 75,
    "StdDev": 0,
    "Data": [
      {
        "Start": 75,
        "End": 75,
        "Percent": 100,
        "Count": 3568047
      }
    ],
    "Percentiles": null
  },
  "HeaderSizes": {
    "Count": 3568047,
    "Min": 75,
    "Max": 75,
    "Sum": 267603525,
    "Avg": 75,
    "StdDev": 0,
    "Data": [
      {
        "Start": 75,
        "End": 75,
        "Percent": 100,
        "Count": 3568047
      }
    ],
    "Percentiles": null
  },
  "URL": "http://fortio-server:8080/echo\\?size\\=512",
  "SocketCount": 8,
  "AbortOn": 0
}
