{
  "RunType": "HTTP",
  "Labels": "1pod-diffnode-nosidecar-maxcore-conn10-resp512",
  "StartTime": "2021-03-28T04:14:43.637384418Z",
  "RequestedQPS": "max",
  "RequestedDuration": "1m0s",
  "ActualQPS": 69041.98585369189,
  "ActualDuration": 60000171617,
  "NumThreads": 10,
  "Version": "1.11.3",
  "DurationHistogram": {
    "Count": 4142531,
    "Min": 0.00007415,
    "Max": 0.002467055,
    "Sum": 598.845077592004,
    "Avg": 0.0001445601922090635,
    "StdDev": 0.00005031293845633535,
    "Data": [
      {
        "Start": 0.00007415,
        "End": 0.001,
        "Percent": 99.9933856861904,
        "Count": 4142257
      },
      {
        "Start": 0.001,
        "End": 0.002,
        "Percent": 99.9987930084289,
        "Count": 224
      },
      {
        "Start": 0.002,
        "End": 0.002467055,
        "Percent": 100,
        "Count": 50
      }
    ],
    "Percentiles": [
      {
        "Percentile": 50,
        "Value": 0.0005371055095882534
      },
      {
        "Percentile": 75,
        "Value": 0.0007685833761391137
      },
      {
        "Percentile": 90,
        "Value": 0.0009074700960696297
      },
      {
        "Percentile": 99,
        "Value": 0.0009908021280279394
      },
      {
        "Percentile": 99.9,
        "Value": 0.0009991353312237704
      }
    ]
  },
  "Exactly": 0,
  "Jitter": true,
  "RetCodes": {
    "200": 4142531
  },
  "Sizes": {
    "Count": 4142531,
    "Min": 75,
    "Max": 75,
    "Sum": 310689825,
    "Avg": 75,
    "StdDev": 0,
    "Data": [
      {
        "Start": 75,
        "End": 75,
        "Percent": 100,
        "Count": 4142531
      }
    ],
    "Percentiles": null
  },
  "HeaderSizes": {
    "Count": 4142531,
    "Min": 75,
    "Max": 75,
    "Sum": 310689825,
    "Avg": 75,
    "StdDev": 0,
    "Data": [
      {
        "Start": 75,
        "End": 75,
        "Percent": 100,
        "Count": 4142531
      }
    ],
    "Percentiles": null
  },
  "URL": "http://fortio-server:8080/echo\\?size\\=512",
  "SocketCount": 10,
  "AbortOn": 0
}
