{
  "RunType": "HTTP",
  "Labels": "1pod-diffnode-nosidecar-maxcore-conn7-resp512",
  "StartTime": "2021-03-28T04:11:41.625549611Z",
  "RequestedQPS": "max",
  "RequestedDuration": "1m0s",
  "ActualQPS": 54347.948732486104,
  "ActualDuration": 60000148599,
  "NumThreads": 7,
  "Version": "1.11.3",
  "DurationHistogram": {
    "Count": 3260885,
    "Min": 0.000072614,
    "Max": 0.009412187,
    "Sum": 419.12611428599524,
    "Avg": 0.00012853139999907854,
    "StdDev": 0.00003999025994220039,
    "Data": [
      {
        "Start": 0.000072614,
        "End": 0.001,
        "Percent": 99.99555335438079,
        "Count": 3260740
      },
      {
        "Start": 0.001,
        "End": 0.002,
        "Percent": 99.99957066869884,
        "Count": 131
      },
      {
        "Start": 0.002,
        "End": 0.003,
        "Percent": 99.99978533434941,
        "Count": 7
      },
      {
        "Start": 0.009000000000000001,
        "End": 0.009412187,
        "Percent": 100,
        "Count": 7
      }
    ],
    "Percentiles": [
      {
        "Percentile": 50,
        "Value": 0.0005363274775027992
      },
      {
        "Percentile": 75,
        "Value": 0.0007681843584590794
      },
      {
        "Percentile": 90,
        "Value": 0.0009072984870328475
      },
      {
        "Percentile": 99,
        "Value": 0.0009907669641771083
      },
      {
        "Percentile": 99.9,
        "Value": 0.0009991138118915345
      }
    ]
  },
  "Exactly": 0,
  "Jitter": true,
  "RetCodes": {
    "200": 3260885
  },
  "Sizes": {
    "Count": 3260885,
    "Min": 75,
    "Max": 75,
    "Sum": 244566375,
    "Avg": 75,
    "StdDev": 0,
    "Data": [
      {
        "Start": 75,
        "End": 75,
        "Percent": 100,
        "Count": 3260885
      }
    ],
    "Percentiles": null
  },
  "HeaderSizes": {
    "Count": 3260885,
    "Min": 75,
    "Max": 75,
    "Sum": 244566375,
    "Avg": 75,
    "StdDev": 0,
    "Data": [
      {
        "Start": 75,
        "End": 75,
        "Percent": 100,
        "Count": 3260885
      }
    ],
    "Percentiles": null
  },
  "URL": "http://fortio-server:8080/echo\\?size\\=512",
  "SocketCount": 7,
  "AbortOn": 0
}
