{
  "RunType": "HTTP",
  "Labels": "1pod-diffnode-nosidecar-maxcore-conn12-resp512",
  "StartTime": "2021-03-28T04:16:45.238061302Z",
  "RequestedQPS": "max",
  "RequestedDuration": "1m0s",
  "ActualQPS": 76163.32858350128,
  "ActualDuration": 60000200687,
  "NumThreads": 12,
  "Version": "1.11.3",
  "DurationHistogram": {
    "Count": 4569815,
    "Min": 0.000074149,
    "Max": 0.003265676,
    "Sum": 718.6845293859966,
    "Avg": 0.00015726775140481543,
    "StdDev": 0.00005942137135464103,
    "Data": [
      {
        "Start": 0.000074149,
        "End": 0.001,
        "Percent": 99.99380718913129,
        "Count": 4569532
      },
      {
        "Start": 0.001,
        "End": 0.002,
        "Percent": 99.99973740731299,
        "Count": 271
      },
      {
        "Start": 0.003,
        "End": 0.003265676,
        "Percent": 100,
        "Count": 12
      }
    ],
    "Percentiles": [
      {
        "Percentile": 50,
        "Value": 0.0005371030685754183
      },
      {
        "Percentile": 75,
        "Value": 0.0007685802041701326
      },
      {
        "Percentile": 90,
        "Value": 0.0009074664855269611
      },
      {
        "Percentile": 99,
        "Value": 0.0009907982543410582
      },
      {
        "Percentile": 99.9,
        "Value": 0.000999131431222468
      }
    ]
  },
  "Exactly": 0,
  "Jitter": true,
  "RetCodes": {
    "200": 4569815
  },
  "Sizes": {
    "Count": 4569815,
    "Min": 75,
    "Max": 75,
    "Sum": 342736125,
    "Avg": 75,
    "StdDev": 0,
    "Data": [
      {
        "Start": 75,
        "End": 75,
        "Percent": 100,
        "Count": 4569815
      }
    ],
    "Percentiles": null
  },
  "HeaderSizes": {
    "Count": 4569815,
    "Min": 75,
    "Max": 75,
    "Sum": 342736125,
    "Avg": 75,
    "StdDev": 0,
    "Data": [
      {
        "Start": 75,
        "End": 75,
        "Percent": 100,
        "Count": 4569815
      }
    ],
    "Percentiles": null
  },
  "URL": "http://fortio-server:8080/echo\\?size\\=512",
  "SocketCount": 12,
  "AbortOn": 0
}
