{
  "RunType": "HTTP",
  "Labels": "1pod-diffnode-nosidecar-maxcore-conn18-resp2048",
  "StartTime": "2021-03-28T05:03:20.885100138Z",
  "RequestedQPS": "max",
  "RequestedDuration": "1m0s",
  "ActualQPS": 82451.32299961794,
  "ActualDuration": 60001099073,
  "NumThreads": 18,
  "Version": "1.11.3",
  "DurationHistogram": {
    "Count": 4947170,
    "Min": 0.000073956,
    "Max": 0.006255571,
    "Sum": 1078.5553897739985,
    "Avg": 0.0002180146204343086,
    "StdDev": 0.00010369816377129052,
    "Data": [
      {
        "Start": 0.000073956,
        "End": 0.001,
        "Percent": 99.98601220495758,
        "Count": 4946478
      },
      {
        "Start": 0.001,
        "End": 0.002,
        "Percent": 99.99846376817453,
        "Count": 616
      },
      {
        "Start": 0.002,
        "End": 0.003,
        "Percent": 99.99961594204363,
        "Count": 57
      },
      {
        "Start": 0.004,
        "End": 0.005,
        "Percent": 99.99963615562028,
        "Count": 1
      },
      {
        "Start": 0.006,
        "End": 0.006255571,
        "Percent": 100,
        "Count": 18
      }
    ],
    "Percentiles": [
      {
        "Percentile": 50,
        "Value": 0.0005370426820357195
      },
      {
        "Percentile": 75,
        "Value": 0.0007685861166599987
      },
      {
        "Percentile": 90,
        "Value": 0.0009075121774345661
      },
      {
        "Percentile": 99,
        "Value": 0.0009908678138993066
      },
      {
        "Percentile": 99.9,
        "Value": 0.0009992033775457806
      }
    ]
  },
  "Exactly": 0,
  "Jitter": true,
  "RetCodes": {
    "200": 4947170
  },
  "Sizes": {
    "Count": 4947170,
    "Min": 75,
    "Max": 75,
    "Sum": 371037750,
    "Avg": 75,
    "StdDev": 0,
    "Data": [
      {
        "Start": 75,
        "End": 75,
        "Percent": 100,
        "Count": 4947170
      }
    ],
    "Percentiles": null
  },
  "HeaderSizes": {
    "Count": 4947170,
    "Min": 75,
    "Max": 75,
    "Sum": 371037750,
    "Avg": 75,
    "StdDev": 0,
    "Data": [
      {
        "Start": 75,
        "End": 75,
        "Percent": 100,
        "Count": 4947170
      }
    ],
    "Percentiles": null
  },
  "URL": "http://fortio-server:8080/echo\\?size\\=2048",
  "SocketCount": 18,
  "AbortOn": 0
}
