{
  "RunType": "HTTP",
  "Labels": "1pod-diffnode-nosidecar-maxcore-conn5-resp32",
  "StartTime": "2021-03-28T03:28:10.612931148Z",
  "RequestedQPS": "max",
  "RequestedDuration": "1m0s",
  "ActualQPS": 41688.67499673724,
  "ActualDuration": 60000203897,
  "NumThreads": 5,
  "Version": "1.11.3",
  "DurationHistogram": {
    "Count": 2501329,
    "Min": 0.000072452,
    "Max": 0.002403244,
    "Sum": 299.386854733,
    "Avg": 0.00011969111409694606,
    "StdDev": 0.000029825281496579488,
    "Data": [
      {
        "Start": 0.000072452,
        "End": 0.001,
        "Percent": 99.99520255032425,
        "Count": 2501209
      },
      {
        "Start": 0.001,
        "End": 0.002,
        "Percent": 99.99832089261349,
        "Count": 78
      },
      {
        "Start": 0.002,
        "End": 0.002403244,
        "Percent": 100,
        "Count": 42
      }
    ],
    "Percentiles": [
      {
        "Percentile": 50,
        "Value": 0.0005362480649806014
      },
      {
        "Percentile": 75,
        "Value": 0.000768146282890907
      },
      {
        "Percentile": 90,
        "Value": 0.0009072852136370905
      },
      {
        "Percentile": 99,
        "Value": 0.0009907685720848007
      },
      {
        "Percentile": 99.9,
        "Value": 0.0009991169079295718
      }
    ]
  },
  "Exactly": 0,
  "Jitter": true,
  "RetCodes": {
    "200": 2501329
  },
  "Sizes": {
    "Count": 2501329,
    "Min": 75,
    "Max": 75,
    "Sum": 187599675,
    "Avg": 75,
    "StdDev": 0,
    "Data": [
      {
        "Start": 75,
        "End": 75,
        "Percent": 100,
        "Count": 2501329
      }
    ],
    "Percentiles": null
  },
  "HeaderSizes": {
    "Count": 2501329,
    "Min": 75,
    "Max": 75,
    "Sum": 187599675,
    "Avg": 75,
    "StdDev": 0,
    "Data": [
      {
        "Start": 75,
        "End": 75,
        "Percent": 100,
        "Count": 2501329
      }
    ],
    "Percentiles": null
  },
  "URL": "http://fortio-server:8080/echo\\?size\\=32",
  "SocketCount": 5,
  "AbortOn": 0
}
