{
  "RunType": "HTTP",
  "Labels": "1pod-diffnode-nosidecar-maxcore-conn2-resp2048",
  "StartTime": "2021-03-28T04:47:08.550990293Z",
  "RequestedQPS": "max",
  "RequestedDuration": "1m0s",
  "ActualQPS": 17373.56779693385,
  "ActualDuration": 60000111214,
  "NumThreads": 2,
  "Version": "1.11.3",
  "DurationHistogram": {
    "Count": 1042416,
    "Min": 0.000076974,
    "Max": 0.001149342,
    "Sum": 119.82726176600102,
    "Avg": 0.00011495147979885287,
    "StdDev": 0.000016954565198339544,
    "Data": [
      {
        "Start": 0.000076974,
        "End": 0.001,
        "Percent": 99.99980813801784,
        "Count": 1042414
      },
      {
        "Start": 0.001,
        "End": 0.001149342,
        "Percent": 100,
        "Count": 2
      }
    ],
    "Percentiles": [
      {
        "Percentile": 50,
        "Value": 0.000538487442735269
      },
      {
        "Percentile": 75,
        "Value": 0.0007692446068381725
      },
      {
        "Percentile": 90,
        "Value": 0.0009076989052999146
      },
      {
        "Percentile": 99,
        "Value": 0.0009907714843769599
      },
      {
        "Percentile": 99.9,
        "Value": 0.0009990787422846645
      }
    ]
  },
  "Exactly": 0,
  "Jitter": true,
  "RetCodes": {
    "200": 1042416
  },
  "Sizes": {
    "Count": 1042416,
    "Min": 75,
    "Max": 75,
    "Sum": 78181200,
    "Avg": 75,
    "StdDev": 0,
    "Data": [
      {
        "Start": 75,
        "End": 75,
        "Percent": 100,
        "Count": 1042416
      }
    ],
    "Percentiles": null
  },
  "HeaderSizes": {
    "Count": 1042416,
    "Min": 75,
    "Max": 75,
    "Sum": 78181200,
    "Avg": 75,
    "StdDev": 0,
    "Data": [
      {
        "Start": 75,
        "End": 75,
        "Percent": 100,
        "Count": 1042416
      }
    ],
    "Percentiles": null
  },
  "URL": "http://fortio-server:8080/echo\\?size\\=2048",
  "SocketCount": 2,
  "AbortOn": 0
}
