{
  "RunType": "HTTP",
  "Labels": "1pod-diffnode-nosidecar-maxcore-conn11-resp128",
  "StartTime": "2021-03-28T03:55:00.169474863Z",
  "RequestedQPS": "max",
  "RequestedDuration": "1m0s",
  "ActualQPS": 72866.31632241141,
  "ActualDuration": 60000315930,
  "NumThreads": 11,
  "Version": "1.11.3",
  "DurationHistogram": {
    "Count": 4372002,
    "Min": 0.000072086,
    "Max": 0.002369468,
    "Sum": 658.7654371060027,
    "Avg": 0.00015067821037273145,
    "StdDev": 0.000055018047166294356,
    "Data": [
      {
        "Start": 0.000072086,
        "End": 0.001,
        "Percent": 99.99318390064781,
        "Count": 4371704
      },
      {
        "Start": 0.001,
        "End": 0.002,
        "Percent": 99.99954254366764,
        "Count": 278
      },
      {
        "Start": 0.002,
        "End": 0.002369468,
        "Percent": 100,
        "Count": 20
      }
    ],
    "Percentiles": [
      {
        "Percentile": 50,
        "Value": 0.0005360745198056683
      },
      {
        "Percentile": 75,
        "Value": 0.0007680688858357944
      },
      {
        "Percentile": 90,
        "Value": 0.00090726550545387
      },
      {
        "Percentile": 99,
        "Value": 0.0009907834772247155
      },
      {
        "Percentile": 99.9,
        "Value": 0.0009991352744018
      }
    ]
  },
  "Exactly": 0,
  "Jitter": true,
  "RetCodes": {
    "200": 4372002
  },
  "Sizes": {
    "Count": 4372002,
    "Min": 75,
    "Max": 75,
    "Sum": 327900150,
    "Avg": 75,
    "StdDev": 0,
    "Data": [
      {
        "Start": 75,
        "End": 75,
        "Percent": 100,
        "Count": 4372002
      }
    ],
    "Percentiles": null
  },
  "HeaderSizes": {
    "Count": 4372002,
    "Min": 75,
    "Max": 75,
    "Sum": 327900150,
    "Avg": 75,
    "StdDev": 0,
    "Data": [
      {
        "Start": 75,
        "End": 75,
        "Percent": 100,
        "Count": 4372002
      }
    ],
    "Percentiles": null
  },
  "URL": "http://fortio-server:8080/echo\\?size\\=128",
  "SocketCount": 11,
  "AbortOn": 0
}
