{
  "RunType": "HTTP",
  "Labels": "1pod-diffnode-nosidecar-maxcore-conn9-resp2048",
  "StartTime": "2021-03-28T04:54:13.864216908Z",
  "RequestedQPS": "max",
  "RequestedDuration": "1m0s",
  "ActualQPS": 64505.123344812004,
  "ActualDuration": 60000179820,
  "NumThreads": 9,
  "Version": "1.11.3",
  "DurationHistogram": {
    "Count": 3870319,
    "Min": 0.000070601,
    "Max": 0.006357642,
    "Sum": 538.9212010989936,
    "Avg": 0.00013924464652629245,
    "StdDev": 0.00004778509322508442,
    "Data": [
      {
        "Start": 0.000070601,
        "End": 0.001,
        "Percent": 99.99416068804665,
        "Count": 3870093
      },
      {
        "Start": 0.001,
        "End": 0.002,
        "Percent": 99.99881146747852,
        "Count": 180
      },
      {
        "Start": 0.002,
        "End": 0.003,
        "Percent": 99.99909568177713,
        "Count": 11
      },
      {
        "Start": 0.003,
        "End": 0.004,
        "Percent": 99.99953492205681,
        "Count": 17
      },
      {
        "Start": 0.005,
        "End": 0.006,
        "Percent": 99.99976746102841,
        "Count": 9
      },
      {
        "Start": 0.006,
        "End": 0.006357642,
        "Percent": 100,
        "Count": 9
      }
    ],
    "Percentiles": [
      {
        "Percentile": 50,
        "Value": 0.0005353275167705317
      },
      {
        "Percentile": 75,
        "Value": 0.000767690895230333
      },
      {
        "Percentile": 90,
        "Value": 0.0009071089223062139
      },
      {
        "Percentile": 99,
        "Value": 0.0009907597385517425
      },
      {
        "Percentile": 99.9,
        "Value": 0.0009991248201762955
      }
    ]
  },
  "Exactly": 0,
  "Jitter": true,
  "RetCodes": {
    "200": 3870319
  },
  "Sizes": {
    "Count": 3870319,
    "Min": 75,
    "Max": 75,
    "Sum": 290273925,
    "Avg": 75,
    "StdDev": 0,
    "Data": [
      {
        "Start": 75,
        "End": 75,
        "Percent": 100,
        "Count": 3870319
      }
    ],
    "Percentiles": null
  },
  "HeaderSizes": {
    "Count": 3870319,
    "Min": 75,
    "Max": 75,
    "Sum": 290273925,
    "Avg": 75,
    "StdDev": 0,
    "Data": [
      {
        "Start": 75,
        "End": 75,
        "Percent": 100,
        "Count": 3870319
      }
    ],
    "Percentiles": null
  },
  "URL": "http://fortio-server:8080/echo\\?size\\=2048",
  "SocketCount": 9,
  "AbortOn": 0
}
