{
  "RunType": "HTTP",
  "Labels": "1pod-diffnode-nosidecar-maxcore-conn3-resp128",
  "StartTime": "2021-03-28T03:46:54.107842773Z",
  "RequestedQPS": "max",
  "RequestedDuration": "1m0s",
  "ActualQPS": 25988.910916121265,
  "ActualDuration": 60000128710,
  "NumThreads": 3,
  "Version": "1.11.3",
  "DurationHistogram": {
    "Count": 1559338,
    "Min": 0.000071744,
    "Max": 0.001290195,
    "Sum": 179.6863175879982,
    "Avg": 0.00011523243683409125,
    "StdDev": 0.00002175799870974602,
    "Data": [
      {
        "Start": 0.000071744,
        "End": 0.001,
        "Percent": 99.9997434808874,
        "Count": 1559334
      },
      {
        "Start": 0.001,
        "End": 0.001290195,
        "Percent": 100,
        "Count": 4
      }
    ],
    "Percentiles": [
      {
        "Percentile": 50,
        "Value": 0.0005358728929356334
      },
      {
        "Percentile": 75,
        "Value": 0.0007679376370486611
      },
      {
        "Percentile": 90,
        "Value": 0.0009071764835164779
      },
      {
        "Percentile": 99,
        "Value": 0.000990719791397168
      },
      {
        "Percentile": 99.9,
        "Value": 0.000999074122185237
      }
    ]
  },
  "Exactly": 0,
  "Jitter": true,
  "RetCodes": {
    "200": 1559338
  },
  "Sizes": {
    "Count": 1559338,
    "Min": 75,
    "Max": 75,
    "Sum": 116950350,
    "Avg": 75,
    "StdDev": 0,
    "Data": [
      {
        "Start": 75,
        "End": 75,
        "Percent": 100,
        "Count": 1559338
      }
    ],
    "Percentiles": null
  },
  "HeaderSizes": {
    "Count": 1559338,
    "Min": 75,
    "Max": 75,
    "Sum": 116950350,
    "Avg": 75,
    "StdDev": 0,
    "Data": [
      {
        "Start": 75,
        "End": 75,
        "Percent": 100,
        "Count": 1559338
      }
    ],
    "Percentiles": null
  },
  "URL": "http://fortio-server:8080/echo\\?size\\=128",
  "SocketCount": 3,
  "AbortOn": 0
}
