{
  "RunType": "HTTP",
  "Labels": "1pod-diffnode-nosidecar-maxcore-conn14-resp128",
  "StartTime": "2021-03-28T03:58:02.179780905Z",
  "RequestedQPS": "max",
  "RequestedDuration": "1m0s",
  "ActualQPS": 80780.17017354042,
  "ActualDuration": 60000480187,
  "NumThreads": 14,
  "Version": "1.11.3",
  "DurationHistogram": {
    "Count": 4846849,
    "Min": 0.000076439,
    "Max": 0.006021747,
    "Sum": 838.5978692249962,
    "Avg": 0.00017301918611968233,
    "StdDev": 0.00007136867440689896,
    "Data": [
      {
        "Start": 0.000076439,
        "End": 0.001,
        "Percent": 99.99017918651892,
        "Count": 4846373
      },
      {
        "Start": 0.001,
        "End": 0.002,
        "Percent": 99.99931914528388,
        "Count": 443
      },
      {
        "Start": 0.002,
        "End": 0.003,
        "Percent": 99.99971115254468,
        "Count": 19
      },
      {
        "Start": 0.005,
        "End": 0.006,
        "Percent": 99.99997936803891,
        "Count": 13
      },
      {
        "Start": 0.006,
        "End": 0.006021747,
        "Percent": 100,
        "Count": 1
      }
    ],
    "Percentiles": [
      {
        "Percentile": 50,
        "Value": 0.0005382647597814407
      },
      {
        "Percentile": 75,
        "Value": 0.0007691777349559112
      },
      {
        "Percentile": 90,
        "Value": 0.0009077255200605937
      },
      {
        "Percentile": 99,
        "Value": 0.0009908541911234033
      },
      {
        "Percentile": 99.9,
        "Value": 0.0009991670582296843
      }
    ]
  },
  "Exactly": 0,
  "Jitter": true,
  "RetCodes": {
    "200": 4846849
  },
  "Sizes": {
    "Count": 4846849,
    "Min": 75,
    "Max": 75,
    "Sum": 363513675,
    "Avg": 75,
    "StdDev": 0,
    "Data": [
      {
        "Start": 75,
        "End": 75,
        "Percent": 100,
        "Count": 4846849
      }
    ],
    "Percentiles": null
  },
  "HeaderSizes": {
    "Count": 4846849,
    "Min": 75,
    "Max": 75,
    "Sum": 363513675,
    "Avg": 75,
    "StdDev": 0,
    "Data": [
      {
        "Start": 75,
        "End": 75,
        "Percent": 100,
        "Count": 4846849
      }
    ],
    "Percentiles": null
  },
  "URL": "http://fortio-server:8080/echo\\?size\\=128",
  "SocketCount": 14,
  "AbortOn": 0
}
