{
  "RunType": "HTTP",
  "Labels": "1pod-diffnode-nosidecar-maxcore-conn16-resp512",
  "StartTime": "2021-03-28T04:20:48.243808067Z",
  "RequestedQPS": "max",
  "RequestedDuration": "1m0s",
  "ActualQPS": 84117.16807344269,
  "ActualDuration": 60000557741,
  "NumThreads": 16,
  "Version": "1.11.3",
  "DurationHistogram": {
    "Count": 5047077,
    "Min": 0.000076969,
    "Max": 0.006374459,
    "Sum": 958.5295445380002,
    "Avg": 0.00018991775725593252,
    "StdDev": 0.00008511297072981208,
    "Data": [
      {
        "Start": 0.000076969,
        "End": 0.001,
        "Percent": 99.98906297645152,
        "Count": 5046525
      },
      {
        "Start": 0.001,
        "End": 0.002,
        "Percent": 99.9986526855049,
        "Count": 484
      },
      {
        "Start": 0.002,
        "End": 0.003,
        "Percent": 99.99873193929872,
        "Count": 4
      },
      {
        "Start": 0.004,
        "End": 0.005,
        "Percent": 99.99904895447405,
        "Count": 16
      },
      {
        "Start": 0.005,
        "End": 0.006,
        "Percent": 99.99936596964936,
        "Count": 16
      },
      {
        "Start": 0.006,
        "End": 0.006374459,
        "Percent": 100,
        "Count": 32
      }
    ],
    "Percentiles": [
      {
        "Percentile": 50,
        "Value": 0.0005385348901379444
      },
      {
        "Percentile": 75,
        "Value": 0.0007693179266590727
      },
      {
        "Percentile": 90,
        "Value": 0.0009077877485717496
      },
      {
        "Percentile": 99,
        "Value": 0.0009908696417193557
      },
      {
        "Percentile": 99.9,
        "Value": 0.0009991778310341165
      }
    ]
  },
  "Exactly": 0,
  "Jitter": true,
  "RetCodes": {
    "200": 5047077
  },
  "Sizes": {
    "Count": 5047077,
    "Min": 75,
    "Max": 75,
    "Sum": 378530775,
    "Avg": 75,
    "StdDev": 0,
    "Data": [
      {
        "Start": 75,
        "End": 75,
        "Percent": 100,
        "Count": 5047077
      }
    ],
    "Percentiles": null
  },
  "HeaderSizes": {
    "Count": 5047077,
    "Min": 75,
    "Max": 75,
    "Sum": 378530775,
    "Avg": 75,
    "StdDev": 0,
    "Data": [
      {
        "Start": 75,
        "End": 75,
        "Percent": 100,
        "Count": 5047077
      }
    ],
    "Percentiles": null
  },
  "URL": "http://fortio-server:8080/echo\\?size\\=512",
  "SocketCount": 16,
  "AbortOn": 0
}
