{
  "RunType": "HTTP",
  "Labels": "1pod-diffnode-nosidecar-maxcore-conn13-resp128",
  "StartTime": "2021-03-28T03:57:01.578951697Z",
  "RequestedQPS": "max",
  "RequestedDuration": "1m0s",
  "ActualQPS": 78524.07555787732,
  "ActualDuration": 60000298845,
  "NumThreads": 13,
  "Version": "1.11.3",
  "DurationHistogram": {
    "Count": 4711468,
    "Min": 0.000076241,
    "Max": 0.003761423,
    "Sum": 778.6614857689971,
    "Avg": 0.0001652693992125166,
    "StdDev": 0.00006544446887071648,
    "Data": [
      {
        "Start": 0.000076241,
        "End": 0.001,
        "Percent": 99.99303826323346,
        "Count": 4711140
      },
      {
        "Start": 0.001,
        "End": 0.002,
        "Percent": 99.99864161233823,
        "Count": 264
      },
      {
        "Start": 0.002,
        "End": 0.003,
        "Percent": 99.99974530231341,
        "Count": 52
      },
      {
        "Start": 0.003,
        "End": 0.003761423,
        "Percent": 100,
        "Count": 12
      }
    ],
    "Percentiles": [
      {
        "Percentile": 50,
        "Value": 0.0005381525590406058
      },
      {
        "Percentile": 75,
        "Value": 0.000769108436600788
      },
      {
        "Percentile": 90,
        "Value": 0.0009076819631368974
      },
      {
        "Percentile": 99,
        "Value": 0.0009908260790585633
      },
      {
        "Percentile": 99.9,
        "Value": 0.0009991404906507296
      }
    ]
  },
  "Exactly": 0,
  "Jitter": true,
  "RetCodes": {
    "200": 4711468
  },
  "Sizes": {
    "Count": 4711468,
    "Min": 75,
    "Max": 75,
    "Sum": 353360100,
    "Avg": 75,
    "StdDev": 0,
    "Data": [
      {
        "Start": 75,
        "End": 75,
        "Percent": 100,
        "Count": 4711468
      }
    ],
    "Percentiles": null
  },
  "HeaderSizes": {
    "Count": 4711468,
    "Min": 75,
    "Max": 75,
    "Sum": 353360100,
    "Avg": 75,
    "StdDev": 0,
    "Data": [
      {
        "Start": 75,
        "End": 75,
        "Percent": 100,
        "Count": 4711468
      }
    ],
    "Percentiles": null
  },
  "URL": "http://fortio-server:8080/echo\\?size\\=128",
  "SocketCount": 13,
  "AbortOn": 0
}
