{
  "RunType": "HTTP",
  "Labels": "1pod-diffnode-nosidecar-maxcore-conn14-resp512",
  "StartTime": "2021-03-28T04:18:46.771227665Z",
  "RequestedQPS": "max",
  "RequestedDuration": "1m0s",
  "ActualQPS": 81312.83367619314,
  "ActualDuration": 60000540867,
  "NumThreads": 14,
  "Version": "1.11.3",
  "DurationHistogram": {
    "Count": 4878814,
    "Min": 0.000075996,
    "Max": 0.002711484,
    "Sum": 838.576917561998,
    "Avg": 0.00017188130507988172,
    "StdDev": 0.00007029327547485534,
    "Data": [
      {
        "Start": 0.000075996,
        "End": 0.001,
        "Percent": 99.99073545332944,
        "Count": 4878362
      },
      {
        "Start": 0.001,
        "End": 0.002,
        "Percent": 99.99881118648918,
        "Count": 394
      },
      {
        "Start": 0.002,
        "End": 0.002711484,
        "Percent": 100,
        "Count": 58
      }
    ],
    "Percentiles": [
      {
        "Percentile": 50,
        "Value": 0.0005380407116611502
      },
      {
        "Percentile": 75,
        "Value": 0.0007690631621960736
      },
      {
        "Percentile": 90,
        "Value": 0.0009076766325170277
      },
      {
        "Percentile": 99,
        "Value": 0.0009908447147096002
      },
      {
        "Percentile": 99.9,
        "Value": 0.0009991615229288575
      }
    ]
  },
  "Exactly": 0,
  "Jitter": true,
  "RetCodes": {
    "200": 4878814
  },
  "Sizes": {
    "Count": 4878814,
    "Min": 75,
    "Max": 75,
    "Sum": 365911050,
    "Avg": 75,
    "StdDev": 0,
    "Data": [
      {
        "Start": 75,
        "End": 75,
        "Percent": 100,
        "Count": 4878814
      }
    ],
    "Percentiles": null
  },
  "HeaderSizes": {
    "Count": 4878814,
    "Min": 75,
    "Max": 75,
    "Sum": 365911050,
    "Avg": 75,
    "StdDev": 0,
    "Data": [
      {
        "Start": 75,
        "End": 75,
        "Percent": 100,
        "Count": 4878814
      }
    ],
    "Percentiles": null
  },
  "URL": "http://fortio-server:8080/echo\\?size\\=512",
  "SocketCount": 14,
  "AbortOn": 0
}
