{
  "RunType": "HTTP",
  "Labels": "1pod-diffnode-nosidecar-maxcore-conn18-resp1024",
  "StartTime": "2021-03-28T04:42:35.34176624Z",
  "RequestedQPS": "max",
  "RequestedDuration": "1m0s",
  "ActualQPS": 83459.16623669505,
  "ActualDuration": 60000791115,
  "NumThreads": 18,
  "Version": "1.11.3",
  "DurationHistogram": {
    "Count": 5007616,
    "Min": 0.000076136,
    "Max": 0.002593636,
    "Sum": 1078.531113620999,
    "Avg": 0.00021537815871284838,
    "StdDev": 0.00010002771073627463,
    "Data": [
      {
        "Start": 0.000076136,
        "End": 0.001,
        "Percent": 99.98330542917029,
        "Count": 5006780
      },
      {
        "Start": 0.001,
        "End": 0.002,
        "Percent": 99.99898155130106,
        "Count": 785
      },
      {
        "Start": 0.002,
        "End": 0.002593636,
        "Percent": 100,
        "Count": 51
      }
    ],
    "Percentiles": [
      {
        "Percentile": 50,
        "Value": 0.0005381450381956144
      },
      {
        "Percentile": 75,
        "Value": 0.0007691496495547337
      },
      {
        "Percentile": 90,
        "Value": 0.0009077524163702053
      },
      {
        "Percentile": 99,
        "Value": 0.0009909140764594883
      },
      {
        "Percentile": 99.9,
        "Value": 0.0009992302424684167
      }
    ]
  },
  "Exactly": 0,
  "Jitter": true,
  "RetCodes": {
    "200": 5007616
  },
  "Sizes": {
    "Count": 5007616,
    "Min": 75,
    "Max": 75,
    "Sum": 375571200,
    "Avg": 75,
    "StdDev": 0,
    "Data": [
      {
        "Start": 75,
        "End": 75,
        "Percent": 100,
        "Count": 5007616
      }
    ],
    "Percentiles": null
  },
  "HeaderSizes": {
    "Count": 5007616,
    "Min": 75,
    "Max": 75,
    "Sum": 375571200,
    "Avg": 75,
    "StdDev": 0,
    "Data": [
      {
        "Start": 75,
        "End": 75,
        "Percent": 100,
        "Count": 5007616
      }
    ],
    "Percentiles": null
  },
  "URL": "http://fortio-server:8080/echo\\?size\\=1024",
  "SocketCount": 18,
  "AbortOn": 0
}
