{
  "RunType": "HTTP",
  "Labels": "1pod-diffnode-nosidecar-maxcore-conn9-resp128",
  "StartTime": "2021-03-28T03:52:58.844676272Z",
  "RequestedQPS": "max",
  "RequestedDuration": "1m0s",
  "ActualQPS": 64828.60758175363,
  "ActualDuration": 60000208937,
  "NumThreads": 9,
  "Version": "1.11.3",
  "DurationHistogram": {
    "Count": 3889730,
    "Min": 0.00007194,
    "Max": 0.00240692,
    "Sum": 538.9247097580011,
    "Avg": 0.00013855067312075673,
    "StdDev": 0.00004579520576765057,
    "Data": [
      {
        "Start": 0.00007194,
        "End": 0.001,
        "Percent": 99.9936242361295,
        "Count": 3889482
      },
      {
        "Start": 0.001,
        "End": 0.002,
        "Percent": 99.99976862147244,
        "Count": 239
      },
      {
        "Start": 0.002,
        "End": 0.00240692,
        "Percent": 100,
        "Count": 9
      }
    ],
    "Percentiles": [
      {
        "Percentile": 50,
        "Value": 0.0005359994680472793
      },
      {
        "Percentile": 75,
        "Value": 0.0007680293213747541
      },
      {
        "Percentile": 90,
        "Value": 0.000907247233371239
      },
      {
        "Percentile": 99,
        "Value": 0.0009907779805691298
      },
      {
        "Percentile": 99.9,
        "Value": 0.000999131055288919
      }
    ]
  },
  "Exactly": 0,
  "Jitter": true,
  "RetCodes": {
    "200": 3889730
  },
  "Sizes": {
    "Count": 3889730,
    "Min": 75,
    "Max": 75,
    "Sum": 291729750,
    "Avg": 75,
    "StdDev": 0,
    "Data": [
      {
        "Start": 75,
        "End": 75,
        "Percent": 100,
        "Count": 3889730
      }
    ],
    "Percentiles": null
  },
  "HeaderSizes": {
    "Count": 3889730,
    "Min": 75,
    "Max": 75,
    "Sum": 291729750,
    "Avg": 75,
    "StdDev": 0,
    "Data": [
      {
        "Start": 75,
        "End": 75,
        "Percent": 100,
        "Count": 3889730
      }
    ],
    "Percentiles": null
  },
  "URL": "http://fortio-server:8080/echo\\?size\\=128",
  "SocketCount": 9,
  "AbortOn": 0
}
