{
  "RunType": "HTTP",
  "Labels": "1pod-diffnode-nosidecar-maxcore-conn15-resp32",
  "StartTime": "2021-03-28T03:38:18.219477708Z",
  "RequestedQPS": "max",
  "RequestedDuration": "1m0s",
  "ActualQPS": 83106.17448532552,
  "ActualDuration": 60000908848,
  "NumThreads": 15,
  "Version": "1.11.3",
  "DurationHistogram": {
    "Count": 4986446,
    "Min": 0.000076742,
    "Max": 0.003228032,
    "Sum": 898.5285798479999,
    "Avg": 0.00018019418637001182,
    "StdDev": 0.00007666590768798827,
    "Data": [
      {
        "Start": 0.000076742,
        "End": 0.001,
        "Percent": 99.98810776252265,
        "Count": 4985853
      },
      {
        "Start": 0.001,
        "End": 0.002,
        "Percent": 99.99683141058782,
        "Count": 435
      },
      {
        "Start": 0.002,
        "End": 0.003,
        "Percent": 99.99945853218905,
        "Count": 131
      },
      {
        "Start": 0.003,
        "End": 0.003228032,
        "Percent": 100,
        "Count": 27
      }
    ],
    "Percentiles": [
      {
        "Percentile": 50,
        "Value": 0.0005384258119695491
      },
      {
        "Percentile": 75,
        "Value": 0.00076926781054211
      },
      {
        "Percentile": 90,
        "Value": 0.0009077730096856466
      },
      {
        "Percentile": 99,
        "Value": 0.0009908761291717685
      },
      {
        "Percentile": 99.9,
        "Value": 0.0009991864411203807
      }
    ]
  },
  "Exactly": 0,
  "Jitter": true,
  "RetCodes": {
    "200": 4986446
  },
  "Sizes": {
    "Count": 4986446,
    "Min": 75,
    "Max": 75,
    "Sum": 373983450,
    "Avg": 75,
    "StdDev": 0,
    "Data": [
      {
        "Start": 75,
        "End": 75,
        "Percent": 100,
        "Count": 4986446
      }
    ],
    "Percentiles": null
  },
  "HeaderSizes": {
    "Count": 4986446,
    "Min": 75,
    "Max": 75,
    "Sum": 373983450,
    "Avg": 75,
    "StdDev": 0,
    "Data": [
      {
        "Start": 75,
        "End": 75,
        "Percent": 100,
        "Count": 4986446
      }
    ],
    "Percentiles": null
  },
  "URL": "http://fortio-server:8080/echo\\?size\\=32",
  "SocketCount": 15,
  "AbortOn": 0
}
