{
  "RunType": "HTTP",
  "Labels": "1pod-diffnode-nosidecar-maxcore-conn15-resp512",
  "StartTime": "2021-03-28T04:19:47.616512452Z",
  "RequestedQPS": "max",
  "RequestedDuration": "1m0s",
  "ActualQPS": 83084.59061504803,
  "ActualDuration": 60000560430,
  "NumThreads": 15,
  "Version": "1.11.3",
  "DurationHistogram": {
    "Count": 4985122,
    "Min": 0.000075155,
    "Max": 0.002487922,
    "Sum": 898.5487806639953,
    "Avg": 0.0001802460964172984,
    "StdDev": 0.00007606392487855114,
    "Data": [
      {
        "Start": 0.000075155,
        "End": 0.001,
        "Percent": 99.99027105053798,
        "Count": 4984637
      },
      {
        "Start": 0.001,
        "End": 0.002,
        "Percent": 99.99881647831286,
        "Count": 426
      },
      {
        "Start": 0.002,
        "End": 0.002487922,
        "Percent": 100,
        "Count": 59
      }
    ],
    "Percentiles": [
      {
        "Percentile": 50,
        "Value": 0.0005376224004681585
      },
      {
        "Percentile": 75,
        "Value": 0.0007688561934718
      },
      {
        "Percentile": 90,
        "Value": 0.0009075964692739851
      },
      {
        "Percentile": 99,
        "Value": 0.000990840634755296
      },
      {
        "Percentile": 99.9,
        "Value": 0.0009991650513034272
      }
    ]
  },
  "Exactly": 0,
  "Jitter": true,
  "RetCodes": {
    "200": 4985122
  },
  "Sizes": {
    "Count": 4985122,
    "Min": 75,
    "Max": 75,
    "Sum": 373884150,
    "Avg": 75,
    "StdDev": 0,
    "Data": [
      {
        "Start": 75,
        "End": 75,
        "Percent": 100,
        "Count": 4985122
      }
    ],
    "Percentiles": null
  },
  "HeaderSizes": {
    "Count": 4985122,
    "Min": 75,
    "Max": 75,
    "Sum": 373884150,
    "Avg": 75,
    "StdDev": 0,
    "Data": [
      {
        "Start": 75,
        "End": 75,
        "Percent": 100,
        "Count": 4985122
      }
    ],
    "Percentiles": null
  },
  "URL": "http://fortio-server:8080/echo\\?size\\=512",
  "SocketCount": 15,
  "AbortOn": 0
}
