{
  "RunType": "HTTP",
  "Labels": "1pod-diffnode-nosidecar-maxcore-conn7-resp128",
  "StartTime": "2021-03-28T03:50:56.985908011Z",
  "RequestedQPS": "max",
  "RequestedDuration": "1m0s",
  "ActualQPS": 54182.80284462638,
  "ActualDuration": 60001381053,
  "NumThreads": 7,
  "Version": "1.11.3",
  "DurationHistogram": {
    "Count": 3251043,
    "Min": 0.000071364,
    "Max": 0.002856031,
    "Sum": 419.1331035080005,
    "Avg": 0.0001289226575926558,
    "StdDev": 0.00003904882000919623,
    "Data": [
      {
        "Start": 0.000071364,
        "End": 0.001,
        "Percent": 99.99427875915514,
        "Count": 3250857
      },
      {
        "Start": 0.001,
        "End": 0.002,
        "Percent": 99.9977238074058,
        "Count": 112
      },
      {
        "Start": 0.002,
        "End": 0.002856031,
        "Percent": 100,
        "Count": 74
      }
    ],
    "Percentiles": [
      {
        "Percentile": 50,
        "Value": 0.0005357084234497006
      },
      {
        "Percentile": 75,
        "Value": 0.0007678807780040087
      },
      {
        "Percentile": 90,
        "Value": 0.0009071841907365937
      },
      {
        "Percentile": 99,
        "Value": 0.0009907662383761447
      },
      {
        "Percentile": 99.9,
        "Value": 0.0009991244431400998
      }
    ]
  },
  "Exactly": 0,
  "Jitter": true,
  "RetCodes": {
    "200": 3251043
  },
  "Sizes": {
    "Count": 3251043,
    "Min": 75,
    "Max": 75,
    "Sum": 243828225,
    "Avg": 75,
    "StdDev": 0,
    "Data": [
      {
        "Start": 75,
        "End": 75,
        "Percent": 100,
        "Count": 3251043
      }
    ],
    "Percentiles": null
  },
  "HeaderSizes": {
    "Count": 3251043,
    "Min": 75,
    "Max": 75,
    "Sum": 243828225,
    "Avg": 75,
    "StdDev": 0,
    "Data": [
      {
        "Start": 75,
        "End": 75,
        "Percent": 100,
        "Count": 3251043
      }
    ],
    "Percentiles": null
  },
  "URL": "http://fortio-server:8080/echo\\?size\\=128",
  "SocketCount": 7,
  "AbortOn": 0
}
