{
  "RunType": "HTTP",
  "Labels": "1pod-diffnode-nosidecar-maxcore-conn17-resp2048",
  "StartTime": "2021-03-28T05:02:20.020459142Z",
  "RequestedQPS": "max",
  "RequestedDuration": "1m0s",
  "ActualQPS": 83402.89919288376,
  "ActualDuration": 60000839880,
  "NumThreads": 17,
  "Version": "1.11.3",
  "DurationHistogram": {
    "Count": 5004244,
    "Min": 0.000076658,
    "Max": 0.002493618,
    "Sum": 1018.514218857998,
    "Avg": 0.00020353008743338613,
    "StdDev": 0.00009319727308858866,
    "Data": [
      {
        "Start": 0.000076658,
        "End": 0.001,
        "Percent": 99.98525251766301,
        "Count": 5003506
      },
      {
        "Start": 0.001,
        "End": 0.002,
        "Percent": 99.99902083111854,
        "Count": 689
      },
      {
        "Start": 0.002,
        "End": 0.002493618,
        "Percent": 100,
        "Count": 49
      }
    ],
    "Percentiles": [
      {
        "Percentile": 50,
        "Value": 0.0005383970026355524
      },
      {
        "Percentile": 75,
        "Value": 0.0007692665962228478
      },
      {
        "Percentile": 90,
        "Value": 0.0009077883523752249
      },
      {
        "Percentile": 99,
        "Value": 0.0009909014060666514
      },
      {
        "Percentile": 99.9,
        "Value": 0.000999212711435794
      }
    ]
  },
  "Exactly": 0,
  "Jitter": true,
  "RetCodes": {
    "200": 5004244
  },
  "Sizes": {
    "Count": 5004244,
    "Min": 75,
    "Max": 75,
    "Sum": 375318300,
    "Avg": 75,
    "StdDev": 0,
    "Data": [
      {
        "Start": 75,
        "End": 75,
        "Percent": 100,
        "Count": 5004244
      }
    ],
    "Percentiles": null
  },
  "HeaderSizes": {
    "Count": 5004244,
    "Min": 75,
    "Max": 75,
    "Sum": 375318300,
    "Avg": 75,
    "StdDev": 0,
    "Data": [
      {
        "Start": 75,
        "End": 75,
        "Percent": 100,
        "Count": 5004244
      }
    ],
    "Percentiles": null
  },
  "URL": "http://fortio-server:8080/echo\\?size\\=2048",
  "SocketCount": 17,
  "AbortOn": 0
}
