{
  "RunType": "HTTP",
  "Labels": "1pod-diffnode-nosidecar-maxcore-conn13-resp1024",
  "StartTime": "2021-03-28T04:37:31.290835473Z",
  "RequestedQPS": "max",
  "RequestedDuration": "1m0s",
  "ActualQPS": 79077.89241599373,
  "ActualDuration": 60000233378,
  "NumThreads": 13,
  "Version": "1.11.3",
  "DurationHistogram": {
    "Count": 4744692,
    "Min": 0.000074922,
    "Max": 0.002594574,
    "Sum": 778.6436036399955,
    "Avg": 0.00016410835595650792,
    "StdDev": 0.0000651703916225419,
    "Data": [
      {
        "Start": 0.000074922,
        "End": 0.001,
        "Percent": 99.99110585049567,
        "Count": 4744270
      },
      {
        "Start": 0.001,
        "End": 0.002,
        "Percent": 99.99945201922485,
        "Count": 396
      },
      {
        "Start": 0.002,
        "End": 0.002594574,
        "Percent": 100,
        "Count": 26
      }
    ],
    "Percentiles": [
      {
        "Percentile": 50,
        "Value": 0.0005375020450838685
      },
      {
        "Percentile": 75,
        "Value": 0.0007687921651200638
      },
      {
        "Percentile": 90,
        "Value": 0.0009075662371417809
      },
      {
        "Percentile": 99,
        "Value": 0.0009908306803548112
      },
      {
        "Percentile": 99.9,
        "Value": 0.0009991571246761144
      }
    ]
  },
  "Exactly": 0,
  "Jitter": true,
  "RetCodes": {
    "200": 4744692
  },
  "Sizes": {
    "Count": 4744692,
    "Min": 75,
    "Max": 75,
    "Sum": 355851900,
    "Avg": 75,
    "StdDev": 0,
    "Data": [
      {
        "Start": 75,
        "End": 75,
        "Percent": 100,
        "Count": 4744692
      }
    ],
    "Percentiles": null
  },
  "HeaderSizes": {
    "Count": 4744692,
    "Min": 75,
    "Max": 75,
    "Sum": 355851900,
    "Avg": 75,
    "StdDev": 0,
    "Data": [
      {
        "Start": 75,
        "End": 75,
        "Percent": 100,
        "Count": 4744692
      }
    ],
    "Percentiles": null
  },
  "URL": "http://fortio-server:8080/echo\\?size\\=1024",
  "SocketCount": 13,
  "AbortOn": 0
}
