{
  "RunType": "HTTP",
  "Labels": "1pod-diffnode-nosidecar-maxcore-conn13-resp32",
  "StartTime": "2021-03-28T03:36:16.66271285Z",
  "RequestedQPS": "max",
  "RequestedDuration": "1m0s",
  "ActualQPS": 79470.14001831804,
  "ActualDuration": 60000221453,
  "NumThreads": 13,
  "Version": "1.11.3",
  "DurationHistogram": {
    "Count": 4768226,
    "Min": 0.000076131,
    "Max": 0.003032425,
    "Sum": 778.6245342089996,
    "Avg": 0.0001632943854190216,
    "StdDev": 0.00006257744579652913,
    "Data": [
      {
        "Start": 0.000076131,
        "End": 0.001,
        "Percent": 99.99165308020216,
        "Count": 4767828
      },
      {
        "Start": 0.001,
        "End": 0.002,
        "Percent": 99.99914014142786,
        "Count": 357
      },
      {
        "Start": 0.002,
        "End": 0.003,
        "Percent": 99.99991611135881,
        "Count": 37
      },
      {
        "Start": 0.003,
        "End": 0.003032425,
        "Percent": 100,
        "Count": 4
      }
    ],
    "Percentiles": [
      {
        "Percentile": 50,
        "Value": 0.0005381039636431858
      },
      {
        "Percentile": 75,
        "Value": 0.0007690905423505299
      },
      {
        "Percentile": 90,
        "Value": 0.0009076824895749363
      },
      {
        "Percentile": 99,
        "Value": 0.0009908376579095802
      },
      {
        "Percentile": 99.9,
        "Value": 0.0009991531747430445
      }
    ]
  },
  "Exactly": 0,
  "Jitter": true,
  "RetCodes": {
    "200": 4768226
  },
  "Sizes": {
    "Count": 4768226,
    "Min": 75,
    "Max": 75,
    "Sum": 357616950,
    "Avg": 75,
    "StdDev": 0,
    "Data": [
      {
        "Start": 75,
        "End": 75,
        "Percent": 100,
        "Count": 4768226
      }
    ],
    "Percentiles": null
  },
  "HeaderSizes": {
    "Count": 4768226,
    "Min": 75,
    "Max": 75,
    "Sum": 357616950,
    "Avg": 75,
    "StdDev": 0,
    "Data": [
      {
        "Start": 75,
        "End": 75,
        "Percent": 100,
        "Count": 4768226
      }
    ],
    "Percentiles": null
  },
  "URL": "http://fortio-server:8080/echo\\?size\\=32",
  "SocketCount": 13,
  "AbortOn": 0
}
