{
  "RunType": "HTTP",
  "Labels": "1pod-diffnode-nosidecar-maxcore-conn15-resp2048",
  "StartTime": "2021-03-28T05:00:18.559345519Z",
  "RequestedQPS": "max",
  "RequestedDuration": "1m0s",
  "ActualQPS": 82559.37144258455,
  "ActualDuration": 60000263004,
  "NumThreads": 15,
  "Version": "1.11.3",
  "DurationHistogram": {
    "Count": 4953584,
    "Min": 0.00007464,
    "Max": 0.002499752,
    "Sum": 898.5555528459979,
    "Avg": 0.00018139503697645946,
    "StdDev": 0.00007666381120440089,
    "Data": [
      {
        "Start": 0.00007464,
        "End": 0.001,
        "Percent": 99.99053210766185,
        "Count": 4953115
      },
      {
        "Start": 0.001,
        "End": 0.002,
        "Percent": 99.99969718894441,
        "Count": 454
      },
      {
        "Start": 0.002,
        "End": 0.002499752,
        "Percent": 100,
        "Count": 15
      }
    ],
    "Percentiles": [
      {
        "Percentile": 50,
        "Value": 0.0005373637167890746
      },
      {
        "Percentile": 75,
        "Value": 0.0007687256685955542
      },
      {
        "Percentile": 90,
        "Value": 0.0009075428396794422
      },
      {
        "Percentile": 99,
        "Value": 0.000990833142329775
      },
      {
        "Percentile": 99.9,
        "Value": 0.000999162172594808
      }
    ]
  },
  "Exactly": 0,
  "Jitter": true,
  "RetCodes": {
    "200": 4953584
  },
  "Sizes": {
    "Count": 4953584,
    "Min": 75,
    "Max": 75,
    "Sum": 371518800,
    "Avg": 75,
    "StdDev": 0,
    "Data": [
      {
        "Start": 75,
        "End": 75,
        "Percent": 100,
        "Count": 4953584
      }
    ],
    "Percentiles": null
  },
  "HeaderSizes": {
    "Count": 4953584,
    "Min": 75,
    "Max": 75,
    "Sum": 371518800,
    "Avg": 75,
    "StdDev": 0,
    "Data": [
      {
        "Start": 75,
        "End": 75,
        "Percent": 100,
        "Count": 4953584
      }
    ],
    "Percentiles": null
  },
  "URL": "http://fortio-server:8080/echo\\?size\\=2048",
  "SocketCount": 15,
  "AbortOn": 0
}
