{
  "RunType": "HTTP",
  "Labels": "1pod-diffnode-nosidecar-maxcore-conn4-resp2048",
  "StartTime": "2021-03-28T04:49:09.812260981Z",
  "RequestedQPS": "max",
  "RequestedDuration": "1m0s",
  "ActualQPS": 33920.38340569356,
  "ActualDuration": 60000147276,
  "NumThreads": 4,
  "Version": "1.11.3",
  "DurationHistogram": {
    "Count": 2035228,
    "Min": 0.000072483,
    "Max": 0.001398224,
    "Sum": 239.52848539999783,
    "Avg": 0.00011769122938560094,
    "StdDev": 0.000025827148412283136,
    "Data": [
      {
        "Start": 0.000072483,
        "End": 0.001,
        "Percent": 99.99921384729377,
        "Count": 2035212
      },
      {
        "Start": 0.001,
        "End": 0.001398224,
        "Percent": 100,
        "Count": 16
      }
    ],
    "Percentiles": [
      {
        "Percentile": 50,
        "Value": 0.0005362449180129234
      },
      {
        "Percentile": 75,
        "Value": 0.0007681261048869134
      },
      {
        "Percentile": 90,
        "Value": 0.0009072548170113075
      },
      {
        "Percentile": 99,
        "Value": 0.0009907320442859436
      },
      {
        "Percentile": 99.9,
        "Value": 0.0009990797670134074
      }
    ]
  },
  "Exactly": 0,
  "Jitter": true,
  "RetCodes": {
    "200": 2035228
  },
  "Sizes": {
    "Count": 2035228,
    "Min": 75,
    "Max": 75,
    "Sum": 152642100,
    "Avg": 75,
    "StdDev": 0,
    "Data": [
      {
        "Start": 75,
        "End": 75,
        "Percent": 100,
        "Count": 2035228
      }
    ],
    "Percentiles": null
  },
  "HeaderSizes": {
    "Count": 2035228,
    "Min": 75,
    "Max": 75,
    "Sum": 152642100,
    "Avg": 75,
    "StdDev": 0,
    "Data": [
      {
        "Start": 75,
        "End": 75,
        "Percent": 100,
        "Count": 2035228
      }
    ],
    "Percentiles": null
  },
  "URL": "http://fortio-server:8080/echo\\?size\\=2048",
  "SocketCount": 4,
  "AbortOn": 0
}
