{
  "RunType": "HTTP",
  "Labels": "1pod-diffnode-nosidecar-maxcore-conn10-resp32",
  "StartTime": "2021-03-28T03:33:14.221129646Z",
  "RequestedQPS": "max",
  "RequestedDuration": "1m0s",
  "ActualQPS": 69683.30811920427,
  "ActualDuration": 60000193918,
  "NumThreads": 10,
  "Version": "1.11.3",
  "DurationHistogram": {
    "Count": 4181012,
    "Min": 0.000074295,
    "Max": 0.002437163,
    "Sum": 598.8273609689998,
    "Avg": 0.00014322545856577303,
    "StdDev": 0.00004569536782048672,
    "Data": [
      {
        "Start": 0.000074295,
        "End": 0.001,
        "Percent": 99.99516863381402,
        "Count": 4180810
      },
      {
        "Start": 0.001,
        "End": 0.002,
        "Percent": 99.99976082345614,
        "Count": 192
      },
      {
        "Start": 0.002,
        "End": 0.002437163,
        "Percent": 100,
        "Count": 10
      }
    ],
    "Percentiles": [
      {
        "Percentile": 50,
        "Value": 0.0005371697524761356
      },
      {
        "Percentile": 75,
        "Value": 0.0007686072394230398
      },
      {
        "Percentile": 90,
        "Value": 0.0009074697315911825
      },
      {
        "Percentile": 99,
        "Value": 0.000990787226892068
      },
      {
        "Percentile": 99.9,
        "Value": 0.0009991189764221565
      }
    ]
  },
  "Exactly": 0,
  "Jitter": true,
  "RetCodes": {
    "200": 4181012
  },
  "Sizes": {
    "Count": 4181012,
    "Min": 75,
    "Max": 75,
    "Sum": 313575900,
    "Avg": 75,
    "StdDev": 0,
    "Data": [
      {
        "Start": 75,
        "End": 75,
        "Percent": 100,
        "Count": 4181012
      }
    ],
    "Percentiles": null
  },
  "HeaderSizes": {
    "Count": 4181012,
    "Min": 75,
    "Max": 75,
    "Sum": 313575900,
    "Avg": 75,
    "StdDev": 0,
    "Data": [
      {
        "Start": 75,
        "End": 75,
        "Percent": 100,
        "Count": 4181012
      }
    ],
    "Percentiles": null
  },
  "URL": "http://fortio-server:8080/echo\\?size\\=32",
  "SocketCount": 10,
  "AbortOn": 0
}
