{
  "RunType": "HTTP",
  "Labels": "1pod-diffnode-nosidecar-maxcore-conn6-resp512",
  "StartTime": "2021-03-28T04:10:40.793136906Z",
  "RequestedQPS": "max",
  "RequestedDuration": "1m0s",
  "ActualQPS": 48102.586240357115,
  "ActualDuration": 60000204263,
  "NumThreads": 6,
  "Version": "1.11.3",
  "DurationHistogram": {
    "Count": 2886165,
    "Min": 0.000071871,
    "Max": 0.002743711,
    "Sum": 359.2561672609983,
    "Avg": 0.00012447526986883922,
    "StdDev": 0.00003404822309968358,
    "Data": [
      {
        "Start": 0.000071871,
        "End": 0.001,
        "Percent": 99.99663913878797,
        "Count": 2886068
      },
      {
        "Start": 0.001,
        "End": 0.002,
        "Percent": 99.99937633503282,
        "Count": 79
      },
      {
        "Start": 0.002,
        "End": 0.002743711,
        "Percent": 100,
        "Count": 18
      }
    ],
    "Percentiles": [
      {
        "Percentile": 50,
        "Value": 0.0005359509362986029
      },
      {
        "Percentile": 75,
        "Value": 0.0007679910652426815
      },
      {
        "Percentile": 90,
        "Value": 0.0009072151426091287
      },
      {
        "Percentile": 99,
        "Value": 0.000990749589028997
      },
      {
        "Percentile": 99.9,
        "Value": 0.0009991030336709839
      }
    ]
  },
  "Exactly": 0,
  "Jitter": true,
  "RetCodes": {
    "200": 2886165
  },
  "Sizes": {
    "Count": 2886165,
    "Min": 75,
    "Max": 75,
    "Sum": 216462375,
    "Avg": 75,
    "StdDev": 0,
    "Data": [
      {
        "Start": 75,
        "End": 75,
        "Percent": 100,
        "Count": 2886165
      }
    ],
    "Percentiles": null
  },
  "HeaderSizes": {
    "Count": 2886165,
    "Min": 75,
    "Max": 75,
    "Sum": 216462375,
    "Avg": 75,
    "StdDev": 0,
    "Data": [
      {
        "Start": 75,
        "End": 75,
        "Percent": 100,
        "Count": 2886165
      }
    ],
    "Percentiles": null
  },
  "URL": "http://fortio-server:8080/echo\\?size\\=512",
  "SocketCount": 6,
  "AbortOn": 0
}
