{
  "RunType": "HTTP",
  "Labels": "1pod-diffnode-nosidecar-maxcore-conn8-resp1024",
  "StartTime": "2021-03-28T04:32:27.86836376Z",
  "RequestedQPS": "max",
  "RequestedDuration": "1m0s",
  "ActualQPS": 59483.307563254486,
  "ActualDuration": 60000143674,
  "NumThreads": 8,
  "Version": "1.11.3",
  "DurationHistogram": {
    "Count": 3569007,
    "Min": 0.00007112,
    "Max": 0.002439997,
    "Sum": 479.0266545180033,
    "Avg": 0.00013421846875559597,
    "StdDev": 0.00004202947560529355,
    "Data": [
      {
        "Start": 0.00007112,
        "End": 0.001,
        "Percent": 99.99588120729379,
        "Count": 3568860
      },
      {
        "Start": 0.001,
        "End": 0.002,
        "Percent": 99.99977584801599,
        "Count": 139
      },
      {
        "Start": 0.002,
        "End": 0.002439997,
        "Percent": 100,
        "Count": 8
      }
    ],
    "Percentiles": [
      {
        "Percentile": 50,
        "Value": 0.0005355789999773036
      },
      {
        "Percentile": 75,
        "Value": 0.0007678086301027864
      },
      {
        "Percentile": 90,
        "Value": 0.000907146408178076
      },
      {
        "Percentile": 99,
        "Value": 0.0009907490750232497
      },
      {
        "Percentile": 99.9,
        "Value": 0.000999109341707767
      }
    ]
  },
  "Exactly": 0,
  "Jitter": true,
  "RetCodes": {
    "200": 3569007
  },
  "Sizes": {
    "Count": 3569007,
    "Min": 75,
    "Max": 75,
    "Sum": 267675525,
    "Avg": 75,
    "StdDev": 0,
    "Data": [
      {
        "Start": 75,
        "End": 75,
        "Percent": 100,
        "Count": 3569007
      }
    ],
    "Percentiles": null
  },
  "HeaderSizes": {
    "Count": 3569007,
    "Min": 75,
    "Max": 75,
    "Sum": 267675525,
    "Avg": 75,
    "StdDev": 0,
    "Data": [
      {
        "Start": 75,
        "End": 75,
        "Percent": 100,
        "Count": 3569007
      }
    ],
    "Percentiles": null
  },
  "URL": "http://fortio-server:8080/echo\\?size\\=1024",
  "SocketCount": 8,
  "AbortOn": 0
}
