{
  "RunType": "HTTP",
  "Labels": "1pod-diffnode-nosidecar-maxcore-conn4-resp128",
  "StartTime": "2021-03-28T03:47:54.996171138Z",
  "RequestedQPS": "max",
  "RequestedDuration": "1m0s",
  "ActualQPS": 33847.26290591545,
  "ActualDuration": 60000154389,
  "NumThreads": 4,
  "Version": "1.11.3",
  "DurationHistogram": {
    "Count": 2030841,
    "Min": 0.00007314,
    "Max": 0.001444752,
    "Sum": 239.53930603500055,
    "Avg": 0.00011795079281686776,
    "StdDev": 0.000025786439873231403,
    "Data": [
      {
        "Start": 0.00007314,
        "End": 0.001,
        "Percent": 99.99876898289921,
        "Count": 2030816
      },
      {
        "Start": 0.001,
        "End": 0.001444752,
        "Percent": 100,
        "Count": 25
      }
    ],
    "Percentiles": [
      {
        "Percentile": 50,
        "Value": 0.000536575476776565
      },
      {
        "Percentile": 75,
        "Value": 0.0007682934433638712
      },
      {
        "Percentile": 90,
        "Value": 0.0009073242233162549
      },
      {
        "Percentile": 99,
        "Value": 0.000990742691287685
      },
      {
        "Percentile": 99.9,
        "Value": 0.0009990845380848281
      }
    ]
  },
  "Exactly": 0,
  "Jitter": true,
  "RetCodes": {
    "200": 2030841
  },
  "Sizes": {
    "Count": 2030841,
    "Min": 75,
    "Max": 75,
    "Sum": 152313075,
    "Avg": 75,
    "StdDev": 0,
    "Data": [
      {
        "Start": 75,
        "End": 75,
        "Percent": 100,
        "Count": 2030841
      }
    ],
    "Percentiles": null
  },
  "HeaderSizes": {
    "Count": 2030841,
    "Min": 75,
    "Max": 75,
    "Sum": 152313075,
    "Avg": 75,
    "StdDev": 0,
    "Data": [
      {
        "Start": 75,
        "End": 75,
        "Percent": 100,
        "Count": 2030841
      }
    ],
    "Percentiles": null
  },
  "URL": "http://fortio-server:8080/echo\\?size\\=128",
  "SocketCount": 4,
  "AbortOn": 0
}
