{
  "RunType": "HTTP",
  "Labels": "1pod-diffnode-nosidecar-maxcore-conn14-resp32",
  "StartTime": "2021-03-28T03:37:17.331485185Z",
  "RequestedQPS": "max",
  "RequestedDuration": "1m0s",
  "ActualQPS": 81491.46715458992,
  "ActualDuration": 60000232794,
  "NumThreads": 14,
  "Version": "1.11.3",
  "DurationHistogram": {
    "Count": 4889507,
    "Min": 0.000074509,
    "Max": 0.006402635,
    "Sum": 838.5852586849983,
    "Avg": 0.00017150711895595982,
    "StdDev": 0.00007020607589615668,
    "Data": [
      {
        "Start": 0.000074509,
        "End": 0.001,
        "Percent": 99.9904284828716,
        "Count": 4889039
      },
      {
        "Start": 0.001,
        "End": 0.002,
        "Percent": 99.99842519910494,
        "Count": 391
      },
      {
        "Start": 0.002,
        "End": 0.003,
        "Percent": 99.99971367256454,
        "Count": 63
      },
      {
        "Start": 0.006,
        "End": 0.006402635,
        "Percent": 100,
        "Count": 14
      }
    ],
    "Percentiles": [
      {
        "Percentile": 50,
        "Value": 0.0005372987013640515
      },
      {
        "Percentile": 75,
        "Value": 0.0007686936466956792
      },
      {
        "Percentile": 90,
        "Value": 0.0009075306138946557
      },
      {
        "Percentile": 99,
        "Value": 0.0009908327942140416
      },
      {
        "Percentile": 99.9,
        "Value": 0.0009991630122459804
      }
    ]
  },
  "Exactly": 0,
  "Jitter": true,
  "RetCodes": {
    "200": 4889507
  },
  "Sizes": {
    "Count": 4889507,
    "Min": 75,
    "Max": 75,
    "Sum": 366713025,
    "Avg": 75,
    "StdDev": 0,
    "Data": [
      {
        "Start": 75,
        "End": 75,
        "Percent": 100,
        "Count": 4889507
      }
    ],
    "Percentiles": null
  },
  "HeaderSizes": {
    "Count": 4889507,
    "Min": 75,
    "Max": 75,
    "Sum": 366713025,
    "Avg": 75,
    "StdDev": 0,
    "Data": [
      {
        "Start": 75,
        "End": 75,
        "Percent": 100,
        "Count": 4889507
      }
    ],
    "Percentiles": null
  },
  "URL": "http://fortio-server:8080/echo\\?size\\=32",
  "SocketCount": 14,
  "AbortOn": 0
}
