{
  "RunType": "HTTP",
  "Labels": "1pod-diffnode-nosidecar-maxcore-conn18-resp512",
  "StartTime": "2021-03-28T04:22:51.17698502Z",
  "RequestedQPS": "max",
  "RequestedDuration": "1m0s",
  "ActualQPS": 83600.46845630207,
  "ActualDuration": 60000261872,
  "NumThreads": 18,
  "Version": "1.11.3",
  "DurationHistogram": {
    "Count": 5016050,
    "Min": 0.00007695,
    "Max": 0.004608781,
    "Sum": 1078.4972643390015,
    "Avg": 0.00021500927310114562,
    "StdDev": 0.0001009958077419886,
    "Data": [
      {
        "Start": 0.00007695,
        "End": 0.001,
        "Percent": 99.98321388343417,
        "Count": 5015208
      },
      {
        "Start": 0.001,
        "End": 0.002,
        "Percent": 99.9975279353276,
        "Count": 718
      },
      {
        "Start": 0.002,
        "End": 0.003,
        "Percent": 99.99928230380479,
        "Count": 88
      },
      {
        "Start": 0.004,
        "End": 0.004608781,
        "Percent": 100,
        "Count": 36
      }
    ],
    "Percentiles": [
      {
        "Percentile": 50,
        "Value": 0.0005385523931215601
      },
      {
        "Percentile": 75,
        "Value": 0.000769353681707455
      },
      {
        "Percentile": 90,
        "Value": 0.0009078344548589919
      },
      {
        "Percentile": 99,
        "Value": 0.000990922918749914
      },
      {
        "Percentile": 99.9,
        "Value": 0.0009992317651390064
      }
    ]
  },
  "Exactly": 0,
  "Jitter": true,
  "RetCodes": {
    "200": 5016050
  },
  "Sizes": {
    "Count": 5016050,
    "Min": 75,
    "Max": 75,
    "Sum": 376203750,
    "Avg": 75,
    "StdDev": 0,
    "Data": [
      {
        "Start": 75,
        "End": 75,
        "Percent": 100,
        "Count": 5016050
      }
    ],
    "Percentiles": null
  },
  "HeaderSizes": {
    "Count": 5016050,
    "Min": 75,
    "Max": 75,
    "Sum": 376203750,
    "Avg": 75,
    "StdDev": 0,
    "Data": [
      {
        "Start": 75,
        "End": 75,
        "Percent": 100,
        "Count": 5016050
      }
    ],
    "Percentiles": null
  },
  "URL": "http://fortio-server:8080/echo\\?size\\=512",
  "SocketCount": 18,
  "AbortOn": 0
}
