{
  "RunType": "HTTP",
  "Labels": "1pod-diffnode-nosidecar-maxcore-conn4-resp32",
  "StartTime": "2021-03-28T03:27:09.792293435Z",
  "RequestedQPS": "max",
  "RequestedDuration": "1m0s",
  "ActualQPS": 34010.45770963067,
  "ActualDuration": 60000192218,
  "NumThreads": 4,
  "Version": "1.11.3",
  "DurationHistogram": {
    "Count": 2040634,
    "Min": 0.000072724,
    "Max": 0.002569936,
    "Sum": 239.54822277200077,
    "Avg": 0.00011738911670196653,
    "StdDev": 0.000025760500303601543,
    "Data": [
      {
        "Start": 0.000072724,
        "End": 0.001,
        "Percent": 99.99725575482914,
        "Count": 2040578
      },
      {
        "Start": 0.001,
        "End": 0.002,
        "Percent": 99.99882389492677,
        "Count": 32
      },
      {
        "Start": 0.002,
        "End": 0.002569936,
        "Percent": 100,
        "Count": 24
      }
    ],
    "Percentiles": [
      {
        "Percentile": 50,
        "Value": 0.0005363744965095657
      },
      {
        "Percentile": 75,
        "Value": 0.0007681999719736133
      },
      {
        "Percentile": 90,
        "Value": 0.000907295257252042
      },
      {
        "Percentile": 99,
        "Value": 0.0009907524284190992
      },
      {
        "Percentile": 99.9,
        "Value": 0.000999098145535805
      }
    ]
  },
  "Exactly": 0,
  "Jitter": true,
  "RetCodes": {
    "200": 2040634
  },
  "Sizes": {
    "Count": 2040634,
    "Min": 75,
    "Max": 75,
    "Sum": 153047550,
    "Avg": 75,
    "StdDev": 0,
    "Data": [
      {
        "Start": 75,
        "End": 75,
        "Percent": 100,
        "Count": 2040634
      }
    ],
    "Percentiles": null
  },
  "HeaderSizes": {
    "Count": 2040634,
    "Min": 75,
    "Max": 75,
    "Sum": 153047550,
    "Avg": 75,
    "StdDev": 0,
    "Data": [
      {
        "Start": 75,
        "End": 75,
        "Percent": 100,
        "Count": 2040634
      }
    ],
    "Percentiles": null
  },
  "URL": "http://fortio-server:8080/echo\\?size\\=32",
  "SocketCount": 4,
  "AbortOn": 0
}
