{
  "RunType": "HTTP",
  "Labels": "1pod-diffnode-nosidecar-maxcore-conn8-resp2048",
  "StartTime": "2021-03-28T04:53:12.955903409Z",
  "RequestedQPS": "max",
  "RequestedDuration": "1m0s",
  "ActualQPS": 59704.82432844026,
  "ActualDuration": 60000159791,
  "NumThreads": 8,
  "Version": "1.11.3",
  "DurationHistogram": {
    "Count": 3582299,
    "Min": 0.000070928,
    "Max": 0.003135504,
    "Sum": 479.0190268620017,
    "Avg": 0.00013371832637700028,
    "StdDev": 0.00004181902899106085,
    "Data": [
      {
        "Start": 0.000070928,
        "End": 0.001,
        "Percent": 99.99592440497011,
        "Count": 3582153
      },
      {
        "Start": 0.001,
        "End": 0.002,
        "Percent": 99.99919046400092,
        "Count": 117
      },
      {
        "Start": 0.002,
        "End": 0.003,
        "Percent": 99.99977667972439,
        "Count": 21
      },
      {
        "Start": 0.003,
        "End": 0.003135504,
        "Percent": 100,
        "Count": 8
      }
    ],
    "Percentiles": [
      {
        "Percentile": 50,
        "Value": 0.0005354828037023554
      },
      {
        "Percentile": 75,
        "Value": 0.000767760335234239
      },
      {
        "Percentile": 90,
        "Value": 0.0009071268541533692
      },
      {
        "Percentile": 99,
        "Value": 0.0009907467655048473
      },
      {
        "Percentile": 99.9,
        "Value": 0.000999108756639995
      }
    ]
  },
  "Exactly": 0,
  "Jitter": true,
  "RetCodes": {
    "200": 3582299
  },
  "Sizes": {
    "Count": 3582299,
    "Min": 75,
    "Max": 75,
    "Sum": 268672425,
    "Avg": 75,
    "StdDev": 0,
    "Data": [
      {
        "Start": 75,
        "End": 75,
        "Percent": 100,
        "Count": 3582299
      }
    ],
    "Percentiles": null
  },
  "HeaderSizes": {
    "Count": 3582299,
    "Min": 75,
    "Max": 75,
    "Sum": 268672425,
    "Avg": 75,
    "StdDev": 0,
    "Data": [
      {
        "Start": 75,
        "End": 75,
        "Percent": 100,
        "Count": 3582299
      }
    ],
    "Percentiles": null
  },
  "URL": "http://fortio-server:8080/echo\\?size\\=2048",
  "SocketCount": 8,
  "AbortOn": 0
}
