{
  "RunType": "HTTP",
  "Labels": "1pod-diffnode-nosidecar-maxcore-conn11-resp32",
  "StartTime": "2021-03-28T03:34:15.121669643Z",
  "RequestedQPS": "max",
  "RequestedDuration": "1m0s",
  "ActualQPS": 73707.49788244798,
  "ActualDuration": 60000218798,
  "NumThreads": 11,
  "Version": "1.11.3",
  "DurationHistogram": {
    "Count": 4422466,
    "Min": 0.000072609,
    "Max": 0.002472492,
    "Sum": 658.7391895909999,
    "Avg": 0.00014895291215150097,
    "StdDev": 0.00005123336508243953,
    "Data": [
      {
        "Start": 0.000072609,
        "End": 0.001,
        "Percent": 99.99457316347937,
        "Count": 4422226
      },
      {
        "Start": 0.001,
        "End": 0.002,
        "Percent": 99.99925380997841,
        "Count": 207
      },
      {
        "Start": 0.002,
        "End": 0.002472492,
        "Percent": 100,
        "Count": 33
      }
    ],
    "Percentiles": [
      {
        "Percentile": 50,
        "Value": 0.0005363295605124118
      },
      {
        "Percentile": 75,
        "Value": 0.0007681899456243181
      },
      {
        "Percentile": 90,
        "Value": 0.0009073061766914619
      },
      {
        "Percentile": 99,
        "Value": 0.0009907759153317483
      },
      {
        "Percentile": 99.9,
        "Value": 0.000999122889195777
      }
    ]
  },
  "Exactly": 0,
  "Jitter": true,
  "RetCodes": {
    "200": 4422466
  },
  "Sizes": {
    "Count": 4422466,
    "Min": 75,
    "Max": 75,
    "Sum": 331684950,
    "Avg": 75,
    "StdDev": 0,
    "Data": [
      {
        "Start": 75,
        "End": 75,
        "Percent": 100,
        "Count": 4422466
      }
    ],
    "Percentiles": null
  },
  "HeaderSizes": {
    "Count": 4422466,
    "Min": 75,
    "Max": 75,
    "Sum": 331684950,
    "Avg": 75,
    "StdDev": 0,
    "Data": [
      {
        "Start": 75,
        "End": 75,
        "Percent": 100,
        "Count": 4422466
      }
    ],
    "Percentiles": null
  },
  "URL": "http://fortio-server:8080/echo\\?size\\=32",
  "SocketCount": 11,
  "AbortOn": 0
}
