{
  "RunType": "HTTP",
  "Labels": "1pod-diffnode-nosidecar-maxcore-conn14-resp1024",
  "StartTime": "2021-03-28T04:38:32.15924445Z",
  "RequestedQPS": "max",
  "RequestedDuration": "1m0s",
  "ActualQPS": 81045.56309022548,
  "ActualDuration": 60000508536,
  "NumThreads": 14,
  "Version": "1.11.3",
  "DurationHistogram": {
    "Count": 4862775,
    "Min": 0.000077322,
    "Max": 0.003435418,
    "Sum": 838.5996567949995,
    "Avg": 0.00017245290123334917,
    "StdDev": 0.00007090386558068137,
    "Data": [
      {
        "Start": 0.000077322,
        "End": 0.001,
        "Percent": 99.99023191490456,
        "Count": 4862300
      },
      {
        "Start": 0.001,
        "End": 0.002,
        "Percent": 99.99827259126734,
        "Count": 391
      },
      {
        "Start": 0.002,
        "End": 0.003,
        "Percent": 99.99971209854455,
        "Count": 70
      },
      {
        "Start": 0.003,
        "End": 0.003435418,
        "Percent": 100,
        "Count": 14
      }
    ],
    "Percentiles": [
      {
        "Percentile": 50,
        "Value": 0.0005387059735168487
      },
      {
        "Percentile": 75,
        "Value": 0.0007693980551561103
      },
      {
        "Percentile": 90,
        "Value": 0.0009078133041396673
      },
      {
        "Percentile": 99,
        "Value": 0.0009908624535298013
      },
      {
        "Percentile": 99.9,
        "Value": 0.000999167368468815
      }
    ]
  },
  "Exactly": 0,
  "Jitter": true,
  "RetCodes": {
    "200": 4862775
  },
  "Sizes": {
    "Count": 4862775,
    "Min": 75,
    "Max": 75,
    "Sum": 364708125,
    "Avg": 75,
    "StdDev": 0,
    "Data": [
      {
        "Start": 75,
        "End": 75,
        "Percent": 100,
        "Count": 4862775
      }
    ],
    "Percentiles": null
  },
  "HeaderSizes": {
    "Count": 4862775,
    "Min": 75,
    "Max": 75,
    "Sum": 364708125,
    "Avg": 75,
    "StdDev": 0,
    "Data": [
      {
        "Start": 75,
        "End": 75,
        "Percent": 100,
        "Count": 4862775
      }
    ],
    "Percentiles": null
  },
  "URL": "http://fortio-server:8080/echo\\?size\\=1024",
  "SocketCount": 14,
  "AbortOn": 0
}
