{
  "RunType": "HTTP",
  "Labels": "1pod-diffnode-nosidecar-maxcore-conn17-resp512",
  "StartTime": "2021-03-28T04:21:50.332453444Z",
  "RequestedQPS": "max",
  "RequestedDuration": "1m0s",
  "ActualQPS": 84054.98867942873,
  "ActualDuration": 60000840869,
  "NumThreads": 17,
  "Version": "1.11.3",
  "DurationHistogram": {
    "Count": 5043370,
    "Min": 0.000076694,
    "Max": 0.006572907,
    "Sum": 1018.5291177049955,
    "Avg": 0.00020195407390395618,
    "StdDev": 0.00009235487066167522,
    "Data": [
      {
        "Start": 0.000076694,
        "End": 0.001,
        "Percent": 99.98748852453815,
        "Count": 5042739
      },
      {
        "Start": 0.001,
        "End": 0.002,
        "Percent": 99.99718442232079,
        "Count": 489
      },
      {
        "Start": 0.002,
        "End": 0.003,
        "Percent": 99.99966292379897,
        "Count": 125
      },
      {
        "Start": 0.006,
        "End": 0.006572907,
        "Percent": 100,
        "Count": 17
      }
    ],
    "Percentiles": [
      {
        "Percentile": 50,
        "Value": 0.0005384046752926685
      },
      {
        "Percentile": 75,
        "Value": 0.0007692601044870863
      },
      {
        "Percentile": 90,
        "Value": 0.0009077733620037368
      },
      {
        "Percentile": 99,
        "Value": 0.0009908813165137274
      },
      {
        "Percentile": 99.9,
        "Value": 0.0009991921119647264
      }
    ]
  },
  "Exactly": 0,
  "Jitter": true,
  "RetCodes": {
    "200": 5043370
  },
  "Sizes": {
    "Count": 5043370,
    "Min": 75,
    "Max": 75,
    "Sum": 378252750,
    "Avg": 75,
    "StdDev": 0,
    "Data": [
      {
        "Start": 75,
        "End": 75,
        "Percent": 100,
        "Count": 5043370
      }
    ],
    "Percentiles": null
  },
  "HeaderSizes": {
    "Count": 5043370,
    "Min": 75,
    "Max": 75,
    "Sum": 378252750,
    "Avg": 75,
    "StdDev": 0,
    "Data": [
      {
        "Start": 75,
        "End": 75,
        "Percent": 100,
        "Count": 5043370
      }
    ],
    "Percentiles": null
  },
  "URL": "http://fortio-server:8080/echo\\?size\\=512",
  "SocketCount": 17,
  "AbortOn": 0
}
