{
  "RunType": "HTTP",
  "Labels": "1pod-diffnode-nosidecar-maxcore-conn20-resp128",
  "StartTime": "2021-03-28T04:04:06.174614785Z",
  "RequestedQPS": "max",
  "RequestedDuration": "1m0s",
  "ActualQPS": 82417.32098781811,
  "ActualDuration": 60000251655,
  "NumThreads": 20,
  "Version": "1.11.3",
  "DurationHistogram": {
    "Count": 4945060,
    "Min": 0.000075943,
    "Max": 0.011893486,
    "Sum": 1198.500834339004,
    "Avg": 0.00024236325430611642,
    "StdDev": 0.0001188866136635996,
    "Data": [
      {
        "Start": 0.000075943,
        "End": 0.001,
        "Percent": 99.97698713463538,
        "Count": 4943922
      },
      {
        "Start": 0.001,
        "End": 0.002,
        "Percent": 99.9982811128682,
        "Count": 1053
      },
      {
        "Start": 0.002,
        "End": 0.003,
        "Percent": 99.99919111193798,
        "Count": 45
      },
      {
        "Start": 0.006,
        "End": 0.007,
        "Percent": 99.99959555596898,
        "Count": 20
      },
      {
        "Start": 0.011,
        "End": 0.011893486,
        "Percent": 100,
        "Count": 20
      }
    ],
    "Percentiles": [
      {
        "Percentile": 50,
        "Value": 0.0005380777570385935
      },
      {
        "Percentile": 75,
        "Value": 0.0007691452290117499
      },
      {
        "Percentile": 90,
        "Value": 0.0009077857121956439
      },
      {
        "Percentile": 99,
        "Value": 0.0009909700021059802
      },
      {
        "Percentile": 99.9,
        "Value": 0.0009992884310970139
      }
    ]
  },
  "Exactly": 0,
  "Jitter": true,
  "RetCodes": {
    "200": 4945060
  },
  "Sizes": {
    "Count": 4945060,
    "Min": 75,
    "Max": 75,
    "Sum": 370879500,
    "Avg": 75,
    "StdDev": 0,
    "Data": [
      {
        "Start": 75,
        "End": 75,
        "Percent": 100,
        "Count": 4945060
      }
    ],
    "Percentiles": null
  },
  "HeaderSizes": {
    "Count": 4945060,
    "Min": 75,
    "Max": 75,
    "Sum": 370879500,
    "Avg": 75,
    "StdDev": 0,
    "Data": [
      {
        "Start": 75,
        "End": 75,
        "Percent": 100,
        "Count": 4945060
      }
    ],
    "Percentiles": null
  },
  "URL": "http://fortio-server:8080/echo\\?size\\=128",
  "SocketCount": 20,
  "AbortOn": 0
}
