{
  "RunType": "HTTP",
  "Labels": "1pod-diffnode-nosidecar-maxcore-conn6-resp2048",
  "StartTime": "2021-03-28T04:51:11.273383013Z",
  "RequestedQPS": "max",
  "RequestedDuration": "1m0s",
  "ActualQPS": 48159.79227346965,
  "ActualDuration": 60000196504,
  "NumThreads": 6,
  "Version": "1.11.3",
  "DurationHistogram": {
    "Count": 2889597,
    "Min": 0.000072477,
    "Max": 0.003742155,
    "Sum": 359.24732499000015,
    "Avg": 0.00012432436945013445,
    "StdDev": 0.00003419219303569759,
    "Data": [
      {
        "Start": 0.000072477,
        "End": 0.001,
        "Percent": 99.9961240269837,
        "Count": 2889485
      },
      {
        "Start": 0.001,
        "End": 0.002,
        "Percent": 99.99958471717683,
        "Count": 100
      },
      {
        "Start": 0.002,
        "End": 0.003,
        "Percent": 99.99979235858841,
        "Count": 6
      },
      {
        "Start": 0.003,
        "End": 0.003742155,
        "Percent": 100,
        "Count": 6
      }
    ],
    "Percentiles": [
      {
        "Percentile": 50,
        "Value": 0.0005362563154738009
      },
      {
        "Percentile": 75,
        "Value": 0.0007681461337104653
      },
      {
        "Percentile": 90,
        "Value": 0.0009072800246524639
      },
      {
        "Percentile": 99,
        "Value": 0.000990760359217663
      },
      {
        "Percentile": 99.9,
        "Value": 0.000999108392674183
      }
    ]
  },
  "Exactly": 0,
  "Jitter": true,
  "RetCodes": {
    "200": 2889597
  },
  "Sizes": {
    "Count": 2889597,
    "Min": 75,
    "Max": 75,
    "Sum": 216719775,
    "Avg": 75,
    "StdDev": 0,
    "Data": [
      {
        "Start": 75,
        "End": 75,
        "Percent": 100,
        "Count": 2889597
      }
    ],
    "Percentiles": null
  },
  "HeaderSizes": {
    "Count": 2889597,
    "Min": 75,
    "Max": 75,
    "Sum": 216719775,
    "Avg": 75,
    "StdDev": 0,
    "Data": [
      {
        "Start": 75,
        "End": 75,
        "Percent": 100,
        "Count": 2889597
      }
    ],
    "Percentiles": null
  },
  "URL": "http://fortio-server:8080/echo\\?size\\=2048",
  "SocketCount": 6,
  "AbortOn": 0
}
