{
  "RunType": "HTTP",
  "Labels": "1pod-diffnode-nosidecar-maxcore-conn10-resp128",
  "StartTime": "2021-03-28T03:53:59.477163927Z",
  "RequestedQPS": "max",
  "RequestedDuration": "1m0s",
  "ActualQPS": 69043.98763445599,
  "ActualDuration": 60000155581,
  "NumThreads": 10,
  "Version": "1.11.3",
  "DurationHistogram": {
    "Count": 4142650,
    "Min": 0.000071369,
    "Max": 0.0054421,
    "Sum": 598.8289451520009,
    "Avg": 0.00014455214540258068,
    "StdDev": 0.00005035077023749064,
    "Data": [
      {
        "Start": 0.000071369,
        "End": 0.001,
        "Percent": 99.99517217240172,
        "Count": 4142450
      },
      {
        "Start": 0.001,
        "End": 0.002,
        "Percent": 99.99908271275633,
        "Count": 162
      },
      {
        "Start": 0.002,
        "End": 0.003,
        "Percent": 99.99975860862008,
        "Count": 28
      },
      {
        "Start": 0.005,
        "End": 0.0054421,
        "Percent": 100,
        "Count": 10
      }
    ],
    "Percentiles": [
      {
        "Percentile": 50,
        "Value": 0.0005357068053523412
      },
      {
        "Percentile": 75,
        "Value": 0.0007678758201157094
      },
      {
        "Percentile": 90,
        "Value": 0.0009071772289737303
      },
      {
        "Percentile": 99,
        "Value": 0.000990758074288543
      },
      {
        "Percentile": 99.9,
        "Value": 0.0009991161588200242
      }
    ]
  },
  "Exactly": 0,
  "Jitter": true,
  "RetCodes": {
    "200": 4142650
  },
  "Sizes": {
    "Count": 4142650,
    "Min": 75,
    "Max": 75,
    "Sum": 310698750,
    "Avg": 75,
    "StdDev": 0,
    "Data": [
      {
        "Start": 75,
        "End": 75,
        "Percent": 100,
        "Count": 4142650
      }
    ],
    "Percentiles": null
  },
  "HeaderSizes": {
    "Count": 4142650,
    "Min": 75,
    "Max": 75,
    "Sum": 310698750,
    "Avg": 75,
    "StdDev": 0,
    "Data": [
      {
        "Start": 75,
        "End": 75,
        "Percent": 100,
        "Count": 4142650
      }
    ],
    "Percentiles": null
  },
  "URL": "http://fortio-server:8080/echo\\?size\\=128",
  "SocketCount": 10,
  "AbortOn": 0
}
