{
  "RunType": "HTTP",
  "Labels": "1pod-diffnode-nosidecar-maxcore-conn12-resp32",
  "StartTime": "2021-03-28T03:35:15.782236856Z",
  "RequestedQPS": "max",
  "RequestedDuration": "1m0s",
  "ActualQPS": 76624.30600746574,
  "ActualDuration": 60000243259,
  "NumThreads": 12,
  "Version": "1.11.3",
  "DurationHistogram": {
    "Count": 4597477,
    "Min": 0.000073569,
    "Max": 0.014512026,
    "Sum": 718.6691374989988,
    "Avg": 0.0001563181583070451,
    "StdDev": 0.000059305582471712724,
    "Data": [
      {
        "Start": 0.000073569,
        "End": 0.001,
        "Percent": 99.99010326750955,
        "Count": 4597022
      },
      {
        "Start": 0.001,
        "End": 0.002,
        "Percent": 99.99880369167698,
        "Count": 400
      },
      {
        "Start": 0.002,
        "End": 0.003,
        "Percent": 99.99971723621456,
        "Count": 42
      },
      {
        "Start": 0.009000000000000001,
        "End": 0.01,
        "Percent": 99.99997824893958,
        "Count": 12
      },
      {
        "Start": 0.014,
        "End": 0.014512026,
        "Percent": 100,
        "Count": 1
      }
    ],
    "Percentiles": [
      {
        "Percentile": 50,
        "Value": 0.0005368302469820128
      },
      {
        "Percentile": 75,
        "Value": 0.0007684609712372969
      },
      {
        "Percentile": 90,
        "Value": 0.0009074394057904673
      },
      {
        "Percentile": 99,
        "Value": 0.0009908264665223696
      },
      {
        "Percentile": 99.9,
        "Value": 0.0009991651725955598
      }
    ]
  },
  "Exactly": 0,
  "Jitter": true,
  "RetCodes": {
    "200": 4597477
  },
  "Sizes": {
    "Count": 4597477,
    "Min": 75,
    "Max": 75,
    "Sum": 344810775,
    "Avg": 75,
    "StdDev": 0,
    "Data": [
      {
        "Start": 75,
        "End": 75,
        "Percent": 100,
        "Count": 4597477
      }
    ],
    "Percentiles": null
  },
  "HeaderSizes": {
    "Count": 4597477,
    "Min": 75,
    "Max": 75,
    "Sum": 344810775,
    "Avg": 75,
    "StdDev": 0,
    "Data": [
      {
        "Start": 75,
        "End": 75,
        "Percent": 100,
        "Count": 4597477
      }
    ],
    "Percentiles": null
  },
  "URL": "http://fortio-server:8080/echo\\?size\\=32",
  "SocketCount": 12,
  "AbortOn": 0
}
