{
  "RunType": "HTTP",
  "Labels": "1pod-diffnode-nosidecar-maxcore-conn14-resp2048",
  "StartTime": "2021-03-28T04:59:17.575552639Z",
  "RequestedQPS": "max",
  "RequestedDuration": "1m0s",
  "ActualQPS": 80669.32254554742,
  "ActualDuration": 60000193968,
  "NumThreads": 14,
  "Version": "1.11.3",
  "DurationHistogram": {
    "Count": 4840175,
    "Min": 0.000075603,
    "Max": 0.002542165,
    "Sum": 838.5626374790013,
    "Avg": 0.0001732504790589186,
    "StdDev": 0.00007074774906571591,
    "Data": [
      {
        "Start": 0.000075603,
        "End": 0.001,
        "Percent": 99.99500018077859,
        "Count": 4839933
      },
      {
        "Start": 0.001,
        "End": 0.002,
        "Percent": 99.99940084810983,
        "Count": 213
      },
      {
        "Start": 0.002,
        "End": 0.002542165,
        "Percent": 100,
        "Count": 29
      }
    ],
    "Percentiles": [
      {
        "Percentile": 50,
        "Value": 0.0005378245147527899
      },
      {
        "Percentile": 75,
        "Value": 0.0007689353676260844
      },
      {
        "Percentile": 90,
        "Value": 0.000907601879350061
      },
      {
        "Percentile": 99,
        "Value": 0.000990801786384447
      },
      {
        "Percentile": 99.9,
        "Value": 0.0009991217770878857
      }
    ]
  },
  "Exactly": 0,
  "Jitter": true,
  "RetCodes": {
    "200": 4840175
  },
  "Sizes": {
    "Count": 4840175,
    "Min": 75,
    "Max": 75,
    "Sum": 363013125,
    "Avg": 75,
    "StdDev": 0,
    "Data": [
      {
        "Start": 75,
        "End": 75,
        "Percent": 100,
        "Count": 4840175
      }
    ],
    "Percentiles": null
  },
  "HeaderSizes": {
    "Count": 4840175,
    "Min": 75,
    "Max": 75,
    "Sum": 363013125,
    "Avg": 75,
    "StdDev": 0,
    "Data": [
      {
        "Start": 75,
        "End": 75,
        "Percent": 100,
        "Count": 4840175
      }
    ],
    "Percentiles": null
  },
  "URL": "http://fortio-server:8080/echo\\?size\\=2048",
  "SocketCount": 14,
  "AbortOn": 0
}
