{
  "RunType": "HTTP",
  "Labels": "1pod-diffnode-nosidecar-maxcore-conn12-resp128",
  "StartTime": "2021-03-28T03:56:00.793787413Z",
  "RequestedQPS": "max",
  "RequestedDuration": "1m0s",
  "ActualQPS": 75951.35989835692,
  "ActualDuration": 60000176509,
  "NumThreads": 12,
  "Version": "1.11.3",
  "DurationHistogram": {
    "Count": 4557095,
    "Min": 0.000074387,
    "Max": 0.002482977,
    "Sum": 718.6924400500047,
    "Avg": 0.0001577084612126815,
    "StdDev": 0.000060159597089318226,
    "Data": [
      {
        "Start": 0.000074387,
        "End": 0.001,
        "Percent": 99.99247327518957,
        "Count": 4556752
      },
      {
        "Start": 0.001,
        "End": 0.002,
        "Percent": 99.99892475359852,
        "Count": 294
      },
      {
        "Start": 0.002,
        "End": 0.002482977,
        "Percent": 100,
        "Count": 49
      }
    ],
    "Percentiles": [
      {
        "Percentile": 50,
        "Value": 0.000537228235236356
      },
      {
        "Percentile": 75,
        "Value": 0.0007686489544195524
      },
      {
        "Percentile": 90,
        "Value": 0.0009075013859294704
      },
      {
        "Percentile": 99,
        "Value": 0.0009908128448354212
      },
      {
        "Percentile": 99.9,
        "Value": 0.0009991439907260163
      }
    ]
  },
  "Exactly": 0,
  "Jitter": true,
  "RetCodes": {
    "200": 4557095
  },
  "Sizes": {
    "Count": 4557095,
    "Min": 75,
    "Max": 75,
    "Sum": 341782125,
    "Avg": 75,
    "StdDev": 0,
    "Data": [
      {
        "Start": 75,
        "End": 75,
        "Percent": 100,
        "Count": 4557095
      }
    ],
    "Percentiles": null
  },
  "HeaderSizes": {
    "Count": 4557095,
    "Min": 75,
    "Max": 75,
    "Sum": 341782125,
    "Avg": 75,
    "StdDev": 0,
    "Data": [
      {
        "Start": 75,
        "End": 75,
        "Percent": 100,
        "Count": 4557095
      }
    ],
    "Percentiles": null
  },
  "URL": "http://fortio-server:8080/echo\\?size\\=128",
  "SocketCount": 12,
  "AbortOn": 0
}
