{
  "RunType": "HTTP",
  "Labels": "1pod-diffnode-nosidecar-maxcore-conn10-resp2048",
  "StartTime": "2021-03-28T04:55:14.476998063Z",
  "RequestedQPS": "max",
  "RequestedDuration": "1m0s",
  "ActualQPS": 69071.7218393064,
  "ActualDuration": 60000227150,
  "NumThreads": 10,
  "Version": "1.11.3",
  "DurationHistogram": {
    "Count": 4144319,
    "Min": 0.000072379,
    "Max": 0.002377768,
    "Sum": 598.8140919649979,
    "Avg": 0.00014449034738035318,
    "StdDev": 0.00005004640003951564,
    "Data": [
      {
        "Start": 0.000072379,
        "End": 0.001,
        "Percent": 99.9948121754141,
        "Count": 4144104
      },
      {
        "Start": 0.001,
        "End": 0.002,
        "Percent": 99.99975870583322,
        "Count": 205
      },
      {
        "Start": 0.002,
        "End": 0.002377768,
        "Percent": 100,
        "Count": 10
      }
    ],
    "Percentiles": [
      {
        "Percentile": 50,
        "Value": 0.0005362134510086984
      },
      {
        "Percentile": 75,
        "Value": 0.000768130788433649
      },
      {
        "Percentile": 90,
        "Value": 0.0009072811908886194
      },
      {
        "Percentile": 99,
        "Value": 0.0009907714323616017
      },
      {
        "Percentile": 99.9,
        "Value": 0.0009991204565088997
      }
    ]
  },
  "Exactly": 0,
  "Jitter": true,
  "RetCodes": {
    "200": 4144319
  },
  "Sizes": {
    "Count": 4144319,
    "Min": 75,
    "Max": 75,
    "Sum": 310823925,
    "Avg": 75,
    "StdDev": 0,
    "Data": [
      {
        "Start": 75,
        "End": 75,
        "Percent": 100,
        "Count": 4144319
      }
    ],
    "Percentiles": null
  },
  "HeaderSizes": {
    "Count": 4144319,
    "Min": 75,
    "Max": 75,
    "Sum": 310823925,
    "Avg": 75,
    "StdDev": 0,
    "Data": [
      {
        "Start": 75,
        "End": 75,
        "Percent": 100,
        "Count": 4144319
      }
    ],
    "Percentiles": null
  },
  "URL": "http://fortio-server:8080/echo\\?size\\=2048",
  "SocketCount": 10,
  "AbortOn": 0
}
