{
  "RunType": "HTTP",
  "Labels": "1pod-diffnode-nosidecar-maxcore-conn3-resp512",
  "StartTime": "2021-03-28T04:07:38.763880147Z",
  "RequestedQPS": "max",
  "RequestedDuration": "1m0s",
  "ActualQPS": 25909.19394157253,
  "ActualDuration": 60000129819,
  "NumThreads": 3,
  "Version": "1.11.3",
  "DurationHistogram": {
    "Count": 1554555,
    "Min": 0.000072768,
    "Max": 0.001638385,
    "Sum": 179.68723148000151,
    "Avg": 0.00011558756781201148,
    "StdDev": 0.000021888244967195123,
    "Data": [
      {
        "Start": 0.000072768,
        "End": 0.001,
        "Percent": 99.99948538327689,
        "Count": 1554547
      },
      {
        "Start": 0.001,
        "End": 0.001638385,
        "Percent": 100,
        "Count": 8
      }
    ],
    "Percentiles": [
      {
        "Percentile": 50,
        "Value": 0.0005363860876268698
      },
      {
        "Percentile": 75,
        "Value": 0.0007681954296727147
      },
      {
        "Percentile": 90,
        "Value": 0.0009072810349002217
      },
      {
        "Percentile": 99,
        "Value": 0.0009907323980367258
      },
      {
        "Percentile": 99.9,
        "Value": 0.0009990775343503764
      }
    ]
  },
  "Exactly": 0,
  "Jitter": true,
  "RetCodes": {
    "200": 1554555
  },
  "Sizes": {
    "Count": 1554555,
    "Min": 75,
    "Max": 75,
    "Sum": 116591625,
    "Avg": 75,
    "StdDev": 0,
    "Data": [
      {
        "Start": 75,
        "End": 75,
        "Percent": 100,
        "Count": 1554555
      }
    ],
    "Percentiles": null
  },
  "HeaderSizes": {
    "Count": 1554555,
    "Min": 75,
    "Max": 75,
    "Sum": 116591625,
    "Avg": 75,
    "StdDev": 0,
    "Data": [
      {
        "Start": 75,
        "End": 75,
        "Percent": 100,
        "Count": 1554555
      }
    ],
    "Percentiles": null
  },
  "URL": "http://fortio-server:8080/echo\\?size\\=512",
  "SocketCount": 3,
  "AbortOn": 0
}
