{
  "RunType": "HTTP",
  "Labels": "1pod-diffnode-nosidecar-maxcore-conn18-resp32",
  "StartTime": "2021-03-28T03:41:20.217405948Z",
  "RequestedQPS": "max",
  "RequestedDuration": "1m0s",
  "ActualQPS": 83697.40884855413,
  "ActualDuration": 60000459621,
  "NumThreads": 18,
  "Version": "1.11.3",
  "DurationHistogram": {
    "Count": 5021883,
    "Min": 0.000076699,
    "Max": 0.009708364,
    "Sum": 1078.4965777290038,
    "Avg": 0.00021475939955769655,
    "StdDev": 0.00010137949283003769,
    "Data": [
      {
        "Start": 0.000076699,
        "End": 0.001,
        "Percent": 99.98428876180509,
        "Count": 5021094
      },
      {
        "Start": 0.001,
        "End": 0.002,
        "Percent": 99.99848662344384,
        "Count": 713
      },
      {
        "Start": 0.002,
        "End": 0.003,
        "Percent": 99.99928313742076,
        "Count": 40
      },
      {
        "Start": 0.003,
        "End": 0.004,
        "Percent": 99.99964156871039,
        "Count": 18
      },
      {
        "Start": 0.009000000000000001,
        "End": 0.009708364,
        "Percent": 100,
        "Count": 18
      }
    ],
    "Percentiles": [
      {
        "Percentile": 50,
        "Value": 0.0005384219504792084
      },
      {
        "Percentile": 75,
        "Value": 0.0007692835176610453
      },
      {
        "Percentile": 90,
        "Value": 0.0009078004579701471
      },
      {
        "Percentile": 99,
        "Value": 0.0009909106221556083
      },
      {
        "Percentile": 99.9,
        "Value": 0.0009992216385741545
      }
    ]
  },
  "Exactly": 0,
  "Jitter": true,
  "RetCodes": {
    "200": 5021883
  },
  "Sizes": {
    "Count": 5021883,
    "Min": 75,
    "Max": 75,
    "Sum": 376641225,
    "Avg": 75,
    "StdDev": 0,
    "Data": [
      {
        "Start": 75,
        "End": 75,
        "Percent": 100,
        "Count": 5021883
      }
    ],
    "Percentiles": null
  },
  "HeaderSizes": {
    "Count": 5021883,
    "Min": 75,
    "Max": 75,
    "Sum": 376641225,
    "Avg": 75,
    "StdDev": 0,
    "Data": [
      {
        "Start": 75,
        "End": 75,
        "Percent": 100,
        "Count": 5021883
      }
    ],
    "Percentiles": null
  },
  "URL": "http://fortio-server:8080/echo\\?size\\=32",
  "SocketCount": 18,
  "AbortOn": 0
}
