{
  "RunType": "HTTP",
  "Labels": "1pod-diffnode-nosidecar-maxcore-conn15-resp1024",
  "StartTime": "2021-03-28T04:39:32.959880653Z",
  "RequestedQPS": "max",
  "RequestedDuration": "1m0s",
  "ActualQPS": 82632.77500721229,
  "ActualDuration": 60000538522,
  "NumThreads": 15,
  "Version": "1.11.3",
  "DurationHistogram": {
    "Count": 4958011,
    "Min": 0.000076604,
    "Max": 0.002323159,
    "Sum": 898.5522181180037,
    "Avg": 0.00018123239704752645,
    "StdDev": 0.0000762774127255871,
    "Data": [
      {
        "Start": 0.000076604,
        "End": 0.001,
        "Percent": 99.98642600833277,
        "Count": 4957338
      },
      {
        "Start": 0.001,
        "End": 0.002,
        "Percent": 99.99969745932391,
        "Count": 658
      },
      {
        "Start": 0.002,
        "End": 0.002323159,
        "Percent": 100,
        "Count": 15
      }
    ],
    "Percentiles": [
      {
        "Percentile": 50,
        "Value": 0.0005383645862345046
      },
      {
        "Percentile": 75,
        "Value": 0.0007692449724860344
      },
      {
        "Percentile": 90,
        "Value": 0.0009077732042369523
      },
      {
        "Percentile": 99,
        "Value": 0.000990890143287503
      },
      {
        "Percentile": 99.9,
        "Value": 0.0009992018371925582
      }
    ]
  },
  "Exactly": 0,
  "Jitter": true,
  "RetCodes": {
    "200": 4958011
  },
  "Sizes": {
    "Count": 4958011,
    "Min": 75,
    "Max": 75,
    "Sum": 371850825,
    "Avg": 75,
    "StdDev": 0,
    "Data": [
      {
        "Start": 75,
        "End": 75,
        "Percent": 100,
        "Count": 4958011
      }
    ],
    "Percentiles": null
  },
  "HeaderSizes": {
    "Count": 4958011,
    "Min": 75,
    "Max": 75,
    "Sum": 371850825,
    "Avg": 75,
    "StdDev": 0,
    "Data": [
      {
        "Start": 75,
        "End": 75,
        "Percent": 100,
        "Count": 4958011
      }
    ],
    "Percentiles": null
  },
  "URL": "http://fortio-server:8080/echo\\?size\\=1024",
  "SocketCount": 15,
  "AbortOn": 0
}
