{
  "RunType": "HTTP",
  "Labels": "1pod-diffnode-nosidecar-maxcore-conn12-resp2048",
  "StartTime": "2021-03-28T04:57:16.102315751Z",
  "RequestedQPS": "max",
  "RequestedDuration": "1m0s",
  "ActualQPS": 75663.30148444974,
  "ActualDuration": 60000210286,
  "NumThreads": 12,
  "Version": "1.11.3",
  "DurationHistogram": {
    "Count": 4539814,
    "Min": 0.000074299,
    "Max": 0.002142675,
    "Sum": 718.6786513729968,
    "Avg": 0.00015830574807095552,
    "StdDev": 0.000060426512584624466,
    "Data": [
      {
        "Start": 0.000074299,
        "End": 0.001,
        "Percent": 99.99235651504665,
        "Count": 4539467
      },
      {
        "Start": 0.001,
        "End": 0.002,
        "Percent": 99.99947134398018,
        "Count": 323
      },
      {
        "Start": 0.002,
        "End": 0.002142675,
        "Percent": 100,
        "Count": 24
      }
    ],
    "Percentiles": [
      {
        "Percentile": 50,
        "Value": 0.0005371847786589876
      },
      {
        "Percentile": 75,
        "Value": 0.0007686277699499237
      },
      {
        "Percentile": 90,
        "Value": 0.0009074935647244853
      },
      {
        "Percentile": 99,
        "Value": 0.0009908130415892222
      },
      {
        "Percentile": 99.9,
        "Value": 0.000999144989275696
      }
    ]
  },
  "Exactly": 0,
  "Jitter": true,
  "RetCodes": {
    "200": 4539814
  },
  "Sizes": {
    "Count": 4539814,
    "Min": 75,
    "Max": 75,
    "Sum": 340486050,
    "Avg": 75,
    "StdDev": 0,
    "Data": [
      {
        "Start": 75,
        "End": 75,
        "Percent": 100,
        "Count": 4539814
      }
    ],
    "Percentiles": null
  },
  "HeaderSizes": {
    "Count": 4539814,
    "Min": 75,
    "Max": 75,
    "Sum": 340486050,
    "Avg": 75,
    "StdDev": 0,
    "Data": [
      {
        "Start": 75,
        "End": 75,
        "Percent": 100,
        "Count": 4539814
      }
    ],
    "Percentiles": null
  },
  "URL": "http://fortio-server:8080/echo\\?size\\=2048",
  "SocketCount": 12,
  "AbortOn": 0
}
