{
  "RunType": "HTTP",
  "Labels": "1pod-diffnode-nosidecar-maxcore-conn6-resp32",
  "StartTime": "2021-03-28T03:29:11.393440385Z",
  "RequestedQPS": "max",
  "RequestedDuration": "1m0s",
  "ActualQPS": 48430.72700294331,
  "ActualDuration": 60000173027,
  "NumThreads": 6,
  "Version": "1.11.3",
  "DurationHistogram": {
    "Count": 2905852,
    "Min": 0.000072153,
    "Max": 0.002719472,
    "Sum": 359.2463171129972,
    "Avg": 0.00012362856646277827,
    "StdDev": 0.00003198316215767329,
    "Data": [
      {
        "Start": 0.000072153,
        "End": 0.001,
        "Percent": 99.996352188618,
        "Count": 2905746
      },
      {
        "Start": 0.001,
        "End": 0.002,
        "Percent": 99.99979352011046,
        "Count": 100
      },
      {
        "Start": 0.002,
        "End": 0.002719472,
        "Percent": 100,
        "Count": 6
      }
    ],
    "Percentiles": [
      {
        "Percentile": 50,
        "Value": 0.0005360932640200706
      },
      {
        "Percentile": 75,
        "Value": 0.0007680635556874399
      },
      {
        "Percentile": 90,
        "Value": 0.0009072457306878614
      },
      {
        "Percentile": 99,
        "Value": 0.0009907550356881142
      },
      {
        "Percentile": 99.9,
        "Value": 0.0009991059661881396
      }
    ]
  },
  "Exactly": 0,
  "Jitter": true,
  "RetCodes": {
    "200": 2905852
  },
  "Sizes": {
    "Count": 2905852,
    "Min": 75,
    "Max": 75,
    "Sum": 217938900,
    "Avg": 75,
    "StdDev": 0,
    "Data": [
      {
        "Start": 75,
        "End": 75,
        "Percent": 100,
        "Count": 2905852
      }
    ],
    "Percentiles": null
  },
  "HeaderSizes": {
    "Count": 2905852,
    "Min": 75,
    "Max": 75,
    "Sum": 217938900,
    "Avg": 75,
    "StdDev": 0,
    "Data": [
      {
        "Start": 75,
        "End": 75,
        "Percent": 100,
        "Count": 2905852
      }
    ],
    "Percentiles": null
  },
  "URL": "http://fortio-server:8080/echo\\?size\\=32",
  "SocketCount": 6,
  "AbortOn": 0
}
