{
  "RunType": "HTTP",
  "Labels": "1pod-diffnode-nosidecar-maxcore-conn8-resp32",
  "StartTime": "2021-03-28T03:31:12.844155947Z",
  "RequestedQPS": "max",
  "RequestedDuration": "1m0s",
  "ActualQPS": 60183.567952562,
  "ActualDuration": 60000198108,
  "NumThreads": 8,
  "Version": "1.11.3",
  "DurationHistogram": {
    "Count": 3611026,
    "Min": 0.00007259,
    "Max": 0.002904962,
    "Sum": 479.0204802610026,
    "Avg": 0.00013265495187822038,
    "StdDev": 0.00004064338297525465,
    "Data": [
      {
        "Start": 0.00007259,
        "End": 0.001,
        "Percent": 99.99318753174306,
        "Count": 3610780
      },
      {
        "Start": 0.001,
        "End": 0.002,
        "Percent": 99.99778456316848,
        "Count": 166
      },
      {
        "Start": 0.002,
        "End": 0.002904962,
        "Percent": 100,
        "Count": 80
      }
    ],
    "Percentiles": [
      {
        "Percentile": 50,
        "Value": 0.0005363264634944426
      },
      {
        "Percentile": 75,
        "Value": 0.0007681948236640902
      },
      {
        "Percentile": 90,
        "Value": 0.0009073158397658788
      },
      {
        "Percentile": 99,
        "Value": 0.0009907884494269519
      },
      {
        "Percentile": 99.9,
        "Value": 0.0009991357103930594
      }
    ]
  },
  "Exactly": 0,
  "Jitter": true,
  "RetCodes": {
    "200": 3611026
  },
  "Sizes": {
    "Count": 3611026,
    "Min": 75,
    "Max": 75,
    "Sum": 270826950,
    "Avg": 75,
    "StdDev": 0,
    "Data": [
      {
        "Start": 75,
        "End": 75,
        "Percent": 100,
        "Count": 3611026
      }
    ],
    "Percentiles": null
  },
  "HeaderSizes": {
    "Count": 3611026,
    "Min": 75,
    "Max": 75,
    "Sum": 270826950,
    "Avg": 75,
    "StdDev": 0,
    "Data": [
      {
        "Start": 75,
        "End": 75,
        "Percent": 100,
        "Count": 3611026
      }
    ],
    "Percentiles": null
  },
  "URL": "http://fortio-server:8080/echo\\?size\\=32",
  "SocketCount": 8,
  "AbortOn": 0
}
