{
  "RunType": "HTTP",
  "Labels": "1pod-diffnode-nosidecar-maxcore-conn17-resp32",
  "StartTime": "2021-03-28T03:40:19.557625835Z",
  "RequestedQPS": "max",
  "RequestedDuration": "1m0s",
  "ActualQPS": 84257.61077939675,
  "ActualDuration": 60000775636,
  "NumThreads": 17,
  "Version": "1.11.3",
  "DurationHistogram": {
    "Count": 5055522,
    "Min": 0.000077171,
    "Max": 0.002519415,
    "Sum": 1018.4954663250056,
    "Avg": 0.00020146197886687184,
    "StdDev": 0.00009071213908166063,
    "Data": [
      {
        "Start": 0.000077171,
        "End": 0.001,
        "Percent": 99.98643067916626,
        "Count": 5054836
      },
      {
        "Start": 0.001,
        "End": 0.002,
        "Percent": 99.99932746806364,
        "Count": 652
      },
      {
        "Start": 0.002,
        "End": 0.002519415,
        "Percent": 100,
        "Count": 34
      }
    ],
    "Percentiles": [
      {
        "Percentile": 50,
        "Value": 0.0005386480280414692
      },
      {
        "Percentile": 75,
        "Value": 0.0007693866333440162
      },
      {
        "Percentile": 90,
        "Value": 0.0009078297965255444
      },
      {
        "Percentile": 99,
        "Value": 0.0009908956944344612
      },
      {
        "Percentile": 99.9,
        "Value": 0.000999202284225353
      }
    ]
  },
  "Exactly": 0,
  "Jitter": true,
  "RetCodes": {
    "200": 5055522
  },
  "Sizes": {
    "Count": 5055522,
    "Min": 75,
    "Max": 75,
    "Sum": 379164150,
    "Avg": 75,
    "StdDev": 0,
    "Data": [
      {
        "Start": 75,
        "End": 75,
        "Percent": 100,
        "Count": 5055522
      }
    ],
    "Percentiles": null
  },
  "HeaderSizes": {
    "Count": 5055522,
    "Min": 75,
    "Max": 75,
    "Sum": 379164150,
    "Avg": 75,
    "StdDev": 0,
    "Data": [
      {
        "Start": 75,
        "End": 75,
        "Percent": 100,
        "Count": 5055522
      }
    ],
    "Percentiles": null
  },
  "URL": "http://fortio-server:8080/echo\\?size\\=32",
  "SocketCount": 17,
  "AbortOn": 0
}
