{
  "RunType": "HTTP",
  "Labels": "1pod-diffnode-nosidecar-maxcore-conn13-resp512",
  "StartTime": "2021-03-28T04:17:45.95768642Z",
  "RequestedQPS": "max",
  "RequestedDuration": "1m0s",
  "ActualQPS": 78744.18682872601,
  "ActualDuration": 60000264023,
  "NumThreads": 13,
  "Version": "1.11.3",
  "DurationHistogram": {
    "Count": 4724672,
    "Min": 0.000074248,
    "Max": 0.002604382,
    "Sum": 778.6257981829957,
    "Avg": 0.00016479996879846808,
    "StdDev": 0.00006545840465031778,
    "Data": [
      {
        "Start": 0.000074248,
        "End": 0.001,
        "Percent": 99.99214760305054,
        "Count": 4724301
      },
      {
        "Start": 0.001,
        "End": 0.002,
        "Percent": 99.99862424312207,
        "Count": 306
      },
      {
        "Start": 0.002,
        "End": 0.002604382,
        "Percent": 100,
        "Count": 65
      }
    ],
    "Percentiles": [
      {
        "Percentile": 50,
        "Value": 0.000537160251745232
      },
      {
        "Percentile": 75,
        "Value": 0.000768616475595538
      },
      {
        "Percentile": 90,
        "Value": 0.0009074902099057215
      },
      {
        "Percentile": 99,
        "Value": 0.0009908144504918316
      },
      {
        "Percentile": 99.9,
        "Value": 0.0009991468745504427
      }
    ]
  },
  "Exactly": 0,
  "Jitter": true,
  "RetCodes": {
    "200": 4724672
  },
  "Sizes": {
    "Count": 4724672,
    "Min": 75,
    "Max": 75,
    "Sum": 354350400,
    "Avg": 75,
    "StdDev": 0,
    "Data": [
      {
        "Start": 75,
        "End": 75,
        "Percent": 100,
        "Count": 4724672
      }
    ],
    "Percentiles": null
  },
  "HeaderSizes": {
    "Count": 4724672,
    "Min": 75,
    "Max": 75,
    "Sum": 354350400,
    "Avg": 75,
    "StdDev": 0,
    "Data": [
      {
        "Start": 75,
        "End": 75,
        "Percent": 100,
        "Count": 4724672
      }
    ],
    "Percentiles": null
  },
  "URL": "http://fortio-server:8080/echo\\?size\\=512",
  "SocketCount": 13,
  "AbortOn": 0
}
