{
  "RunType": "HTTP",
  "Labels": "1pod-diffnode-nosidecar-maxcore-conn2-resp512",
  "StartTime": "2021-03-28T04:06:37.895216168Z",
  "RequestedQPS": "max",
  "RequestedDuration": "1m0s",
  "ActualQPS": 17323.138488560882,
  "ActualDuration": 60000097597,
  "NumThreads": 2,
  "Version": "1.11.3",
  "DurationHistogram": {
    "Count": 1039390,
    "Min": 0.000077175,
    "Max": 0.00683502,
    "Sum": 119.82994269300069,
    "Avg": 0.00011528872001173831,
    "StdDev": 0.00001972280182848695,
    "Data": [
      {
        "Start": 0.000077175,
        "End": 0.001,
        "Percent": 99.99932652805973,
        "Count": 1039383
      },
      {
        "Start": 0.001,
        "End": 0.002,
        "Percent": 99.99980757944563,
        "Count": 5
      },
      {
        "Start": 0.006,
        "End": 0.00683502,
        "Percent": 100,
        "Count": 2
      }
    ],
    "Percentiles": [
      {
        "Percentile": 50,
        "Value": 0.0005385901635779723
      },
      {
        "Percentile": 75,
        "Value": 0.0007692981892966206
      },
      {
        "Percentile": 90,
        "Value": 0.0009077230047278094
      },
      {
        "Percentile": 99,
        "Value": 0.0009907778939865228
      },
      {
        "Percentile": 99.9,
        "Value": 0.0009990833829123943
      }
    ]
  },
  "Exactly": 0,
  "Jitter": true,
  "RetCodes": {
    "200": 1039390
  },
  "Sizes": {
    "Count": 1039390,
    "Min": 75,
    "Max": 75,
    "Sum": 77954250,
    "Avg": 75,
    "StdDev": 0,
    "Data": [
      {
        "Start": 75,
        "End": 75,
        "Percent": 100,
        "Count": 1039390
      }
    ],
    "Percentiles": null
  },
  "HeaderSizes": {
    "Count": 1039390,
    "Min": 75,
    "Max": 75,
    "Sum": 77954250,
    "Avg": 75,
    "StdDev": 0,
    "Data": [
      {
        "Start": 75,
        "End": 75,
        "Percent": 100,
        "Count": 1039390
      }
    ],
    "Percentiles": null
  },
  "URL": "http://fortio-server:8080/echo\\?size\\=512",
  "SocketCount": 2,
  "AbortOn": 0
}
