{
  "RunType": "HTTP",
  "Labels": "1pod-diffnode-nosidecar-maxcore-conn3-resp32",
  "StartTime": "2021-03-28T03:26:08.963816418Z",
  "RequestedQPS": "max",
  "RequestedDuration": "1m0s",
  "ActualQPS": 26063.763291747844,
  "ActualDuration": 60000161239,
  "NumThreads": 3,
  "Version": "1.11.3",
  "DurationHistogram": {
    "Count": 1563830,
    "Min": 0.000073374,
    "Max": 0.002484338,
    "Sum": 179.68667907399882,
    "Avg": 0.00011490167030559512,
    "StdDev": 0.00002246210429949784,
    "Data": [
      {
        "Start": 0.000073374,
        "End": 0.001,
        "Percent": 99.99731428607969,
        "Count": 1563788
      },
      {
        "Start": 0.001,
        "End": 0.002,
        "Percent": 99.99865714303985,
        "Count": 21
      },
      {
        "Start": 0.002,
        "End": 0.002484338,
        "Percent": 100,
        "Count": 21
      }
    ],
    "Percentiles": [
      {
        "Percentile": 50,
        "Value": 0.0005366991473276093
      },
      {
        "Percentile": 75,
        "Value": 0.0007683620172676969
      },
      {
        "Percentile": 90,
        "Value": 0.0009073597392317497
      },
      {
        "Percentile": 99,
        "Value": 0.0009907583724101813
      },
      {
        "Percentile": 99.9,
        "Value": 0.0009990982357280245
      }
    ]
  },
  "Exactly": 0,
  "Jitter": true,
  "RetCodes": {
    "200": 1563830
  },
  "Sizes": {
    "Count": 1563830,
    "Min": 75,
    "Max": 75,
    "Sum": 117287250,
    "Avg": 75,
    "StdDev": 0,
    "Data": [
      {
        "Start": 75,
        "End": 75,
        "Percent": 100,
        "Count": 1563830
      }
    ],
    "Percentiles": null
  },
  "HeaderSizes": {
    "Count": 1563830,
    "Min": 75,
    "Max": 75,
    "Sum": 117287250,
    "Avg": 75,
    "StdDev": 0,
    "Data": [
      {
        "Start": 75,
        "End": 75,
        "Percent": 100,
        "Count": 1563830
      }
    ],
    "Percentiles": null
  },
  "URL": "http://fortio-server:8080/echo\\?size\\=32",
  "SocketCount": 3,
  "AbortOn": 0
}
