{
  "RunType": "HTTP",
  "Labels": "1pod-diffnode-nosidecar-maxcore-conn16-resp1024",
  "StartTime": "2021-03-28T04:40:33.736032149Z",
  "RequestedQPS": "max",
  "RequestedDuration": "1m0s",
  "ActualQPS": 83788.78535830723,
  "ActualDuration": 60000726571,
  "NumThreads": 16,
  "Version": "1.11.3",
  "DurationHistogram": {
    "Count": 5027388,
    "Min": 0.000074425,
    "Max": 0.003232035,
    "Sum": 958.5295180609983,
    "Avg": 0.0001906615359827008,
    "StdDev": 0.00008334944115631855,
    "Data": [
      {
        "Start": 0.000074425,
        "End": 0.001,
        "Percent": 99.98923894475621,
        "Count": 5026847
      },
      {
        "Start": 0.001,
        "End": 0.002,
        "Percent": 99.99904522984897,
        "Count": 493
      },
      {
        "Start": 0.002,
        "End": 0.003,
        "Percent": 99.99968174328299,
        "Count": 32
      },
      {
        "Start": 0.003,
        "End": 0.003232035,
        "Percent": 100,
        "Count": 16
      }
    ],
    "Percentiles": [
      {
        "Percentile": 50,
        "Value": 0.0005372622141249204
      },
      {
        "Percentile": 75,
        "Value": 0.000768680913250575
      },
      {
        "Percentile": 90,
        "Value": 0.0009075321327259677
      },
      {
        "Percentile": 99,
        "Value": 0.0009908428644112032
      },
      {
        "Percentile": 99.9,
        "Value": 0.0009991739375797269
      }
    ]
  },
  "Exactly": 0,
  "Jitter": true,
  "RetCodes": {
    "200": 5027388
  },
  "Sizes": {
    "Count": 5027388,
    "Min": 75,
    "Max": 75,
    "Sum": 377054100,
    "Avg": 75,
    "StdDev": 0,
    "Data": [
      {
        "Start": 75,
        "End": 75,
        "Percent": 100,
        "Count": 5027388
      }
    ],
    "Percentiles": null
  },
  "HeaderSizes": {
    "Count": 5027388,
    "Min": 75,
    "Max": 75,
    "Sum": 377054100,
    "Avg": 75,
    "StdDev": 0,
    "Data": [
      {
        "Start": 75,
        "End": 75,
        "Percent": 100,
        "Count": 5027388
      }
    ],
    "Percentiles": null
  },
  "URL": "http://fortio-server:8080/echo\\?size\\=1024",
  "SocketCount": 16,
  "AbortOn": 0
}
