{
  "RunType": "HTTP",
  "Labels": "1pod-samenode-nosidecar-maxcore-conn5-resp128",
  "StartTime": "2021-03-28T07:17:27.957763666Z",
  "RequestedQPS": "max",
  "RequestedDuration": "1m0s",
  "ActualQPS": 72541.49885696289,
  "ActualDuration": 60001269185,
  "NumThreads": 5,
  "Version": "1.11.3",
  "DurationHistogram": {
    "Count": 4352582,
    "Min": 0.000025971,
    "Max": 0.001550067,
    "Sum": 298.7866278090026,
    "Avg": 0.00006864583546249159,
    "StdDev": 0.00003238343385084957,
    "Data": [
      {
        "Start": 0.000025971,
        "End": 0.001,
        "Percent": 99.99960942723193,
        "Count": 4352565
      },
      {
        "Start": 0.001,
        "End": 0.001550067,
        "Percent": 100,
        "Count": 17
      }
    ],
    "Percentiles": [
      {
        "Percentile": 50,
        "Value": 0.0005129872902624751
      },
      {
        "Percentile": 75,
        "Value": 0.0007564955472851174
      },
      {
        "Percentile": 90,
        "Value": 0.0009026005014987028
      },
      {
        "Percentile": 99,
        "Value": 0.0009902634740268541
      },
      {
        "Percentile": 99.9,
        "Value": 0.0009990297712796693
      }
    ]
  },
  "Exactly": 0,
  "Jitter": true,
  "RetCodes": {
    "200": 4352582
  },
  "Sizes": {
    "Count": 4352582,
    "Min": 75,
    "Max": 75,
    "Sum": 326443650,
    "Avg": 75,
    "StdDev": 0,
    "Data": [
      {
        "Start": 75,
        "End": 75,
        "Percent": 100,
        "Count": 4352582
      }
    ],
    "Percentiles": null
  },
  "HeaderSizes": {
    "Count": 4352582,
    "Min": 75,
    "Max": 75,
    "Sum": 326443650,
    "Avg": 75,
    "StdDev": 0,
    "Data": [
      {
        "Start": 75,
        "End": 75,
        "Percent": 100,
        "Count": 4352582
      }
    ],
    "Percentiles": null
  },
  "URL": "http://fortio-server:8080/echo\\?size\\=128",
  "SocketCount": 5,
  "AbortOn": 0
}
