{
  "RunType": "HTTP",
  "Labels": "1pod-samenode-nosidecar-maxcore-conn11-resp2048",
  "StartTime": "2021-03-28T08:00:29.305746475Z",
  "RequestedQPS": "max",
  "RequestedDuration": "1m0s",
  "ActualQPS": 92643.1829271989,
  "ActualDuration": 60000313292,
  "NumThreads": 11,
  "Version": "1.11.3",
  "DurationHistogram": {
    "Count": 5558620,
    "Min": 0.000027535,
    "Max": 0.00297071,
    "Sum": 658.1957924490049,
    "Avg": 0.00011840992772468795,
    "StdDev": 0.00009598967413419763,
    "Data": [
      {
        "Start": 0.000027535,
        "End": 0.001,
        "Percent": 99.99456699684454,
        "Count": 5558318
      },
      {
        "Start": 0.001,
        "End": 0.002,
        "Percent": 99.99976612900325,
        "Count": 289
      },
      {
        "Start": 0.002,
        "End": 0.00297071,
        "Percent": 100,
        "Count": 13
      }
    ],
    "Percentiles": [
      {
        "Percentile": 50,
        "Value": 0.0005137938309887688
      },
      {
        "Percentile": 75,
        "Value": 0.000756923333961521
      },
      {
        "Percentile": 90,
        "Value": 0.0009028010357451725
      },
      {
        "Percentile": 99,
        "Value": 0.0009903276568153634
      },
      {
        "Percentile": 99.9,
        "Value": 0.0009990803189223827
      }
    ]
  },
  "Exactly": 0,
  "Jitter": true,
  "RetCodes": {
    "200": 5558620
  },
  "Sizes": {
    "Count": 5558620,
    "Min": 75,
    "Max": 75,
    "Sum": 416896500,
    "Avg": 75,
    "StdDev": 8.284123145847928e-7,
    "Data": [
      {
        "Start": 75,
        "End": 75,
        "Percent": 100,
        "Count": 5558620
      }
    ],
    "Percentiles": null
  },
  "HeaderSizes": {
    "Count": 5558620,
    "Min": 75,
    "Max": 75,
    "Sum": 416896500,
    "Avg": 75,
    "StdDev": 8.284123145847928e-7,
    "Data": [
      {
        "Start": 75,
        "End": 75,
        "Percent": 100,
        "Count": 5558620
      }
    ],
    "Percentiles": null
  },
  "URL": "http://fortio-server:8080/echo\\?size\\=2048",
  "SocketCount": 11,
  "AbortOn": 0
}
