{
  "RunType": "HTTP",
  "Labels": "1pod-samenode-nosidecar-maxcore-conn8-resp128",
  "StartTime": "2021-03-28T07:20:30.168054162Z",
  "RequestedQPS": "max",
  "RequestedDuration": "1m0s",
  "ActualQPS": 97421.53752473519,
  "ActualDuration": 60000171918,
  "NumThreads": 8,
  "Version": "1.11.3",
  "DurationHistogram": {
    "Count": 5845309,
    "Min": 0.000026633,
    "Max": 0.00298113,
    "Sum": 478.1647953860068,
    "Avg": 0.00008180316821334968,
    "StdDev": 0.00005458721267831347,
    "Data": [
      {
        "Start": 0.000026633,
        "End": 0.001,
        "Percent": 99.9989564281375,
        "Count": 5845248
      },
      {
        "Start": 0.001,
        "End": 0.002,
        "Percent": 99.99994867679365,
        "Count": 58
      },
      {
        "Start": 0.002,
        "End": 0.00298113,
        "Percent": 100,
        "Count": 3
      }
    ],
    "Percentiles": [
      {
        "Percentile": 50,
        "Value": 0.000513321495684528
      },
      {
        "Percentile": 75,
        "Value": 0.0007566658267882007
      },
      {
        "Percentile": 90,
        "Value": 0.0009026724254504045
      },
      {
        "Percentile": 99,
        "Value": 0.0009902763846477267
      },
      {
        "Percentile": 99.9,
        "Value": 0.000999036780567459
      }
    ]
  },
  "Exactly": 0,
  "Jitter": true,
  "RetCodes": {
    "200": 5845309
  },
  "Sizes": {
    "Count": 5845309,
    "Min": 75,
    "Max": 75,
    "Sum": 438398175,
    "Avg": 75,
    "StdDev": 0,
    "Data": [
      {
        "Start": 75,
        "End": 75,
        "Percent": 100,
        "Count": 5845309
      }
    ],
    "Percentiles": null
  },
  "HeaderSizes": {
    "Count": 5845309,
    "Min": 75,
    "Max": 75,
    "Sum": 438398175,
    "Avg": 75,
    "StdDev": 0,
    "Data": [
      {
        "Start": 75,
        "End": 75,
        "Percent": 100,
        "Count": 5845309
      }
    ],
    "Percentiles": null
  },
  "URL": "http://fortio-server:8080/echo\\?size\\=128",
  "SocketCount": 8,
  "AbortOn": 0
}
