{
  "RunType": "HTTP",
  "Labels": "1pod-samenode-nosidecar-maxcore-conn4-resp32",
  "StartTime": "2021-03-28T07:03:48.148782655Z",
  "RequestedQPS": "max",
  "RequestedDuration": "1m0s",
  "ActualQPS": 60943.54360934878,
  "ActualDuration": 60000170378,
  "NumThreads": 4,
  "Version": "1.11.3",
  "DurationHistogram": {
    "Count": 3656623,
    "Min": 0.000026062,
    "Max": 0.001319038,
    "Sum": 239.01202956299917,
    "Avg": 0.00006536414324446331,
    "StdDev": 0.000025309437966370233,
    "Data": [
      {
        "Start": 0.000026062,
        "End": 0.001,
        "Percent": 99.99972652362577,
        "Count": 3656613
      },
      {
        "Start": 0.001,
        "End": 0.001319038,
        "Percent": 100,
        "Count": 10
      }
    ],
    "Percentiles": [
      {
        "Percentile": 50,
        "Value": 0.0005130321985742541
      },
      {
        "Percentile": 75,
        "Value": 0.0007565174310362981
      },
      {
        "Percentile": 90,
        "Value": 0.0009026085705135245
      },
      {
        "Percentile": 99,
        "Value": 0.0009902632541998605
      },
      {
        "Percentile": 99.9,
        "Value": 0.000999028722568494
      }
    ]
  },
  "Exactly": 0,
  "Jitter": true,
  "RetCodes": {
    "200": 3656623
  },
  "Sizes": {
    "Count": 3656623,
    "Min": 75,
    "Max": 75,
    "Sum": 274246725,
    "Avg": 75,
    "StdDev": 0,
    "Data": [
      {
        "Start": 75,
        "End": 75,
        "Percent": 100,
        "Count": 3656623
      }
    ],
    "Percentiles": null
  },
  "HeaderSizes": {
    "Count": 3656623,
    "Min": 75,
    "Max": 75,
    "Sum": 274246725,
    "Avg": 75,
    "StdDev": 0,
    "Data": [
      {
        "Start": 75,
        "End": 75,
        "Percent": 100,
        "Count": 3656623
      }
    ],
    "Percentiles": null
  },
  "URL": "http://fortio-server:8080/echo\\?size\\=32",
  "SocketCount": 4,
  "AbortOn": 0
}
