{
  "RunType": "HTTP",
  "Labels": "1pod-samenode-nosidecar-maxcore-conn2-resp1024",
  "StartTime": "2021-03-28T07:38:42.911720566Z",
  "RequestedQPS": "max",
  "RequestedDuration": "1m0s",
  "ActualQPS": 33638.18139983665,
  "ActualDuration": 60000062905,
  "NumThreads": 2,
  "Version": "1.11.3",
  "DurationHistogram": {
    "Count": 2018293,
    "Min": 0.000025591,
    "Max": 0.001280153,
    "Sum": 119.59518162799912,
    "Avg": 0.00005925560938277996,
    "StdDev": 0.00002046839914234624,
    "Data": [
      {
        "Start": 0.000025591,
        "End": 0.001,
        "Percent": 99.99980181271995,
        "Count": 2018289
      },
      {
        "Start": 0.001,
        "End": 0.001280153,
        "Percent": 100,
        "Count": 4
      }
    ],
    "Percentiles": [
      {
        "Percentile": 50,
        "Value": 0.0005127962241848041
      },
      {
        "Percentile": 75,
        "Value": 0.000756399077672141
      },
      {
        "Percentile": 90,
        "Value": 0.000902560789764543
      },
      {
        "Percentile": 99,
        "Value": 0.0009902578170199842
      },
      {
        "Percentile": 99.9,
        "Value": 0.0009990275197455285
      }
    ]
  },
  "Exactly": 0,
  "Jitter": true,
  "RetCodes": {
    "200": 2018293
  },
  "Sizes": {
    "Count": 2018293,
    "Min": 75,
    "Max": 75,
    "Sum": 151371975,
    "Avg": 75,
    "StdDev": 0,
    "Data": [
      {
        "Start": 75,
        "End": 75,
        "Percent": 100,
        "Count": 2018293
      }
    ],
    "Percentiles": null
  },
  "HeaderSizes": {
    "Count": 2018293,
    "Min": 75,
    "Max": 75,
    "Sum": 151371975,
    "Avg": 75,
    "StdDev": 0,
    "Data": [
      {
        "Start": 75,
        "End": 75,
        "Percent": 100,
        "Count": 2018293
      }
    ],
    "Percentiles": null
  },
  "URL": "http://fortio-server:8080/echo\\?size\\=1024",
  "SocketCount": 2,
  "AbortOn": 0
}
