{
  "RunType": "HTTP",
  "Labels": "1pod-samenode-nosidecar-maxcore-conn7-resp512",
  "StartTime": "2021-03-28T07:31:07.774201901Z",
  "RequestedQPS": "max",
  "RequestedDuration": "1m0s",
  "ActualQPS": 91458.3414316587,
  "ActualDuration": 60000213366,
  "NumThreads": 7,
  "Version": "1.11.3",
  "DurationHistogram": {
    "Count": 5487520,
    "Min": 0.000026531,
    "Max": 0.001945627,
    "Sum": 418.3253409810044,
    "Avg": 0.00007623213054002616,
    "StdDev": 0.000045437334263940887,
    "Data": [
      {
        "Start": 0.000026531,
        "End": 0.001,
        "Percent": 99.99917995743068,
        "Count": 5487475
      },
      {
        "Start": 0.001,
        "End": 0.001945627,
        "Percent": 100,
        "Count": 45
      }
    ],
    "Percentiles": [
      {
        "Percentile": 50,
        "Value": 0.0005132694027643684
      },
      {
        "Percentile": 75,
        "Value": 0.0007566386928457429
      },
      {
        "Percentile": 90,
        "Value": 0.0009026602668945675
      },
      {
        "Percentile": 99,
        "Value": 0.0009902732113238623
      },
      {
        "Percentile": 99.9,
        "Value": 0.000999034505766792
      }
    ]
  },
  "Exactly": 0,
  "Jitter": true,
  "RetCodes": {
    "200": 5487520
  },
  "Sizes": {
    "Count": 5487520,
    "Min": 75,
    "Max": 75,
    "Sum": 411564000,
    "Avg": 75,
    "StdDev": 0,
    "Data": [
      {
        "Start": 75,
        "End": 75,
        "Percent": 100,
        "Count": 5487520
      }
    ],
    "Percentiles": null
  },
  "HeaderSizes": {
    "Count": 5487520,
    "Min": 75,
    "Max": 75,
    "Sum": 411564000,
    "Avg": 75,
    "StdDev": 0,
    "Data": [
      {
        "Start": 75,
        "End": 75,
        "Percent": 100,
        "Count": 5487520
      }
    ],
    "Percentiles": null
  },
  "URL": "http://fortio-server:8080/echo\\?size\\=512",
  "SocketCount": 7,
  "AbortOn": 0
}
