{
  "RunType": "HTTP",
  "Labels": "1pod-samenode-nosidecar-maxcore-conn3-resp512",
  "StartTime": "2021-03-28T07:27:04.812534056Z",
  "RequestedQPS": "max",
  "RequestedDuration": "1m0s",
  "ActualQPS": 49109.81573496857,
  "ActualDuration": 60000143676,
  "NumThreads": 3,
  "Version": "1.11.3",
  "DurationHistogram": {
    "Count": 2946596,
    "Min": 0.00002617,
    "Max": 0.001470502,
    "Sum": 179.35384340799718,
    "Avg": 0.000060868148673247765,
    "StdDev": 0.00002583212462957336,
    "Data": [
      {
        "Start": 0.00002617,
        "End": 0.001,
        "Percent": 99.99976243774172,
        "Count": 2946589
      },
      {
        "Start": 0.001,
        "End": 0.001470502,
        "Percent": 100,
        "Count": 7
      }
    ],
    "Percentiles": [
      {
        "Percentile": 50,
        "Value": 0.0005130859914823518
      },
      {
        "Percentile": 75,
        "Value": 0.0007565441524705863
      },
      {
        "Percentile": 90,
        "Value": 0.000902619049063527
      },
      {
        "Percentile": 99,
        "Value": 0.0009902639870192915
      },
      {
        "Percentile": 99.9,
        "Value": 0.000999028480814868
      }
    ]
  },
  "Exactly": 0,
  "Jitter": true,
  "RetCodes": {
    "200": 2946596
  },
  "Sizes": {
    "Count": 2946596,
    "Min": 75,
    "Max": 75,
    "Sum": 220994700,
    "Avg": 75,
    "StdDev": 0,
    "Data": [
      {
        "Start": 75,
        "End": 75,
        "Percent": 100,
        "Count": 2946596
      }
    ],
    "Percentiles": null
  },
  "HeaderSizes": {
    "Count": 2946596,
    "Min": 75,
    "Max": 75,
    "Sum": 220994700,
    "Avg": 75,
    "StdDev": 0,
    "Data": [
      {
        "Start": 75,
        "End": 75,
        "Percent": 100,
        "Count": 2946596
      }
    ],
    "Percentiles": null
  },
  "URL": "http://fortio-server:8080/echo\\?size\\=512",
  "SocketCount": 3,
  "AbortOn": 0
}
