{
  "RunType": "HTTP",
  "Labels": "1pod-samenode-nosidecar-maxcore-conn10-resp1024",
  "StartTime": "2021-03-28T07:46:49.381113799Z",
  "RequestedQPS": "max",
  "RequestedDuration": "1m0s",
  "ActualQPS": 94478.17821619936,
  "ActualDuration": 60000172601,
  "NumThreads": 10,
  "Version": "1.11.3",
  "DurationHistogram": {
    "Count": 5668707,
    "Min": 0.000027125,
    "Max": 0.002810956,
    "Sum": 598.2016400860045,
    "Avg": 0.00010552699938204684,
    "StdDev": 0.00008471020707615148,
    "Data": [
      {
        "Start": 0.000027125,
        "End": 0.001,
        "Percent": 99.99558982321719,
        "Count": 5668457
      },
      {
        "Start": 0.001,
        "End": 0.002,
        "Percent": 99.99924144959336,
        "Count": 207
      },
      {
        "Start": 0.002,
        "End": 0.002810956,
        "Percent": 100,
        "Count": 43
      }
    ],
    "Percentiles": [
      {
        "Percentile": 50,
        "Value": 0.0005135838678888043
      },
      {
        "Percentile": 75,
        "Value": 0.000756813387648021
      },
      {
        "Percentile": 90,
        "Value": 0.0009027510995035508
      },
      {
        "Percentile": 99,
        "Value": 0.0009903137266168687
      },
      {
        "Percentile": 99.9,
        "Value": 0.0009990699893282005
      }
    ]
  },
  "Exactly": 0,
  "Jitter": true,
  "RetCodes": {
    "200": 5668707
  },
  "Sizes": {
    "Count": 5668707,
    "Min": 75,
    "Max": 75,
    "Sum": 425153025,
    "Avg": 75,
    "StdDev": 0,
    "Data": [
      {
        "Start": 75,
        "End": 75,
        "Percent": 100,
        "Count": 5668707
      }
    ],
    "Percentiles": null
  },
  "HeaderSizes": {
    "Count": 5668707,
    "Min": 75,
    "Max": 75,
    "Sum": 425153025,
    "Avg": 75,
    "StdDev": 0,
    "Data": [
      {
        "Start": 75,
        "End": 75,
        "Percent": 100,
        "Count": 5668707
      }
    ],
    "Percentiles": null
  },
  "URL": "http://fortio-server:8080/echo\\?size\\=1024",
  "SocketCount": 10,
  "AbortOn": 0
}
