{
  "RunType": "HTTP",
  "Labels": "1pod-samenode-nosidecar-maxcore-conn6-resp512",
  "StartTime": "2021-03-28T07:30:07.014604895Z",
  "RequestedQPS": "max",
  "RequestedDuration": "1m0s",
  "ActualQPS": 82437.26519756066,
  "ActualDuration": 60001383939,
  "NumThreads": 6,
  "Version": "1.11.3",
  "DurationHistogram": {
    "Count": 4946350,
    "Min": 0.0000262,
    "Max": 0.001774652,
    "Sum": 358.5518808920032,
    "Avg": 0.00007248817428851643,
    "StdDev": 0.00003838418743713706,
    "Data": [
      {
        "Start": 0.0000262,
        "End": 0.001,
        "Percent": 99.99965631223023,
        "Count": 4946333
      },
      {
        "Start": 0.001,
        "End": 0.001774652,
        "Percent": 100,
        "Count": 17
      }
    ],
    "Percentiles": [
      {
        "Percentile": 50,
        "Value": 0.000513101574985262
      },
      {
        "Percentile": 75,
        "Value": 0.0007565524609144716
      },
      {
        "Percentile": 90,
        "Value": 0.0009026229924719974
      },
      {
        "Percentile": 99,
        "Value": 0.0009902653114065131
      },
      {
        "Percentile": 99.9,
        "Value": 0.0009990295432999647
      }
    ]
  },
  "Exactly": 0,
  "Jitter": true,
  "RetCodes": {
    "200": 4946350
  },
  "Sizes": {
    "Count": 4946350,
    "Min": 75,
    "Max": 75,
    "Sum": 370976250,
    "Avg": 75,
    "StdDev": 0,
    "Data": [
      {
        "Start": 75,
        "End": 75,
        "Percent": 100,
        "Count": 4946350
      }
    ],
    "Percentiles": null
  },
  "HeaderSizes": {
    "Count": 4946350,
    "Min": 75,
    "Max": 75,
    "Sum": 370976250,
    "Avg": 75,
    "StdDev": 0,
    "Data": [
      {
        "Start": 75,
        "End": 75,
        "Percent": 100,
        "Count": 4946350
      }
    ],
    "Percentiles": null
  },
  "URL": "http://fortio-server:8080/echo\\?size\\=512",
  "SocketCount": 6,
  "AbortOn": 0
}
