{
  "RunType": "HTTP",
  "Labels": "1pod-samenode-nosidecar-maxcore-conn7-resp1024",
  "StartTime": "2021-03-28T07:43:47.22640607Z",
  "RequestedQPS": "max",
  "RequestedDuration": "1m0s",
  "ActualQPS": 91573.13844023549,
  "ActualDuration": 60001361683,
  "NumThreads": 7,
  "Version": "1.11.3",
  "DurationHistogram": {
    "Count": 5494513,
    "Min": 0.000026767,
    "Max": 0.002361111,
    "Sum": 418.3423616209967,
    "Avg": 0.00007613820581023227,
    "StdDev": 0.000045157845754110695,
    "Data": [
      {
        "Start": 0.000026767,
        "End": 0.001,
        "Percent": 99.99894440144195,
        "Count": 5494455
      },
      {
        "Start": 0.001,
        "End": 0.002,
        "Percent": 99.99985440019888,
        "Count": 50
      },
      {
        "Start": 0.002,
        "End": 0.002361111,
        "Percent": 100,
        "Count": 8
      }
    ],
    "Percentiles": [
      {
        "Percentile": 50,
        "Value": 0.0005133885482068828
      },
      {
        "Percentile": 75,
        "Value": 0.0007566994108753572
      },
      {
        "Percentile": 90,
        "Value": 0.0009026859284764419
      },
      {
        "Percentile": 99,
        "Value": 0.0009902778390370928
      },
      {
        "Percentile": 99.9,
        "Value": 0.000999037030093158
      }
    ]
  },
  "Exactly": 0,
  "Jitter": true,
  "RetCodes": {
    "200": 5494513
  },
  "Sizes": {
    "Count": 5494513,
    "Min": 75,
    "Max": 75,
    "Sum": 412088475,
    "Avg": 75,
    "StdDev": 0,
    "Data": [
      {
        "Start": 75,
        "End": 75,
        "Percent": 100,
        "Count": 5494513
      }
    ],
    "Percentiles": null
  },
  "HeaderSizes": {
    "Count": 5494513,
    "Min": 75,
    "Max": 75,
    "Sum": 412088475,
    "Avg": 75,
    "StdDev": 0,
    "Data": [
      {
        "Start": 75,
        "End": 75,
        "Percent": 100,
        "Count": 5494513
      }
    ],
    "Percentiles": null
  },
  "URL": "http://fortio-server:8080/echo\\?size\\=1024",
  "SocketCount": 7,
  "AbortOn": 0
}
