{
  "RunType": "HTTP",
  "Labels": "1pod-samenode-nosidecar-maxcore-conn9-resp128",
  "StartTime": "2021-03-28T07:21:30.973197804Z",
  "RequestedQPS": "max",
  "RequestedDuration": "1m0s",
  "ActualQPS": 97323.4508941649,
  "ActualDuration": 60000163849,
  "NumThreads": 9,
  "Version": "1.11.3",
  "DurationHistogram": {
    "Count": 5839423,
    "Min": 0.000026915,
    "Max": 0.003876627,
    "Sum": 538.1659311339926,
    "Avg": 0.00009216080615053791,
    "StdDev": 0.00006953903712145748,
    "Data": [
      {
        "Start": 0.000026915,
        "End": 0.001,
        "Percent": 99.99820187713752,
        "Count": 5839318
      },
      {
        "Start": 0.001,
        "End": 0.002,
        "Percent": 99.99960612546822,
        "Count": 82
      },
      {
        "Start": 0.002,
        "End": 0.003,
        "Percent": 99.99982875020358,
        "Count": 13
      },
      {
        "Start": 0.003,
        "End": 0.003876627,
        "Percent": 100,
        "Count": 10
      }
    ],
    "Percentiles": [
      {
        "Percentile": 50,
        "Value": 0.0005134661654689239
      },
      {
        "Percentile": 75,
        "Value": 0.0007567418315252023
      },
      {
        "Percentile": 90,
        "Value": 0.0009027072311589695
      },
      {
        "Percentile": 99,
        "Value": 0.0009902864709392298
      },
      {
        "Percentile": 99.9,
        "Value": 0.000999044394917256
      }
    ]
  },
  "Exactly": 0,
  "Jitter": true,
  "RetCodes": {
    "200": 5839423
  },
  "Sizes": {
    "Count": 5839423,
    "Min": 75,
    "Max": 75,
    "Sum": 437956725,
    "Avg": 75,
    "StdDev": 0,
    "Data": [
      {
        "Start": 75,
        "End": 75,
        "Percent": 100,
        "Count": 5839423
      }
    ],
    "Percentiles": null
  },
  "HeaderSizes": {
    "Count": 5839423,
    "Min": 75,
    "Max": 75,
    "Sum": 437956725,
    "Avg": 75,
    "StdDev": 0,
    "Data": [
      {
        "Start": 75,
        "End": 75,
        "Percent": 100,
        "Count": 5839423
      }
    ],
    "Percentiles": null
  },
  "URL": "http://fortio-server:8080/echo\\?size\\=128",
  "SocketCount": 9,
  "AbortOn": 0
}
