{
  "RunType": "HTTP",
  "Labels": "1pod-samenode-nosidecar-maxcore-conn11-resp128",
  "StartTime": "2021-03-28T07:23:32.777771919Z",
  "RequestedQPS": "max",
  "RequestedDuration": "1m0s",
  "ActualQPS": 92214.17546849833,
  "ActualDuration": 60000265381,
  "NumThreads": 11,
  "Version": "1.11.3",
  "DurationHistogram": {
    "Count": 5532875,
    "Min": 0.000027215,
    "Max": 0.006718441,
    "Sum": 658.2019828550067,
    "Avg": 0.00011896201935792995,
    "StdDev": 0.00009639162971976527,
    "Data": [
      {
        "Start": 0.000027215,
        "End": 0.001,
        "Percent": 99.99352958452884,
        "Count": 5532517
      },
      {
        "Start": 0.001,
        "End": 0.002,
        "Percent": 99.99927704855071,
        "Count": 318
      },
      {
        "Start": 0.002,
        "End": 0.003,
        "Percent": 99.99998192621376,
        "Count": 39
      },
      {
        "Start": 0.006,
        "End": 0.006718441,
        "Percent": 100,
        "Count": 1
      }
    ],
    "Percentiles": [
      {
        "Percentile": 50,
        "Value": 0.0005136388857424904
      },
      {
        "Percentile": 75,
        "Value": 0.0007568509165289806
      },
      {
        "Percentile": 90,
        "Value": 0.0009027781350008748
      },
      {
        "Percentile": 99,
        "Value": 0.0009903344660840113
      },
      {
        "Percentile": 99.9,
        "Value": 0.000999090099192325
      }
    ]
  },
  "Exactly": 0,
  "Jitter": true,
  "RetCodes": {
    "200": 5532875
  },
  "Sizes": {
    "Count": 5532875,
    "Min": 75,
    "Max": 75,
    "Sum": 414965625,
    "Avg": 75,
    "StdDev": 0,
    "Data": [
      {
        "Start": 75,
        "End": 75,
        "Percent": 100,
        "Count": 5532875
      }
    ],
    "Percentiles": null
  },
  "HeaderSizes": {
    "Count": 5532875,
    "Min": 75,
    "Max": 75,
    "Sum": 414965625,
    "Avg": 75,
    "StdDev": 0,
    "Data": [
      {
        "Start": 75,
        "End": 75,
        "Percent": 100,
        "Count": 5532875
      }
    ],
    "Percentiles": null
  },
  "URL": "http://fortio-server:8080/echo\\?size\\=128",
  "SocketCount": 11,
  "AbortOn": 0
}
