{
  "RunType": "HTTP",
  "Labels": "1pod-samenode-nosidecar-maxcore-conn5-resp512",
  "StartTime": "2021-03-28T07:29:06.117571675Z",
  "RequestedQPS": "max",
  "RequestedDuration": "1m0s",
  "ActualQPS": 72472.87873330087,
  "ActualDuration": 60000141791,
  "NumThreads": 5,
  "Version": "1.11.3",
  "DurationHistogram": {
    "Count": 4348383,
    "Min": 0.000024882,
    "Max": 0.0018482,
    "Sum": 298.7712291019982,
    "Avg": 0.00006870858181121538,
    "StdDev": 0.000032558994121797634,
    "Data": [
      {
        "Start": 0.000024882,
        "End": 0.001,
        "Percent": 99.99928709131648,
        "Count": 4348352
      },
      {
        "Start": 0.001,
        "End": 0.0018482,
        "Percent": 100,
        "Count": 31
      }
    ],
    "Percentiles": [
      {
        "Percentile": 50,
        "Value": 0.0005124443637509943
      },
      {
        "Percentile": 75,
        "Value": 0.0007562256577515247
      },
      {
        "Percentile": 90,
        "Value": 0.0009024944341518428
      },
      {
        "Percentile": 99,
        "Value": 0.0009902556999920337
      },
      {
        "Percentile": 99.9,
        "Value": 0.0009990318265760529
      }
    ]
  },
  "Exactly": 0,
  "Jitter": true,
  "RetCodes": {
    "200": 4348383
  },
  "Sizes": {
    "Count": 4348383,
    "Min": 75,
    "Max": 75,
    "Sum": 326128725,
    "Avg": 75,
    "StdDev": 0,
    "Data": [
      {
        "Start": 75,
        "End": 75,
        "Percent": 100,
        "Count": 4348383
      }
    ],
    "Percentiles": null
  },
  "HeaderSizes": {
    "Count": 4348383,
    "Min": 75,
    "Max": 75,
    "Sum": 326128725,
    "Avg": 75,
    "StdDev": 0,
    "Data": [
      {
        "Start": 75,
        "End": 75,
        "Percent": 100,
        "Count": 4348383
      }
    ],
    "Percentiles": null
  },
  "URL": "http://fortio-server:8080/echo\\?size\\=512",
  "SocketCount": 5,
  "AbortOn": 0
}
