{
  "RunType": "HTTP",
  "Labels": "1pod-samenode-nosidecar-maxcore-conn5-resp2048",
  "StartTime": "2021-03-28T07:54:25.057406053Z",
  "RequestedQPS": "max",
  "RequestedDuration": "1m0s",
  "ActualQPS": 72460.66879506237,
  "ActualDuration": 60001433499,
  "NumThreads": 5,
  "Version": "1.11.3",
  "DurationHistogram": {
    "Count": 4347744,
    "Min": 0.000026486,
    "Max": 0.008711719,
    "Sum": 298.77760568300437,
    "Avg": 0.00006872014674346152,
    "StdDev": 0.000032753030677603276,
    "Data": [
      {
        "Start": 0.000026486,
        "End": 0.001,
        "Percent": 99.99993099869725,
        "Count": 4347741
      },
      {
        "Start": 0.001,
        "End": 0.002,
        "Percent": 99.99997699956575,
        "Count": 2
      },
      {
        "Start": 0.008,
        "End": 0.008711719,
        "Percent": 100,
        "Count": 1
      }
    ],
    "Percentiles": [
      {
        "Percentile": 50,
        "Value": 0.0005132432239126535
      },
      {
        "Percentile": 75,
        "Value": 0.0007566219478253069
      },
      {
        "Percentile": 90,
        "Value": 0.000902649182172899
      },
      {
        "Percentile": 99,
        "Value": 0.0009902655227814543
      },
      {
        "Percentile": 99.9,
        "Value": 0.00099902715684231
      }
    ]
  },
  "Exactly": 0,
  "Jitter": true,
  "RetCodes": {
    "200": 4347744
  },
  "Sizes": {
    "Count": 4347744,
    "Min": 75,
    "Max": 75,
    "Sum": 326080800,
    "Avg": 75,
    "StdDev": 0,
    "Data": [
      {
        "Start": 75,
        "End": 75,
        "Percent": 100,
        "Count": 4347744
      }
    ],
    "Percentiles": null
  },
  "HeaderSizes": {
    "Count": 4347744,
    "Min": 75,
    "Max": 75,
    "Sum": 326080800,
    "Avg": 75,
    "StdDev": 0,
    "Data": [
      {
        "Start": 75,
        "End": 75,
        "Percent": 100,
        "Count": 4347744
      }
    ],
    "Percentiles": null
  },
  "URL": "http://fortio-server:8080/echo\\?size\\=2048",
  "SocketCount": 5,
  "AbortOn": 0
}
