{
  "RunType": "HTTP",
  "Labels": "1pod-samenode-nosidecar-maxcore-conn2-resp128",
  "StartTime": "2021-03-28T07:14:25.579737929Z",
  "RequestedQPS": "max",
  "RequestedDuration": "1m0s",
  "ActualQPS": 33707.381314469094,
  "ActualDuration": 60000122262,
  "NumThreads": 2,
  "Version": "1.11.3",
  "DurationHistogram": {
    "Count": 2022447,
    "Min": 0.000025761,
    "Max": 0.001689743,
    "Sum": 119.59619392799468,
    "Avg": 0.00005913440200311537,
    "StdDev": 0.000020591592994019716,
    "Data": [
      {
        "Start": 0.000025761,
        "End": 0.001,
        "Percent": 99.99970332967935,
        "Count": 2022441
      },
      {
        "Start": 0.001,
        "End": 0.001689743,
        "Percent": 100,
        "Count": 6
      }
    ],
    "Percentiles": [
      {
        "Percentile": 50,
        "Value": 0.0005128817042866538
      },
      {
        "Percentile": 75,
        "Value": 0.0007564422972873114
      },
      {
        "Percentile": 90,
        "Value": 0.0009025786530877059
      },
      {
        "Percentile": 99,
        "Value": 0.0009902604665679427
      },
      {
        "Percentile": 99.9,
        "Value": 0.0009990286479159662
      }
    ]
  },
  "Exactly": 0,
  "Jitter": true,
  "RetCodes": {
    "200": 2022447
  },
  "Sizes": {
    "Count": 2022447,
    "Min": 75,
    "Max": 75,
    "Sum": 151683525,
    "Avg": 75,
    "StdDev": 0,
    "Data": [
      {
        "Start": 75,
        "End": 75,
        "Percent": 100,
        "Count": 2022447
      }
    ],
    "Percentiles": null
  },
  "HeaderSizes": {
    "Count": 2022447,
    "Min": 75,
    "Max": 75,
    "Sum": 151683525,
    "Avg": 75,
    "StdDev": 0,
    "Data": [
      {
        "Start": 75,
        "End": 75,
        "Percent": 100,
        "Count": 2022447
      }
    ],
    "Percentiles": null
  },
  "URL": "http://fortio-server:8080/echo\\?size\\=128",
  "SocketCount": 2,
  "AbortOn": 0
}
