{
  "RunType": "HTTP",
  "Labels": "1pod-samenode-nosidecar-maxcore-conn12-resp1024",
  "StartTime": "2021-03-28T07:48:50.966177157Z",
  "RequestedQPS": "max",
  "RequestedDuration": "1m0s",
  "ActualQPS": 92672.88806681233,
  "ActualDuration": 60000158795,
  "NumThreads": 12,
  "Version": "1.11.3",
  "DurationHistogram": {
    "Count": 5560388,
    "Min": 0.000027492,
    "Max": 0.003941669,
    "Sum": 718.130836509001,
    "Avg": 0.00012915120968338918,
    "StdDev": 0.00010456118741985218,
    "Data": [
      {
        "Start": 0.000027492,
        "End": 0.001,
        "Percent": 99.99109774353876,
        "Count": 5559893
      },
      {
        "Start": 0.001,
        "End": 0.002,
        "Percent": 99.99908279781914,
        "Count": 444
      },
      {
        "Start": 0.002,
        "End": 0.003,
        "Percent": 99.99978418772216,
        "Count": 39
      },
      {
        "Start": 0.003,
        "End": 0.003941669,
        "Percent": 100,
        "Count": 12
      }
    ],
    "Percentiles": [
      {
        "Percentile": 50,
        "Value": 0.0005137892039823796
      },
      {
        "Percentile": 75,
        "Value": 0.0007569378934310235
      },
      {
        "Percentile": 90,
        "Value": 0.0009028271071002097
      },
      {
        "Percentile": 99,
        "Value": 0.0009903606353017216
      },
      {
        "Percentile": 99.9,
        "Value": 0.0009991139881218728
      }
    ]
  },
  "Exactly": 0,
  "Jitter": true,
  "RetCodes": {
    "200": 5560388
  },
  "Sizes": {
    "Count": 5560388,
    "Min": 75,
    "Max": 75,
    "Sum": 417029100,
    "Avg": 75,
    "StdDev": 8.282806017065163e-7,
    "Data": [
      {
        "Start": 75,
        "End": 75,
        "Percent": 100,
        "Count": 5560388
      }
    ],
    "Percentiles": null
  },
  "HeaderSizes": {
    "Count": 5560388,
    "Min": 75,
    "Max": 75,
    "Sum": 417029100,
    "Avg": 75,
    "StdDev": 8.282806017065163e-7,
    "Data": [
      {
        "Start": 75,
        "End": 75,
        "Percent": 100,
        "Count": 5560388
      }
    ],
    "Percentiles": null
  },
  "URL": "http://fortio-server:8080/echo\\?size\\=1024",
  "SocketCount": 12,
  "AbortOn": 0
}
