{
  "RunType": "HTTP",
  "Labels": "1pod-samenode-nosidecar-maxcore-conn8-resp512",
  "StartTime": "2021-03-28T07:32:08.368187212Z",
  "RequestedQPS": "max",
  "RequestedDuration": "1m0s",
  "ActualQPS": 97169.12332603923,
  "ActualDuration": 60000181132,
  "NumThreads": 8,
  "Version": "1.11.3",
  "DurationHistogram": {
    "Count": 5830165,
    "Min": 0.000025989,
    "Max": 0.003069974,
    "Sum": 478.20293576899957,
    "Avg": 0.00008202219590165966,
    "StdDev": 0.00005497432578584178,
    "Data": [
      {
        "Start": 0.000025989,
        "End": 0.001,
        "Percent": 99.99854206527603,
        "Count": 5830080
      },
      {
        "Start": 0.001,
        "End": 0.002,
        "Percent": 99.99984563044099,
        "Count": 76
      },
      {
        "Start": 0.002,
        "End": 0.003,
        "Percent": 99.99998284782677,
        "Count": 8
      },
      {
        "Start": 0.003,
        "End": 0.003069974,
        "Percent": 100,
        "Count": 1
      }
    ],
    "Percentiles": [
      {
        "Percentile": 50,
        "Value": 0.000513001516793769
      },
      {
        "Percentile": 75,
        "Value": 0.0007565078587239126
      },
      {
        "Percentile": 90,
        "Value": 0.0009026116638819988
      },
      {
        "Percentile": 99,
        "Value": 0.0009902739469768505
      },
      {
        "Percentile": 99.9,
        "Value": 0.0009990401752863357
      }
    ]
  },
  "Exactly": 0,
  "Jitter": true,
  "RetCodes": {
    "200": 5830165
  },
  "Sizes": {
    "Count": 5830165,
    "Min": 75,
    "Max": 75,
    "Sum": 437262375,
    "Avg": 75,
    "StdDev": 0,
    "Data": [
      {
        "Start": 75,
        "End": 75,
        "Percent": 100,
        "Count": 5830165
      }
    ],
    "Percentiles": null
  },
  "HeaderSizes": {
    "Count": 5830165,
    "Min": 75,
    "Max": 75,
    "Sum": 437262375,
    "Avg": 75,
    "StdDev": 0,
    "Data": [
      {
        "Start": 75,
        "End": 75,
        "Percent": 100,
        "Count": 5830165
      }
    ],
    "Percentiles": null
  },
  "URL": "http://fortio-server:8080/echo\\?size\\=512",
  "SocketCount": 8,
  "AbortOn": 0
}
