{
  "RunType": "HTTP",
  "Labels": "1pod-samenode-nosidecar-maxcore-conn1-resp512",
  "StartTime": "2021-03-28T07:25:03.495707935Z",
  "RequestedQPS": "max",
  "RequestedDuration": "1m0s",
  "ActualQPS": 17808.34546968986,
  "ActualDuration": 60000071417,
  "NumThreads": 1,
  "Version": "1.11.3",
  "DurationHistogram": {
    "Count": 1068502,
    "Min": 0.000034802,
    "Max": 0.001244693,
    "Sum": 59.778111409999795,
    "Avg": 0.000055945717846105855,
    "StdDev": 0.000013823826195660595,
    "Data": [
      {
        "Start": 0.000034802,
        "End": 0.001,
        "Percent": 99.99962564412607,
        "Count": 1068498
      },
      {
        "Start": 0.001,
        "End": 0.001244693,
        "Percent": 100,
        "Count": 4
      }
    ],
    "Percentiles": [
      {
        "Percentile": 50,
        "Value": 0.0005174023549846187
      },
      {
        "Percentile": 75,
        "Value": 0.0007587029841384675
      },
      {
        "Percentile": 90,
        "Value": 0.0009034833616307767
      },
      {
        "Percentile": 99,
        "Value": 0.0009903515881261623
      },
      {
        "Percentile": 99.9,
        "Value": 0.0009990384107757008
      }
    ]
  },
  "Exactly": 0,
  "Jitter": true,
  "RetCodes": {
    "200": 1068502
  },
  "Sizes": {
    "Count": 1068502,
    "Min": 75,
    "Max": 75,
    "Sum": 80137650,
    "Avg": 75,
    "StdDev": 0,
    "Data": [
      {
        "Start": 75,
        "End": 75,
        "Percent": 100,
        "Count": 1068502
      }
    ],
    "Percentiles": null
  },
  "HeaderSizes": {
    "Count": 1068502,
    "Min": 75,
    "Max": 75,
    "Sum": 80137650,
    "Avg": 75,
    "StdDev": 0,
    "Data": [
      {
        "Start": 75,
        "End": 75,
        "Percent": 100,
        "Count": 1068502
      }
    ],
    "Percentiles": null
  },
  "URL": "http://fortio-server:8080/echo\\?size\\=512",
  "SocketCount": 1,
  "AbortOn": 0
}
