{
  "RunType": "HTTP",
  "Labels": "1pod-samenode-nosidecar-maxcore-conn9-resp512",
  "StartTime": "2021-03-28T07:33:09.100861792Z",
  "RequestedQPS": "max",
  "RequestedDuration": "1m0s",
  "ActualQPS": 97376.88763304094,
  "ActualDuration": 60000305432,
  "NumThreads": 9,
  "Version": "1.11.3",
  "DurationHistogram": {
    "Count": 5842643,
    "Min": 0.000026477,
    "Max": 0.002294331,
    "Sum": 538.182968560009,
    "Avg": 0.00009211293049395779,
    "StdDev": 0.00006947005766764737,
    "Data": [
      {
        "Start": 0.000026477,
        "End": 0.001,
        "Percent": 99.99810017486949,
        "Count": 5842532
      },
      {
        "Start": 0.001,
        "End": 0.002,
        "Percent": 99.99998288445829,
        "Count": 110
      },
      {
        "Start": 0.002,
        "End": 0.002294331,
        "Percent": 100,
        "Count": 1
      }
    ],
    "Percentiles": [
      {
        "Percentile": 50,
        "Value": 0.0005132476644811126
      },
      {
        "Percentile": 75,
        "Value": 0.0007566330800351338
      },
      {
        "Percentile": 90,
        "Value": 0.0009026643293675463
      },
      {
        "Percentile": 99,
        "Value": 0.000990283078966994
      },
      {
        "Percentile": 99.9,
        "Value": 0.0009990449539269387
      }
    ]
  },
  "Exactly": 0,
  "Jitter": true,
  "RetCodes": {
    "200": 5842643
  },
  "Sizes": {
    "Count": 5842643,
    "Min": 75,
    "Max": 75,
    "Sum": 438198225,
    "Avg": 75,
    "StdDev": 0,
    "Data": [
      {
        "Start": 75,
        "End": 75,
        "Percent": 100,
        "Count": 5842643
      }
    ],
    "Percentiles": null
  },
  "HeaderSizes": {
    "Count": 5842643,
    "Min": 75,
    "Max": 75,
    "Sum": 438198225,
    "Avg": 75,
    "StdDev": 0,
    "Data": [
      {
        "Start": 75,
        "End": 75,
        "Percent": 100,
        "Count": 5842643
      }
    ],
    "Percentiles": null
  },
  "URL": "http://fortio-server:8080/echo\\?size\\=512",
  "SocketCount": 9,
  "AbortOn": 0
}
