{
  "RunType": "HTTP",
  "Labels": "1pod-samenode-nosidecar-maxcore-conn4-resp128",
  "StartTime": "2021-03-28T07:16:27.304774749Z",
  "RequestedQPS": "max",
  "RequestedDuration": "1m0s",
  "ActualQPS": 60446.86418303824,
  "ActualDuration": 60000101726,
  "NumThreads": 4,
  "Version": "1.11.3",
  "DurationHistogram": {
    "Count": 3626818,
    "Min": 0.000026252,
    "Max": 0.001703464,
    "Sum": 239.02976462999567,
    "Avg": 0.00006590619232340736,
    "StdDev": 0.000027687897666274414,
    "Data": [
      {
        "Start": 0.000026252,
        "End": 0.001,
        "Percent": 99.99988971048451,
        "Count": 3626814
      },
      {
        "Start": 0.001,
        "End": 0.001703464,
        "Percent": 100,
        "Count": 4
      }
    ],
    "Percentiles": [
      {
        "Percentile": 50,
        "Value": 0.000513126402728787
      },
      {
        "Percentile": 75,
        "Value": 0.0007565637383361094
      },
      {
        "Percentile": 90,
        "Value": 0.0009026261397005029
      },
      {
        "Percentile": 99,
        "Value": 0.000990263580519139
      },
      {
        "Percentile": 99.9,
        "Value": 0.0009990273246010025
      }
    ]
  },
  "Exactly": 0,
  "Jitter": true,
  "RetCodes": {
    "200": 3626818
  },
  "Sizes": {
    "Count": 3626818,
    "Min": 75,
    "Max": 75,
    "Sum": 272011350,
    "Avg": 75,
    "StdDev": 0,
    "Data": [
      {
        "Start": 75,
        "End": 75,
        "Percent": 100,
        "Count": 3626818
      }
    ],
    "Percentiles": null
  },
  "HeaderSizes": {
    "Count": 3626818,
    "Min": 75,
    "Max": 75,
    "Sum": 272011350,
    "Avg": 75,
    "StdDev": 0,
    "Data": [
      {
        "Start": 75,
        "End": 75,
        "Percent": 100,
        "Count": 3626818
      }
    ],
    "Percentiles": null
  },
  "URL": "http://fortio-server:8080/echo\\?size\\=128",
  "SocketCount": 4,
  "AbortOn": 0
}
