{
  "RunType": "HTTP",
  "Labels": "1pod-samenode-nosidecar-maxcore-conn2-resp512",
  "StartTime": "2021-03-28T07:26:04.144159368Z",
  "RequestedQPS": "max",
  "RequestedDuration": "1m0s",
  "ActualQPS": 33403.460406321654,
  "ActualDuration": 60000071119,
  "NumThreads": 2,
  "Version": "1.11.3",
  "DurationHistogram": {
    "Count": 2004210,
    "Min": 0.000025607,
    "Max": 0.001000786,
    "Sum": 119.59468485799923,
    "Avg": 0.00005967173343012919,
    "StdDev": 0.00002042463896750654,
    "Data": [
      {
        "Start": 0.000025607,
        "End": 0.001,
        "Percent": 99.99995010502892,
        "Count": 2004209
      },
      {
        "Start": 0.001,
        "End": 0.001000786,
        "Percent": 100,
        "Count": 1
      }
    ],
    "Percentiles": [
      {
        "Percentile": 50,
        "Value": 0.0005128035
      },
      {
        "Percentile": 75,
        "Value": 0.0007564019930867954
      },
      {
        "Percentile": 90,
        "Value": 0.0009025610889388726
      },
      {
        "Percentile": 99,
        "Value": 0.000990256546450119
      },
      {
        "Percentile": 99.9,
        "Value": 0.0009990260922012437
      }
    ]
  },
  "Exactly": 0,
  "Jitter": true,
  "RetCodes": {
    "200": 2004210
  },
  "Sizes": {
    "Count": 2004210,
    "Min": 75,
    "Max": 75,
    "Sum": 150315750,
    "Avg": 75,
    "StdDev": 0,
    "Data": [
      {
        "Start": 75,
        "End": 75,
        "Percent": 100,
        "Count": 2004210
      }
    ],
    "Percentiles": null
  },
  "HeaderSizes": {
    "Count": 2004210,
    "Min": 75,
    "Max": 75,
    "Sum": 150315750,
    "Avg": 75,
    "StdDev": 0,
    "Data": [
      {
        "Start": 75,
        "End": 75,
        "Percent": 100,
        "Count": 2004210
      }
    ],
    "Percentiles": null
  },
  "URL": "http://fortio-server:8080/echo\\?size\\=512",
  "SocketCount": 2,
  "AbortOn": 0
}
