{
  "RunType": "HTTP",
  "Labels": "1pod-samenode-nosidecar-maxcore-conn12-resp2048",
  "StartTime": "2021-03-28T08:01:29.958742406Z",
  "RequestedQPS": "max",
  "RequestedDuration": "1m0s",
  "ActualQPS": 92493.84905232216,
  "ActualDuration": 60000454699,
  "NumThreads": 12,
  "Version": "1.11.3",
  "DurationHistogram": {
    "Count": 5549673,
    "Min": 0.000027605,
    "Max": 0.003758319,
    "Sum": 718.1719356199978,
    "Avg": 0.00012940797333824854,
    "StdDev": 0.0001050057205009164,
    "Data": [
      {
        "Start": 0.000027605,
        "End": 0.001,
        "Percent": 99.99219773849738,
        "Count": 5549240
      },
      {
        "Start": 0.001,
        "End": 0.002,
        "Percent": 99.99868460718316,
        "Count": 360
      },
      {
        "Start": 0.002,
        "End": 0.003,
        "Percent": 99.99935131313143,
        "Count": 37
      },
      {
        "Start": 0.003,
        "End": 0.003758319,
        "Percent": 100,
        "Count": 36
      }
    ],
    "Percentiles": [
      {
        "Percentile": 50,
        "Value": 0.0005138403497520111
      },
      {
        "Percentile": 75,
        "Value": 0.0007569581122431832
      },
      {
        "Percentile": 90,
        "Value": 0.0009028287697378867
      },
      {
        "Percentile": 99,
        "Value": 0.0009903511642347087
      },
      {
        "Percentile": 99.9,
        "Value": 0.000999103403684391
      }
    ]
  },
  "Exactly": 0,
  "Jitter": true,
  "RetCodes": {
    "200": 5549673
  },
  "Sizes": {
    "Count": 5549673,
    "Min": 75,
    "Max": 75,
    "Sum": 416225475,
    "Avg": 75,
    "StdDev": 0,
    "Data": [
      {
        "Start": 75,
        "End": 75,
        "Percent": 100,
        "Count": 5549673
      }
    ],
    "Percentiles": null
  },
  "HeaderSizes": {
    "Count": 5549673,
    "Min": 75,
    "Max": 75,
    "Sum": 416225475,
    "Avg": 75,
    "StdDev": 0,
    "Data": [
      {
        "Start": 75,
        "End": 75,
        "Percent": 100,
        "Count": 5549673
      }
    ],
    "Percentiles": null
  },
  "URL": "http://fortio-server:8080/echo\\?size\\=2048",
  "SocketCount": 12,
  "AbortOn": 0
}
