{
  "RunType": "HTTP",
  "Labels": "1pod-samenode-nosidecar-maxcore-conn4-resp512",
  "StartTime": "2021-03-28T07:28:05.456926499Z",
  "RequestedQPS": "max",
  "RequestedDuration": "1m0s",
  "ActualQPS": 60455.44732268313,
  "ActualDuration": 60000134986,
  "NumThreads": 4,
  "Version": "1.11.3",
  "DurationHistogram": {
    "Count": 3627335,
    "Min": 0.000025792,
    "Max": 0.001374375,
    "Sum": 239.02367054500348,
    "Avg": 0.00006589511874282455,
    "StdDev": 0.000027905802999239606,
    "Data": [
      {
        "Start": 0.000025792,
        "End": 0.001,
        "Percent": 99.99944863101975,
        "Count": 3627315
      },
      {
        "Start": 0.001,
        "End": 0.001374375,
        "Percent": 100,
        "Count": 20
      }
    ],
    "Percentiles": [
      {
        "Percentile": 50,
        "Value": 0.0005128985514681112
      },
      {
        "Percentile": 75,
        "Value": 0.000756451961489962
      },
      {
        "Percentile": 90,
        "Value": 0.0009025840075030725
      },
      {
        "Percentile": 99,
        "Value": 0.0009902632351109389
      },
      {
        "Percentile": 99.9,
        "Value": 0.0009990311578717255
      }
    ]
  },
  "Exactly": 0,
  "Jitter": true,
  "RetCodes": {
    "200": 3627335
  },
  "Sizes": {
    "Count": 3627335,
    "Min": 75,
    "Max": 75,
    "Sum": 272050125,
    "Avg": 75,
    "StdDev": 0,
    "Data": [
      {
        "Start": 75,
        "End": 75,
        "Percent": 100,
        "Count": 3627335
      }
    ],
    "Percentiles": null
  },
  "HeaderSizes": {
    "Count": 3627335,
    "Min": 75,
    "Max": 75,
    "Sum": 272050125,
    "Avg": 75,
    "StdDev": 0,
    "Data": [
      {
        "Start": 75,
        "End": 75,
        "Percent": 100,
        "Count": 3627335
      }
    ],
    "Percentiles": null
  },
  "URL": "http://fortio-server:8080/echo\\?size\\=512",
  "SocketCount": 4,
  "AbortOn": 0
}
