{
  "RunType": "HTTP",
  "Labels": "1pod-samenode-nosidecar-maxcore-conn11-resp32",
  "StartTime": "2021-03-28T07:10:53.385744999Z",
  "RequestedQPS": "max",
  "RequestedDuration": "1m0s",
  "ActualQPS": 91967.86071885694,
  "ActualDuration": 60000232221,
  "NumThreads": 11,
  "Version": "1.11.3",
  "DurationHistogram": {
    "Count": 5518093,
    "Min": 0.000026392,
    "Max": 0.002986436,
    "Sum": 658.2176561699973,
    "Avg": 0.00011928353802119634,
    "StdDev": 0.00009667346902154202,
    "Data": [
      {
        "Start": 0.000026392,
        "End": 0.001,
        "Percent": 99.99345788481637,
        "Count": 5517732
      },
      {
        "Start": 0.001,
        "End": 0.002,
        "Percent": 99.99974628916185,
        "Count": 347
      },
      {
        "Start": 0.002,
        "End": 0.002986436,
        "Percent": 100,
        "Count": 14
      }
    ],
    "Percentiles": [
      {
        "Percentile": 50,
        "Value": 0.000513227761142397
      },
      {
        "Percentile": 75,
        "Value": 0.0007566457299389913
      },
      {
        "Percentile": 90,
        "Value": 0.0009026965112169477
      },
      {
        "Percentile": 99,
        "Value": 0.0009903269799837217
      },
      {
        "Percentile": 99.9,
        "Value": 0.0009990900268603991
      }
    ]
  },
  "Exactly": 0,
  "Jitter": true,
  "RetCodes": {
    "200": 5518093
  },
  "Sizes": {
    "Count": 5518093,
    "Min": 75,
    "Max": 75,
    "Sum": 413856975,
    "Avg": 75,
    "StdDev": 0,
    "Data": [
      {
        "Start": 75,
        "End": 75,
        "Percent": 100,
        "Count": 5518093
      }
    ],
    "Percentiles": null
  },
  "HeaderSizes": {
    "Count": 5518093,
    "Min": 75,
    "Max": 75,
    "Sum": 413856975,
    "Avg": 75,
    "StdDev": 0,
    "Data": [
      {
        "Start": 75,
        "End": 75,
        "Percent": 100,
        "Count": 5518093
      }
    ],
    "Percentiles": null
  },
  "URL": "http://fortio-server:8080/echo\\?size\\=32",
  "SocketCount": 11,
  "AbortOn": 0
}
