{
  "RunType": "HTTP",
  "Labels": "1pod-samenode-nosidecar-maxcore-conn1-resp2048",
  "StartTime": "2021-03-28T07:50:21.747309682Z",
  "RequestedQPS": "max",
  "RequestedDuration": "1m0s",
  "ActualQPS": 17877.821705665476,
  "ActualDuration": 60000094959,
  "NumThreads": 1,
  "Version": "1.11.3",
  "DurationHistogram": {
    "Count": 1072671,
    "Min": 0.00003678,
    "Max": 0.001228696,
    "Sum": 59.775380722001216,
    "Avg": 0.00005572573577732708,
    "StdDev": 0.000014054759354441224,
    "Data": [
      {
        "Start": 0.00003678,
        "End": 0.001,
        "Percent": 99.99981354954129,
        "Count": 1072669
      },
      {
        "Start": 0.001,
        "End": 0.001228696,
        "Percent": 100,
        "Count": 2
      }
    ],
    "Percentiles": [
      {
        "Percentile": 50,
        "Value": 0.0005183904489832828
      },
      {
        "Percentile": 75,
        "Value": 0.0007591961224582069
      },
      {
        "Percentile": 90,
        "Value": 0.0009036795265431616
      },
      {
        "Percentile": 99,
        "Value": 0.0009903695689941342
      },
      {
        "Percentile": 99.9,
        "Value": 0.0009990385732392315
      }
    ]
  },
  "Exactly": 0,
  "Jitter": true,
  "RetCodes": {
    "200": 1072671
  },
  "Sizes": {
    "Count": 1072671,
    "Min": 75,
    "Max": 75,
    "Sum": 80450325,
    "Avg": 75,
    "StdDev": 0,
    "Data": [
      {
        "Start": 75,
        "End": 75,
        "Percent": 100,
        "Count": 1072671
      }
    ],
    "Percentiles": null
  },
  "HeaderSizes": {
    "Count": 1072671,
    "Min": 75,
    "Max": 75,
    "Sum": 80450325,
    "Avg": 75,
    "StdDev": 0,
    "Data": [
      {
        "Start": 75,
        "End": 75,
        "Percent": 100,
        "Count": 1072671
      }
    ],
    "Percentiles": null
  },
  "URL": "http://fortio-server:8080/echo\\?size\\=2048",
  "SocketCount": 1,
  "AbortOn": 0
}
