{
  "RunType": "HTTP",
  "Labels": "1pod-samenode-nosidecar-maxcore-conn9-resp2048",
  "StartTime": "2021-03-28T07:58:28.037404124Z",
  "RequestedQPS": "max",
  "RequestedDuration": "1m0s",
  "ActualQPS": 97483.62980603258,
  "ActualDuration": 60000156043,
  "NumThreads": 9,
  "Version": "1.11.3",
  "DurationHistogram": {
    "Count": 5849033,
    "Min": 0.000026986,
    "Max": 0.003842085,
    "Sum": 538.1713184919952,
    "Avg": 0.00009201030640312598,
    "StdDev": 0.0000695359594732539,
    "Data": [
      {
        "Start": 0.000026986,
        "End": 0.001,
        "Percent": 99.99712773034449,
        "Count": 5848865
      },
      {
        "Start": 0.001,
        "End": 0.002,
        "Percent": 99.99964096629306,
        "Count": 147
      },
      {
        "Start": 0.002,
        "End": 0.003,
        "Percent": 99.9998461284113,
        "Count": 12
      },
      {
        "Start": 0.003,
        "End": 0.003842085,
        "Percent": 100,
        "Count": 9
      }
    ],
    "Percentiles": [
      {
        "Percentile": 50,
        "Value": 0.0005135068910169565
      },
      {
        "Percentile": 75,
        "Value": 0.000756767419705177
      },
      {
        "Percentile": 90,
        "Value": 0.0009027237369181092
      },
      {
        "Percentile": 99,
        "Value": 0.0009902975272458685
      },
      {
        "Percentile": 99.9,
        "Value": 0.0009990549062786447
      }
    ]
  },
  "Exactly": 0,
  "Jitter": true,
  "RetCodes": {
    "200": 5849033
  },
  "Sizes": {
    "Count": 5849033,
    "Min": 75,
    "Max": 75,
    "Sum": 438677475,
    "Avg": 75,
    "StdDev": 0,
    "Data": [
      {
        "Start": 75,
        "End": 75,
        "Percent": 100,
        "Count": 5849033
      }
    ],
    "Percentiles": null
  },
  "HeaderSizes": {
    "Count": 5849033,
    "Min": 75,
    "Max": 75,
    "Sum": 438677475,
    "Avg": 75,
    "StdDev": 0,
    "Data": [
      {
        "Start": 75,
        "End": 75,
        "Percent": 100,
        "Count": 5849033
      }
    ],
    "Percentiles": null
  },
  "URL": "http://fortio-server:8080/echo\\?size\\=2048",
  "SocketCount": 9,
  "AbortOn": 0
}
