{
  "RunType": "HTTP",
  "Labels": "1pod-samenode-nosidecar-maxcore-conn4-resp2048",
  "StartTime": "2021-03-28T07:53:24.173053443Z",
  "RequestedQPS": "max",
  "RequestedDuration": "1m0s",
  "ActualQPS": 60434.01223470573,
  "ActualDuration": 60000087135,
  "NumThreads": 4,
  "Version": "1.11.3",
  "DurationHistogram": {
    "Count": 3626046,
    "Min": 0.000026301,
    "Max": 0.001285887,
    "Sum": 239.0369223180008,
    "Avg": 0.00006592219798590553,
    "StdDev": 0.00002774791275991447,
    "Data": [
      {
        "Start": 0.000026301,
        "End": 0.001,
        "Percent": 99.99977937400683,
        "Count": 3626038
      },
      {
        "Start": 0.001,
        "End": 0.001285887,
        "Percent": 100,
        "Count": 8
      }
    ],
    "Percentiles": [
      {
        "Percentile": 50,
        "Value": 0.0005131514398543092
      },
      {
        "Percentile": 75,
        "Value": 0.0007565767940463652
      },
      {
        "Percentile": 90,
        "Value": 0.0009026320065615988
      },
      {
        "Percentile": 99,
        "Value": 0.000990265134070739
      },
      {
        "Percentile": 99.9,
        "Value": 0.0009990284468216531
      }
    ]
  },
  "Exactly": 0,
  "Jitter": true,
  "RetCodes": {
    "200": 3626046
  },
  "Sizes": {
    "Count": 3626046,
    "Min": 75,
    "Max": 75,
    "Sum": 271953450,
    "Avg": 75,
    "StdDev": 0,
    "Data": [
      {
        "Start": 75,
        "End": 75,
        "Percent": 100,
        "Count": 3626046
      }
    ],
    "Percentiles": null
  },
  "HeaderSizes": {
    "Count": 3626046,
    "Min": 75,
    "Max": 75,
    "Sum": 271953450,
    "Avg": 75,
    "StdDev": 0,
    "Data": [
      {
        "Start": 75,
        "End": 75,
        "Percent": 100,
        "Count": 3626046
      }
    ],
    "Percentiles": null
  },
  "URL": "http://fortio-server:8080/echo\\?size\\=2048",
  "SocketCount": 4,
  "AbortOn": 0
}
