{
  "RunType": "HTTP",
  "Labels": "1pod-samenode-nosidecar-maxcore-conn1-resp1024",
  "StartTime": "2021-03-28T07:37:42.31192046Z",
  "RequestedQPS": "max",
  "RequestedDuration": "1m0s",
  "ActualQPS": 17884.64353973603,
  "ActualDuration": 60000077587,
  "NumThreads": 1,
  "Version": "1.11.3",
  "DurationHistogram": {
    "Count": 1073080,
    "Min": 0.000036231,
    "Max": 0.001488883,
    "Sum": 59.7774540549981,
    "Avg": 0.00005570642827654798,
    "StdDev": 0.000013765611154577273,
    "Data": [
      {
        "Start": 0.000036231,
        "End": 0.001,
        "Percent": 99.9998136206061,
        "Count": 1073078
      },
      {
        "Start": 0.001,
        "End": 0.001488883,
        "Percent": 100,
        "Count": 2
      }
    ],
    "Percentiles": [
      {
        "Percentile": 50,
        "Value": 0.0005181159490679606
      },
      {
        "Percentile": 75,
        "Value": 0.0007590588726699016
      },
      {
        "Percentile": 90,
        "Value": 0.0009036246268310662
      },
      {
        "Percentile": 99,
        "Value": 0.000990364079327765
      },
      {
        "Percentile": 99.9,
        "Value": 0.000999038024577435
      }
    ]
  },
  "Exactly": 0,
  "Jitter": true,
  "RetCodes": {
    "200": 1073080
  },
  "Sizes": {
    "Count": 1073080,
    "Min": 75,
    "Max": 75,
    "Sum": 80481000,
    "Avg": 75,
    "StdDev": 0,
    "Data": [
      {
        "Start": 75,
        "End": 75,
        "Percent": 100,
        "Count": 1073080
      }
    ],
    "Percentiles": null
  },
  "HeaderSizes": {
    "Count": 1073080,
    "Min": 75,
    "Max": 75,
    "Sum": 80481000,
    "Avg": 75,
    "StdDev": 0,
    "Data": [
      {
        "Start": 75,
        "End": 75,
        "Percent": 100,
        "Count": 1073080
      }
    ],
    "Percentiles": null
  },
  "URL": "http://fortio-server:8080/echo\\?size\\=1024",
  "SocketCount": 1,
  "AbortOn": 0
}
