{
  "RunType": "HTTP",
  "Labels": "1pod-samenode-nosidecar-maxcore-conn8-resp32",
  "StartTime": "2021-03-28T07:07:51.108552679Z",
  "RequestedQPS": "max",
  "RequestedDuration": "1m0s",
  "ActualQPS": 100142.43989632936,
  "ActualDuration": 60000165826,
  "NumThreads": 8,
  "Version": "1.11.3",
  "DurationHistogram": {
    "Count": 6008563,
    "Min": 0.000026492,
    "Max": 0.002469898,
    "Sum": 478.1486839780051,
    "Avg": 0.0000795778764370125,
    "StdDev": 0.00005005706128357048,
    "Data": [
      {
        "Start": 0.000026492,
        "End": 0.001,
        "Percent": 99.99863528101478,
        "Count": 6008481
      },
      {
        "Start": 0.001,
        "End": 0.002,
        "Percent": 99.99993342834219,
        "Count": 78
      },
      {
        "Start": 0.002,
        "End": 0.002469898,
        "Percent": 100,
        "Count": 4
      }
    ],
    "Percentiles": [
      {
        "Percentile": 50,
        "Value": 0.0005132525619048412
      },
      {
        "Percentile": 75,
        "Value": 0.0007566329238684325
      },
      {
        "Percentile": 90,
        "Value": 0.0009026611410465874
      },
      {
        "Percentile": 99,
        "Value": 0.0009902780713534802
      },
      {
        "Percentile": 99.9,
        "Value": 0.0009990397643841696
      }
    ]
  },
  "Exactly": 0,
  "Jitter": true,
  "RetCodes": {
    "200": 6008563
  },
  "Sizes": {
    "Count": 6008563,
    "Min": 75,
    "Max": 75,
    "Sum": 450642225,
    "Avg": 75,
    "StdDev": 0,
    "Data": [
      {
        "Start": 75,
        "End": 75,
        "Percent": 100,
        "Count": 6008563
      }
    ],
    "Percentiles": null
  },
  "HeaderSizes": {
    "Count": 6008563,
    "Min": 75,
    "Max": 75,
    "Sum": 450642225,
    "Avg": 75,
    "StdDev": 0,
    "Data": [
      {
        "Start": 75,
        "End": 75,
        "Percent": 100,
        "Count": 6008563
      }
    ],
    "Percentiles": null
  },
  "URL": "http://fortio-server:8080/echo\\?size\\=32",
  "SocketCount": 8,
  "AbortOn": 0
}
