{
  "RunType": "HTTP",
  "Labels": "1pod-samenode-nosidecar-maxcore-conn10-resp512",
  "StartTime": "2021-03-28T07:34:09.80239641Z",
  "RequestedQPS": "max",
  "RequestedDuration": "1m0s",
  "ActualQPS": 94317.77335339505,
  "ActualDuration": 60000175988,
  "NumThreads": 10,
  "Version": "1.11.3",
  "DurationHistogram": {
    "Count": 5659083,
    "Min": 0.000026756,
    "Max": 0.005642461,
    "Sum": 598.1992810109982,
    "Avg": 0.0001057060447798695,
    "StdDev": 0.00008468942253889267,
    "Data": [
      {
        "Start": 0.000026756,
        "End": 0.001,
        "Percent": 99.99581204233972,
        "Count": 5658846
      },
      {
        "Start": 0.001,
        "End": 0.002,
        "Percent": 99.9992224888732,
        "Count": 193
      },
      {
        "Start": 0.002,
        "End": 0.003,
        "Percent": 99.99994698787772,
        "Count": 41
      },
      {
        "Start": 0.003,
        "End": 0.004,
        "Percent": 99.99998232929258,
        "Count": 2
      },
      {
        "Start": 0.005,
        "End": 0.005642461,
        "Percent": 100,
        "Count": 1
      }
    ],
    "Percentiles": [
      {
        "Percentile": 50,
        "Value": 0.0005133982943872822
      },
      {
        "Percentile": 75,
        "Value": 0.0007567195275740898
      },
      {
        "Percentile": 90,
        "Value": 0.0009027122674861743
      },
      {
        "Percentile": 99,
        "Value": 0.000990307911433425
      },
      {
        "Percentile": 99.9,
        "Value": 0.00099906747582815
      }
    ]
  },
  "Exactly": 0,
  "Jitter": true,
  "RetCodes": {
    "200": 5659083
  },
  "Sizes": {
    "Count": 5659083,
    "Min": 75,
    "Max": 75,
    "Sum": 424431225,
    "Avg": 75,
    "StdDev": 0,
    "Data": [
      {
        "Start": 75,
        "End": 75,
        "Percent": 100,
        "Count": 5659083
      }
    ],
    "Percentiles": null
  },
  "HeaderSizes": {
    "Count": 5659083,
    "Min": 75,
    "Max": 75,
    "Sum": 424431225,
    "Avg": 75,
    "StdDev": 0,
    "Data": [
      {
        "Start": 75,
        "End": 75,
        "Percent": 100,
        "Count": 5659083
      }
    ],
    "Percentiles": null
  },
  "URL": "http://fortio-server:8080/echo\\?size\\=512",
  "SocketCount": 10,
  "AbortOn": 0
}
