{
  "RunType": "HTTP",
  "Labels": "1pod-samenode-nosidecar-maxcore-conn11-resp1024",
  "StartTime": "2021-03-28T07:47:50.08585248Z",
  "RequestedQPS": "max",
  "RequestedDuration": "1m0s",
  "ActualQPS": 92256.97765042489,
  "ActualDuration": 60000307196,
  "NumThreads": 11,
  "Version": "1.11.3",
  "DurationHistogram": {
    "Count": 5535447,
    "Min": 0.000026946,
    "Max": 0.002883265,
    "Sum": 658.179094844004,
    "Avg": 0.00011890260982428411,
    "StdDev": 0.00009672501336242619,
    "Data": [
      {
        "Start": 0.000026946,
        "End": 0.001,
        "Percent": 99.99331580629351,
        "Count": 5535077
      },
      {
        "Start": 0.001,
        "End": 0.002,
        "Percent": 99.99940384218293,
        "Count": 337
      },
      {
        "Start": 0.002,
        "End": 0.002883265,
        "Percent": 100,
        "Count": 33
      }
    ],
    "Percentiles": [
      {
        "Percentile": 50,
        "Value": 0.000513505434687979
      },
      {
        "Percentile": 75,
        "Value": 0.0007567852399308519
      },
      {
        "Percentile": 90,
        "Value": 0.0009027531230765757
      },
      {
        "Percentile": 99,
        "Value": 0.00099033385296401
      },
      {
        "Percentile": 99.9,
        "Value": 0.0009990919259527534
      }
    ]
  },
  "Exactly": 0,
  "Jitter": true,
  "RetCodes": {
    "200": 5535447
  },
  "Sizes": {
    "Count": 5535447,
    "Min": 75,
    "Max": 75,
    "Sum": 415158525,
    "Avg": 75,
    "StdDev": 0,
    "Data": [
      {
        "Start": 75,
        "End": 75,
        "Percent": 100,
        "Count": 5535447
      }
    ],
    "Percentiles": null
  },
  "HeaderSizes": {
    "Count": 5535447,
    "Min": 75,
    "Max": 75,
    "Sum": 415158525,
    "Avg": 75,
    "StdDev": 0,
    "Data": [
      {
        "Start": 75,
        "End": 75,
        "Percent": 100,
        "Count": 5535447
      }
    ],
    "Percentiles": null
  },
  "URL": "http://fortio-server:8080/echo\\?size\\=1024",
  "SocketCount": 11,
  "AbortOn": 0
}
