{
  "RunType": "HTTP",
  "Labels": "1pod-samenode-nosidecar-maxcore-conn10-resp2048",
  "StartTime": "2021-03-28T07:59:28.657865721Z",
  "RequestedQPS": "max",
  "RequestedDuration": "1m0s",
  "ActualQPS": 94483.27829527683,
  "ActualDuration": 60000214877,
  "NumThreads": 10,
  "Version": "1.11.3",
  "DurationHistogram": {
    "Count": 5669017,
    "Min": 0.000026818,
    "Max": 0.003506315,
    "Sum": 598.1525708610027,
    "Avg": 0.00010551257314292807,
    "StdDev": 0.00008478675738667898,
    "Data": [
      {
        "Start": 0.000026818,
        "End": 0.001,
        "Percent": 99.9950079528779,
        "Count": 5668734
      },
      {
        "Start": 0.001,
        "End": 0.002,
        "Percent": 99.99964720515038,
        "Count": 263
      },
      {
        "Start": 0.002,
        "End": 0.003,
        "Percent": 99.99998236025752,
        "Count": 19
      },
      {
        "Start": 0.003,
        "End": 0.003506315,
        "Percent": 100,
        "Count": 1
      }
    ],
    "Percentiles": [
      {
        "Percentile": 50,
        "Value": 0.000513433206231269
      },
      {
        "Percentile": 75,
        "Value": 0.000756740895184603
      },
      {
        "Percentile": 90,
        "Value": 0.0009027255085566035
      },
      {
        "Percentile": 99,
        "Value": 0.0009903162765798037
      },
      {
        "Percentile": 99.9,
        "Value": 0.0009990753533821238
      }
    ]
  },
  "Exactly": 0,
  "Jitter": true,
  "RetCodes": {
    "200": 5669017
  },
  "Sizes": {
    "Count": 5669017,
    "Min": 75,
    "Max": 75,
    "Sum": 425176275,
    "Avg": 75,
    "StdDev": 0,
    "Data": [
      {
        "Start": 75,
        "End": 75,
        "Percent": 100,
        "Count": 5669017
      }
    ],
    "Percentiles": null
  },
  "HeaderSizes": {
    "Count": 5669017,
    "Min": 75,
    "Max": 75,
    "Sum": 425176275,
    "Avg": 75,
    "StdDev": 0,
    "Data": [
      {
        "Start": 75,
        "End": 75,
        "Percent": 100,
        "Count": 5669017
      }
    ],
    "Percentiles": null
  },
  "URL": "http://fortio-server:8080/echo\\?size\\=2048",
  "SocketCount": 10,
  "AbortOn": 0
}
