{
  "RunType": "HTTP",
  "Labels": "1pod-samenode-nosidecar-maxcore-conn7-resp128",
  "StartTime": "2021-03-28T07:19:29.531555578Z",
  "RequestedQPS": "max",
  "RequestedDuration": "1m0s",
  "ActualQPS": 91530.08920981848,
  "ActualDuration": 60000149103,
  "NumThreads": 7,
  "Version": "1.11.3",
  "DurationHistogram": {
    "Count": 5491819,
    "Min": 0.000025901,
    "Max": 0.001921207,
    "Sum": 418.34362898300446,
    "Avg": 0.00007617578601607308,
    "StdDev": 0.000045338396320418485,
    "Data": [
      {
        "Start": 0.000025901,
        "End": 0.001,
        "Percent": 99.99890746581416,
        "Count": 5491759
      },
      {
        "Start": 0.001,
        "End": 0.001921207,
        "Percent": 100,
        "Count": 60
      }
    ],
    "Percentiles": [
      {
        "Percentile": 50,
        "Value": 0.0005129557325540382
      },
      {
        "Percentile": 75,
        "Value": 0.000756483187518414
      },
      {
        "Percentile": 90,
        "Value": 0.0009025996604970394
      },
      {
        "Percentile": 99,
        "Value": 0.0009902695442842145
      },
      {
        "Percentile": 99.9,
        "Value": 0.000999036532662932
      }
    ]
  },
  "Exactly": 0,
  "Jitter": true,
  "RetCodes": {
    "200": 5491819
  },
  "Sizes": {
    "Count": 5491819,
    "Min": 75,
    "Max": 75,
    "Sum": 411886425,
    "Avg": 75,
    "StdDev": 0,
    "Data": [
      {
        "Start": 75,
        "End": 75,
        "Percent": 100,
        "Count": 5491819
      }
    ],
    "Percentiles": null
  },
  "HeaderSizes": {
    "Count": 5491819,
    "Min": 75,
    "Max": 75,
    "Sum": 411886425,
    "Avg": 75,
    "StdDev": 0,
    "Data": [
      {
        "Start": 75,
        "End": 75,
        "Percent": 100,
        "Count": 5491819
      }
    ],
    "Percentiles": null
  },
  "URL": "http://fortio-server:8080/echo\\?size\\=128",
  "SocketCount": 7,
  "AbortOn": 0
}
