{
  "RunType": "HTTP",
  "Labels": "1pod-samenode-nosidecar-maxcore-conn6-resp1024",
  "StartTime": "2021-03-28T07:42:46.55772021Z",
  "RequestedQPS": "max",
  "RequestedDuration": "1m0s",
  "ActualQPS": 82747.79205428888,
  "ActualDuration": 60001335102,
  "NumThreads": 6,
  "Version": "1.11.3",
  "DurationHistogram": {
    "Count": 4964978,
    "Min": 0.000026399,
    "Max": 0.001813281,
    "Sum": 358.50109030700025,
    "Avg": 0.0000722059776109784,
    "StdDev": 0.00003815575806822972,
    "Data": [
      {
        "Start": 0.000026399,
        "End": 0.001,
        "Percent": 99.99911379264923,
        "Count": 4964934
      },
      {
        "Start": 0.001,
        "End": 0.001813281,
        "Percent": 100,
        "Count": 44
      }
    ],
    "Percentiles": [
      {
        "Percentile": 50,
        "Value": 0.0005132037160531673
      },
      {
        "Percentile": 75,
        "Value": 0.000756606172127499
      },
      {
        "Percentile": 90,
        "Value": 0.0009026476457720981
      },
      {
        "Percentile": 99,
        "Value": 0.0009902725299588576
      },
      {
        "Percentile": 99.9,
        "Value": 0.0009990350183775335
      }
    ]
  },
  "Exactly": 0,
  "Jitter": true,
  "RetCodes": {
    "200": 4964978
  },
  "Sizes": {
    "Count": 4964978,
    "Min": 75,
    "Max": 75,
    "Sum": 372373350,
    "Avg": 75,
    "StdDev": 0,
    "Data": [
      {
        "Start": 75,
        "End": 75,
        "Percent": 100,
        "Count": 4964978
      }
    ],
    "Percentiles": null
  },
  "HeaderSizes": {
    "Count": 4964978,
    "Min": 75,
    "Max": 75,
    "Sum": 372373350,
    "Avg": 75,
    "StdDev": 0,
    "Data": [
      {
        "Start": 75,
        "End": 75,
        "Percent": 100,
        "Count": 4964978
      }
    ],
    "Percentiles": null
  },
  "URL": "http://fortio-server:8080/echo\\?size\\=1024",
  "SocketCount": 6,
  "AbortOn": 0
}
