{
  "RunType": "HTTP",
  "Labels": "1pod-samenode-nosidecar-maxcore-conn12-resp32",
  "StartTime": "2021-03-28T07:11:54.062299592Z",
  "RequestedQPS": "max",
  "RequestedDuration": "1m0s",
  "ActualQPS": 92025.34374162993,
  "ActualDuration": 60000243145,
  "NumThreads": 12,
  "Version": "1.11.3",
  "DurationHistogram": {
    "Count": 5521543,
    "Min": 0.000027286,
    "Max": 0.003079358,
    "Sum": 718.1432136750038,
    "Avg": 0.00013006205216096366,
    "StdDev": 0.00010518710193212924,
    "Data": [
      {
        "Start": 0.000027286,
        "End": 0.001,
        "Percent": 99.9913792213517,
        "Count": 5521067
      },
      {
        "Start": 0.001,
        "End": 0.002,
        "Percent": 99.99938423009655,
        "Count": 442
      },
      {
        "Start": 0.002,
        "End": 0.003,
        "Percent": 99.9998551129639,
        "Count": 26
      },
      {
        "Start": 0.003,
        "End": 0.003079358,
        "Percent": 100,
        "Count": 8
      }
    ],
    "Percentiles": [
      {
        "Percentile": 50,
        "Value": 0.0005136848432916759
      },
      {
        "Percentile": 75,
        "Value": 0.0007568843530286544
      },
      {
        "Percentile": 90,
        "Value": 0.0009028040588708414
      },
      {
        "Percentile": 99,
        "Value": 0.0009903558823761535
      },
      {
        "Percentile": 99.9,
        "Value": 0.0009991110647266847
      }
    ]
  },
  "Exactly": 0,
  "Jitter": true,
  "RetCodes": {
    "200": 5521543
  },
  "Sizes": {
    "Count": 5521543,
    "Min": 75,
    "Max": 75,
    "Sum": 414115725,
    "Avg": 75,
    "StdDev": 0,
    "Data": [
      {
        "Start": 75,
        "End": 75,
        "Percent": 100,
        "Count": 5521543
      }
    ],
    "Percentiles": null
  },
  "HeaderSizes": {
    "Count": 5521543,
    "Min": 75,
    "Max": 75,
    "Sum": 414115725,
    "Avg": 75,
    "StdDev": 0,
    "Data": [
      {
        "Start": 75,
        "End": 75,
        "Percent": 100,
        "Count": 5521543
      }
    ],
    "Percentiles": null
  },
  "URL": "http://fortio-server:8080/echo\\?size\\=32",
  "SocketCount": 12,
  "AbortOn": 0
}
