{
  "RunType": "HTTP",
  "Labels": "1pod-samenode-nosidecar-maxcore-conn9-resp1024",
  "StartTime": "2021-03-28T07:45:48.760917525Z",
  "RequestedQPS": "max",
  "RequestedDuration": "1m0s",
  "ActualQPS": 97589.28721473458,
  "ActualDuration": 60000141072,
  "NumThreads": 9,
  "Version": "1.11.3",
  "DurationHistogram": {
    "Count": 5855371,
    "Min": 0.000026834,
    "Max": 0.002207085,
    "Sum": 538.1766864129971,
    "Avg": 0.00009191162889815131,
    "StdDev": 0.00006903625924973409,
    "Data": [
      {
        "Start": 0.000026834,
        "End": 0.001,
        "Percent": 99.99743824942945,
        "Count": 5855221
      },
      {
        "Start": 0.001,
        "End": 0.002,
        "Percent": 99.99988045164004,
        "Count": 143
      },
      {
        "Start": 0.002,
        "End": 0.002207085,
        "Percent": 100,
        "Count": 7
      }
    ],
    "Percentiles": [
      {
        "Percentile": 50,
        "Value": 0.0005134293822618109
      },
      {
        "Percentile": 75,
        "Value": 0.0007567271564951445
      },
      {
        "Percentile": 90,
        "Value": 0.0009027058210351448
      },
      {
        "Percentile": 99,
        "Value": 0.000990293019759145
      },
      {
        "Percentile": 99.9,
        "Value": 0.000999051739631545
      }
    ]
  },
  "Exactly": 0,
  "Jitter": true,
  "RetCodes": {
    "200": 5855371
  },
  "Sizes": {
    "Count": 5855371,
    "Min": 75,
    "Max": 75,
    "Sum": 439152825,
    "Avg": 75,
    "StdDev": 0,
    "Data": [
      {
        "Start": 75,
        "End": 75,
        "Percent": 100,
        "Count": 5855371
      }
    ],
    "Percentiles": null
  },
  "HeaderSizes": {
    "Count": 5855371,
    "Min": 75,
    "Max": 75,
    "Sum": 439152825,
    "Avg": 75,
    "StdDev": 0,
    "Data": [
      {
        "Start": 75,
        "End": 75,
        "Percent": 100,
        "Count": 5855371
      }
    ],
    "Percentiles": null
  },
  "URL": "http://fortio-server:8080/echo\\?size\\=1024",
  "SocketCount": 9,
  "AbortOn": 0
}
