{
  "RunType": "HTTP",
  "Labels": "1pod-samenode-nosidecar-maxcore-conn7-resp32",
  "StartTime": "2021-03-28T07:06:50.450483357Z",
  "RequestedQPS": "max",
  "RequestedDuration": "1m0s",
  "ActualQPS": 93849.64473413285,
  "ActualDuration": 60001452493,
  "NumThreads": 7,
  "Version": "1.11.3",
  "DurationHistogram": {
    "Count": 5631115,
    "Min": 0.000026451,
    "Max": 0.001162294,
    "Sum": 418.3194317530047,
    "Avg": 0.00007428714060235046,
    "StdDev": 0.00004068149851643393,
    "Data": [
      {
        "Start": 0.000026451,
        "End": 0.001,
        "Percent": 99.99982241527655,
        "Count": 5631105
      },
      {
        "Start": 0.001,
        "End": 0.001162294,
        "Percent": 100,
        "Count": 10
      }
    ],
    "Percentiles": [
      {
        "Percentile": 50,
        "Value": 0.0005132262779949543
      },
      {
        "Percentile": 75,
        "Value": 0.0007566140034363154
      },
      {
        "Percentile": 90,
        "Value": 0.0009026466387011321
      },
      {
        "Percentile": 99,
        "Value": 0.000990266219860022
      },
      {
        "Percentile": 99.9,
        "Value": 0.000999028177975911
      }
    ]
  },
  "Exactly": 0,
  "Jitter": true,
  "RetCodes": {
    "200": 5631115
  },
  "Sizes": {
    "Count": 5631115,
    "Min": 75,
    "Max": 75,
    "Sum": 422333625,
    "Avg": 75,
    "StdDev": 0,
    "Data": [
      {
        "Start": 75,
        "End": 75,
        "Percent": 100,
        "Count": 5631115
      }
    ],
    "Percentiles": null
  },
  "HeaderSizes": {
    "Count": 5631115,
    "Min": 75,
    "Max": 75,
    "Sum": 422333625,
    "Avg": 75,
    "StdDev": 0,
    "Data": [
      {
        "Start": 75,
        "End": 75,
        "Percent": 100,
        "Count": 5631115
      }
    ],
    "Percentiles": null
  },
  "URL": "http://fortio-server:8080/echo\\?size\\=32",
  "SocketCount": 7,
  "AbortOn": 0
}
