{
  "RunType": "HTTP",
  "Labels": "1pod-samenode-nosidecar-maxcore-conn3-resp32",
  "StartTime": "2021-03-28T07:02:47.528582126Z",
  "RequestedQPS": "max",
  "RequestedDuration": "1m0s",
  "ActualQPS": 49240.94470488114,
  "ActualDuration": 60000067377,
  "NumThreads": 3,
  "Version": "1.11.3",
  "DurationHistogram": {
    "Count": 2954460,
    "Min": 0.000025814,
    "Max": 0.001438321,
    "Sum": 179.32448190700117,
    "Avg": 0.00006069619555079479,
    "StdDev": 0.000023801248949840405,
    "Data": [
      {
        "Start": 0.000025814,
        "End": 0.001,
        "Percent": 99.99983076433595,
        "Count": 2954455
      },
      {
        "Start": 0.001,
        "End": 0.001438321,
        "Percent": 100,
        "Count": 5
      }
    ],
    "Percentiles": [
      {
        "Percentile": 50,
        "Value": 0.0005129076594693978
      },
      {
        "Percentile": 75,
        "Value": 0.000756454654071446
      },
      {
        "Percentile": 90,
        "Value": 0.000902582850832675
      },
      {
        "Percentile": 99,
        "Value": 0.0009902597688894125
      },
      {
        "Percentile": 99.9,
        "Value": 0.0009990274606950862
      }
    ]
  },
  "Exactly": 0,
  "Jitter": true,
  "RetCodes": {
    "200": 2954460
  },
  "Sizes": {
    "Count": 2954460,
    "Min": 75,
    "Max": 75,
    "Sum": 221584500,
    "Avg": 75,
    "StdDev": 0,
    "Data": [
      {
        "Start": 75,
        "End": 75,
        "Percent": 100,
        "Count": 2954460
      }
    ],
    "Percentiles": null
  },
  "HeaderSizes": {
    "Count": 2954460,
    "Min": 75,
    "Max": 75,
    "Sum": 221584500,
    "Avg": 75,
    "StdDev": 0,
    "Data": [
      {
        "Start": 75,
        "End": 75,
        "Percent": 100,
        "Count": 2954460
      }
    ],
    "Percentiles": null
  },
  "URL": "http://fortio-server:8080/echo\\?size\\=32",
  "SocketCount": 3,
  "AbortOn": 0
}
