{
  "RunType": "HTTP",
  "Labels": "1pod-samenode-nosidecar-maxcore-conn8-resp1024",
  "StartTime": "2021-03-28T07:44:48.080449871Z",
  "RequestedQPS": "max",
  "RequestedDuration": "1m0s",
  "ActualQPS": 97375.17133245151,
  "ActualDuration": 60000161438,
  "NumThreads": 8,
  "Version": "1.11.3",
  "DurationHistogram": {
    "Count": 5842526,
    "Min": 0.000026657,
    "Max": 0.002361696,
    "Sum": 478.1867376839996,
    "Avg": 0.00008184588954914357,
    "StdDev": 0.00005447636759316415,
    "Data": [
      {
        "Start": 0.000026657,
        "End": 0.001,
        "Percent": 99.99863072924279,
        "Count": 5842446
      },
      {
        "Start": 0.001,
        "End": 0.002,
        "Percent": 99.99986307292428,
        "Count": 72
      },
      {
        "Start": 0.002,
        "End": 0.002361696,
        "Percent": 100,
        "Count": 8
      }
    ],
    "Percentiles": [
      {
        "Percentile": 50,
        "Value": 0.0005133350806436346
      },
      {
        "Percentile": 75,
        "Value": 0.0007566742042647386
      },
      {
        "Percentile": 90,
        "Value": 0.0009026776784374008
      },
      {
        "Percentile": 99,
        "Value": 0.0009902797629409983
      },
      {
        "Percentile": 99.9,
        "Value": 0.000999039971391358
      }
    ]
  },
  "Exactly": 0,
  "Jitter": true,
  "RetCodes": {
    "200": 5842526
  },
  "Sizes": {
    "Count": 5842526,
    "Min": 75,
    "Max": 75,
    "Sum": 438189450,
    "Avg": 75,
    "StdDev": 0,
    "Data": [
      {
        "Start": 75,
        "End": 75,
        "Percent": 100,
        "Count": 5842526
      }
    ],
    "Percentiles": null
  },
  "HeaderSizes": {
    "Count": 5842526,
    "Min": 75,
    "Max": 75,
    "Sum": 438189450,
    "Avg": 75,
    "StdDev": 0,
    "Data": [
      {
        "Start": 75,
        "End": 75,
        "Percent": 100,
        "Count": 5842526
      }
    ],
    "Percentiles": null
  },
  "URL": "http://fortio-server:8080/echo\\?size\\=1024",
  "SocketCount": 8,
  "AbortOn": 0
}
