{
  "RunType": "HTTP",
  "Labels": "1pod-samenode-nosidecar-maxcore-conn1-resp128",
  "StartTime": "2021-03-28T07:13:24.887310064Z",
  "RequestedQPS": "max",
  "RequestedDuration": "1m0s",
  "ActualQPS": 17888.71319004599,
  "ActualDuration": 60000067562,
  "NumThreads": 1,
  "Version": "1.11.3",
  "DurationHistogram": {
    "Count": 1073324,
    "Min": 0.000036529,
    "Max": 0.001912662,
    "Sum": 59.776613425999386,
    "Avg": 0.0000556929812675384,
    "StdDev": 0.000013802992121052881,
    "Data": [
      {
        "Start": 0.000036529,
        "End": 0.001,
        "Percent": 99.9996273259519,
        "Count": 1073320
      },
      {
        "Start": 0.001,
        "End": 0.001912662,
        "Percent": 100,
        "Count": 4
      }
    ],
    "Percentiles": [
      {
        "Percentile": 50,
        "Value": 0.0005182658464836643
      },
      {
        "Percentile": 75,
        "Value": 0.0007591347185533844
      },
      {
        "Percentile": 90,
        "Value": 0.0009036560417952166
      },
      {
        "Percentile": 99,
        "Value": 0.0009903688357403159
      },
      {
        "Percentile": 99.9,
        "Value": 0.0009990401151348258
      }
    ]
  },
  "Exactly": 0,
  "Jitter": true,
  "RetCodes": {
    "200": 1073324
  },
  "Sizes": {
    "Count": 1073324,
    "Min": 75,
    "Max": 75,
    "Sum": 80499300,
    "Avg": 75,
    "StdDev": 0,
    "Data": [
      {
        "Start": 75,
        "End": 75,
        "Percent": 100,
        "Count": 1073324
      }
    ],
    "Percentiles": null
  },
  "HeaderSizes": {
    "Count": 1073324,
    "Min": 75,
    "Max": 75,
    "Sum": 80499300,
    "Avg": 75,
    "StdDev": 0,
    "Data": [
      {
        "Start": 75,
        "End": 75,
        "Percent": 100,
        "Count": 1073324
      }
    ],
    "Percentiles": null
  },
  "URL": "http://fortio-server:8080/echo\\?size\\=128",
  "SocketCount": 1,
  "AbortOn": 0
}
