{
  "RunType": "HTTP",
  "Labels": "1pod-samenode-nosidecar-maxcore-conn3-resp128",
  "StartTime": "2021-03-28T07:15:26.540446488Z",
  "RequestedQPS": "max",
  "RequestedDuration": "1m0s",
  "ActualQPS": 49049.7644174587,
  "ActualDuration": 60000165851,
  "NumThreads": 3,
  "Version": "1.11.3",
  "DurationHistogram": {
    "Count": 2942994,
    "Min": 0.000025964,
    "Max": 0.001962249,
    "Sum": 179.34499179800008,
    "Avg": 0.00006093963895203323,
    "StdDev": 0.00002579882227710919,
    "Data": [
      {
        "Start": 0.000025964,
        "End": 0.001,
        "Percent": 99.99976214698366,
        "Count": 2942987
      },
      {
        "Start": 0.001,
        "End": 0.001962249,
        "Percent": 100,
        "Count": 7
      }
    ],
    "Percentiles": [
      {
        "Percentile": 50,
        "Value": 0.0005129829929058446
      },
      {
        "Percentile": 75,
        "Value": 0.0007564926548430743
      },
      {
        "Percentile": 90,
        "Value": 0.0009025984520054122
      },
      {
        "Percentile": 99,
        "Value": 0.000990261930302815
      },
      {
        "Percentile": 99.9,
        "Value": 0.0009990282781325553
      }
    ]
  },
  "Exactly": 0,
  "Jitter": true,
  "RetCodes": {
    "200": 2942994
  },
  "Sizes": {
    "Count": 2942994,
    "Min": 75,
    "Max": 75,
    "Sum": 220724550,
    "Avg": 75,
    "StdDev": 8.050453630036126e-7,
    "Data": [
      {
        "Start": 75,
        "End": 75,
        "Percent": 100,
        "Count": 2942994
      }
    ],
    "Percentiles": null
  },
  "HeaderSizes": {
    "Count": 2942994,
    "Min": 75,
    "Max": 75,
    "Sum": 220724550,
    "Avg": 75,
    "StdDev": 8.050453630036126e-7,
    "Data": [
      {
        "Start": 75,
        "End": 75,
        "Percent": 100,
        "Count": 2942994
      }
    ],
    "Percentiles": null
  },
  "URL": "http://fortio-server:8080/echo\\?size\\=128",
  "SocketCount": 3,
  "AbortOn": 0
}
