{
  "RunType": "HTTP",
  "Labels": "1pod-samenode-nosidecar-maxcore-conn8-resp2048",
  "StartTime": "2021-03-28T07:57:27.036521794Z",
  "RequestedQPS": "max",
  "RequestedDuration": "1m0s",
  "ActualQPS": 97403.25789380804,
  "ActualDuration": 60000159403,
  "NumThreads": 8,
  "Version": "1.11.3",
  "DurationHistogram": {
    "Count": 5844211,
    "Min": 0.000026838,
    "Max": 0.002736691,
    "Sum": 478.1921868450038,
    "Avg": 0.00008182322418629372,
    "StdDev": 0.00005456659092801376,
    "Data": [
      {
        "Start": 0.000026838,
        "End": 0.001,
        "Percent": 99.99876801162723,
        "Count": 5844139
      },
      {
        "Start": 0.001,
        "End": 0.002,
        "Percent": 99.99996577810076,
        "Count": 70
      },
      {
        "Start": 0.002,
        "End": 0.002736691,
        "Percent": 100,
        "Count": 2
      }
    ],
    "Percentiles": [
      {
        "Percentile": 50,
        "Value": 0.0005134249114365541
      },
      {
        "Percentile": 75,
        "Value": 0.0007567184504145008
      },
      {
        "Percentile": 90,
        "Value": 0.0009026945738012689
      },
      {
        "Percentile": 99,
        "Value": 0.0009902802478333299
      },
      {
        "Percentile": 99.9,
        "Value": 0.0009990388152365359
      }
    ]
  },
  "Exactly": 0,
  "Jitter": true,
  "RetCodes": {
    "200": 5844211
  },
  "Sizes": {
    "Count": 5844211,
    "Min": 75,
    "Max": 75,
    "Sum": 438315825,
    "Avg": 75,
    "StdDev": 0,
    "Data": [
      {
        "Start": 75,
        "End": 75,
        "Percent": 100,
        "Count": 5844211
      }
    ],
    "Percentiles": null
  },
  "HeaderSizes": {
    "Count": 5844211,
    "Min": 75,
    "Max": 75,
    "Sum": 438315825,
    "Avg": 75,
    "StdDev": 0,
    "Data": [
      {
        "Start": 75,
        "End": 75,
        "Percent": 100,
        "Count": 5844211
      }
    ],
    "Percentiles": null
  },
  "URL": "http://fortio-server:8080/echo\\?size\\=2048",
  "SocketCount": 8,
  "AbortOn": 0
}
