{
  "RunType": "HTTP",
  "Labels": "1pod-samenode-nosidecar-maxcore-conn6-resp32",
  "StartTime": "2021-03-28T07:05:49.727946015Z",
  "RequestedQPS": "max",
  "RequestedDuration": "1m0s",
  "ActualQPS": 84228.85526312276,
  "ActualDuration": 60000114975,
  "NumThreads": 6,
  "Version": "1.11.3",
  "DurationHistogram": {
    "Count": 5053741,
    "Min": 0.000026629,
    "Max": 0.001746292,
    "Sum": 358.5203933410043,
    "Avg": 0.00007094158433148914,
    "StdDev": 0.00003434238834770798,
    "Data": [
      {
        "Start": 0.000026629,
        "End": 0.001,
        "Percent": 99.99932723105518,
        "Count": 5053707
      },
      {
        "Start": 0.001,
        "End": 0.001746292,
        "Percent": 100,
        "Count": 34
      }
    ],
    "Percentiles": [
      {
        "Percentile": 50,
        "Value": 0.0005133176779888858
      },
      {
        "Percentile": 75,
        "Value": 0.0007566621132860221
      },
      {
        "Percentile": 90,
        "Value": 0.000902668774464304
      },
      {
        "Percentile": 99,
        "Value": 0.000990272771171273
      },
      {
        "Percentile": 99.9,
        "Value": 0.00099903317084197
      }
    ]
  },
  "Exactly": 0,
  "Jitter": true,
  "RetCodes": {
    "200": 5053741
  },
  "Sizes": {
    "Count": 5053741,
    "Min": 75,
    "Max": 75,
    "Sum": 379030575,
    "Avg": 75,
    "StdDev": 0,
    "Data": [
      {
        "Start": 75,
        "End": 75,
        "Percent": 100,
        "Count": 5053741
      }
    ],
    "Percentiles": null
  },
  "HeaderSizes": {
    "Count": 5053741,
    "Min": 75,
    "Max": 75,
    "Sum": 379030575,
    "Avg": 75,
    "StdDev": 0,
    "Data": [
      {
        "Start": 75,
        "End": 75,
        "Percent": 100,
        "Count": 5053741
      }
    ],
    "Percentiles": null
  },
  "URL": "http://fortio-server:8080/echo\\?size\\=32",
  "SocketCount": 6,
  "AbortOn": 0
}
