{
  "RunType": "HTTP",
  "Labels": "1pod-samenode-nosidecar-maxcore-conn7-resp2048",
  "StartTime": "2021-03-28T07:56:26.318369597Z",
  "RequestedQPS": "max",
  "RequestedDuration": "1m0s",
  "ActualQPS": 91583.12281419964,
  "ActualDuration": 60001415448,
  "NumThreads": 7,
  "Version": "1.11.3",
  "DurationHistogram": {
    "Count": 5495117,
    "Min": 0.000025924,
    "Max": 0.00192187,
    "Sum": 418.35339245100005,
    "Avg": 0.0000761318444085904,
    "StdDev": 0.00004521781023445988,
    "Data": [
      {
        "Start": 0.000025924,
        "End": 0.001,
        "Percent": 99.99925388303834,
        "Count": 5495076
      },
      {
        "Start": 0.001,
        "End": 0.00192187,
        "Percent": 100,
        "Count": 41
      }
    ],
    "Percentiles": [
      {
        "Percentile": 50,
        "Value": 0.0005129655452691728
      },
      {
        "Percentile": 75,
        "Value": 0.0007564864065354887
      },
      {
        "Percentile": 90,
        "Value": 0.0009025989232952781
      },
      {
        "Percentile": 99,
        "Value": 0.000990266433351152
      },
      {
        "Percentile": 99.9,
        "Value": 0.0009990331843567394
      }
    ]
  },
  "Exactly": 0,
  "Jitter": true,
  "RetCodes": {
    "200": 5495117
  },
  "Sizes": {
    "Count": 5495117,
    "Min": 75,
    "Max": 75,
    "Sum": 412133775,
    "Avg": 75,
    "StdDev": 0,
    "Data": [
      {
        "Start": 75,
        "End": 75,
        "Percent": 100,
        "Count": 5495117
      }
    ],
    "Percentiles": null
  },
  "HeaderSizes": {
    "Count": 5495117,
    "Min": 75,
    "Max": 75,
    "Sum": 412133775,
    "Avg": 75,
    "StdDev": 0,
    "Data": [
      {
        "Start": 75,
        "End": 75,
        "Percent": 100,
        "Count": 5495117
      }
    ],
    "Percentiles": null
  },
  "URL": "http://fortio-server:8080/echo\\?size\\=2048",
  "SocketCount": 7,
  "AbortOn": 0
}
