{
  "RunType": "HTTP",
  "Labels": "1pod-samenode-nosidecar-maxcore-conn12-resp512",
  "StartTime": "2021-03-28T07:36:11.498180421Z",
  "RequestedQPS": "max",
  "RequestedDuration": "1m0s",
  "ActualQPS": 92735.72269080188,
  "ActualDuration": 60000244119,
  "NumThreads": 12,
  "Version": "1.11.3",
  "DurationHistogram": {
    "Count": 5564166,
    "Min": 0.000027496,
    "Max": 0.003340862,
    "Sum": 718.1419677569996,
    "Avg": 0.00012906551813101903,
    "StdDev": 0.00010437644838132368,
    "Data": [
      {
        "Start": 0.000027496,
        "End": 0.001,
        "Percent": 99.99185861816488,
        "Count": 5563713
      },
      {
        "Start": 0.001,
        "End": 0.002,
        "Percent": 99.99942489134939,
        "Count": 421
      },
      {
        "Start": 0.002,
        "End": 0.003,
        "Percent": 99.99998202785467,
        "Count": 31
      },
      {
        "Start": 0.003,
        "End": 0.003340862,
        "Percent": 100,
        "Count": 1
      }
    ],
    "Percentiles": [
      {
        "Percentile": 50,
        "Value": 0.0005137875034653123
      },
      {
        "Percentile": 75,
        "Value": 0.0007569333425950157
      },
      {
        "Percentile": 90,
        "Value": 0.0009028208460728377
      },
      {
        "Percentile": 99,
        "Value": 0.0009903533481595307
      },
      {
        "Percentile": 99.9,
        "Value": 0.0009991065983682003
      }
    ]
  },
  "Exactly": 0,
  "Jitter": true,
  "RetCodes": {
    "200": 5564166
  },
  "Sizes": {
    "Count": 5564166,
    "Min": 75,
    "Max": 75,
    "Sum": 417312450,
    "Avg": 75,
    "StdDev": 0,
    "Data": [
      {
        "Start": 75,
        "End": 75,
        "Percent": 100,
        "Count": 5564166
      }
    ],
    "Percentiles": null
  },
  "HeaderSizes": {
    "Count": 5564166,
    "Min": 75,
    "Max": 75,
    "Sum": 417312450,
    "Avg": 75,
    "StdDev": 0,
    "Data": [
      {
        "Start": 75,
        "End": 75,
        "Percent": 100,
        "Count": 5564166
      }
    ],
    "Percentiles": null
  },
  "URL": "http://fortio-server:8080/echo\\?size\\=512",
  "SocketCount": 12,
  "AbortOn": 0
}
