{
  "RunType": "HTTP",
  "Labels": "1pod-samenode-nosidecar-maxcore-conn3-resp2048",
  "StartTime": "2021-03-28T07:52:23.29649555Z",
  "RequestedQPS": "max",
  "RequestedDuration": "1m0s",
  "ActualQPS": 49121.57612414017,
  "ActualDuration": 60000110594,
  "NumThreads": 3,
  "Version": "1.11.3",
  "DurationHistogram": {
    "Count": 2947300,
    "Min": 0.000026015,
    "Max": 0.001279057,
    "Sum": 179.3476968900007,
    "Avg": 0.000060851524069487565,
    "StdDev": 0.00002566180342929755,
    "Data": [
      {
        "Start": 0.000026015,
        "End": 0.001,
        "Percent": 99.99989821192278,
        "Count": 2947297
      },
      {
        "Start": 0.001,
        "End": 0.001279057,
        "Percent": 100,
        "Count": 3
      }
    ],
    "Percentiles": [
      {
        "Percentile": 50,
        "Value": 0.0005130078304673164
      },
      {
        "Percentile": 75,
        "Value": 0.0007565044109346329
      },
      {
        "Percentile": 90,
        "Value": 0.0009026023592150228
      },
      {
        "Percentile": 99,
        "Value": 0.0009902611281832566
      },
      {
        "Percentile": 99.9,
        "Value": 0.00099902700508008
      }
    ]
  },
  "Exactly": 0,
  "Jitter": true,
  "RetCodes": {
    "200": 2947300
  },
  "Sizes": {
    "Count": 2947300,
    "Min": 75,
    "Max": 75,
    "Sum": 221047500,
    "Avg": 75,
    "StdDev": 0,
    "Data": [
      {
        "Start": 75,
        "End": 75,
        "Percent": 100,
        "Count": 2947300
      }
    ],
    "Percentiles": null
  },
  "HeaderSizes": {
    "Count": 2947300,
    "Min": 75,
    "Max": 75,
    "Sum": 221047500,
    "Avg": 75,
    "StdDev": 0,
    "Data": [
      {
        "Start": 75,
        "End": 75,
        "Percent": 100,
        "Count": 2947300
      }
    ],
    "Percentiles": null
  },
  "URL": "http://fortio-server:8080/echo\\?size\\=2048",
  "SocketCount": 3,
  "AbortOn": 0
}
