{
  "RunType": "HTTP",
  "Labels": "1pod-samenode-nosidecar-maxcore-conn11-resp512",
  "StartTime": "2021-03-28T07:35:10.857490003Z",
  "RequestedQPS": "max",
  "RequestedDuration": "1m0s",
  "ActualQPS": 92255.50213619784,
  "ActualDuration": 60000193721,
  "NumThreads": 11,
  "Version": "1.11.3",
  "DurationHistogram": {
    "Count": 5535348,
    "Min": 0.000026582,
    "Max": 0.003975301,
    "Sum": 658.1827155570027,
    "Avg": 0.00011890539051149136,
    "StdDev": 0.0000966645435187495,
    "Data": [
      {
        "Start": 0.000026582,
        "End": 0.001,
        "Percent": 99.99295437251642,
        "Count": 5534958
      },
      {
        "Start": 0.001,
        "End": 0.002,
        "Percent": 99.99897025444471,
        "Count": 333
      },
      {
        "Start": 0.002,
        "End": 0.003,
        "Percent": 99.99940383152062,
        "Count": 24
      },
      {
        "Start": 0.003,
        "End": 0.003975301,
        "Percent": 100,
        "Count": 33
      }
    ],
    "Percentiles": [
      {
        "Percentile": 50,
        "Value": 0.0005133252061918457
      },
      {
        "Percentile": 75,
        "Value": 0.0007566968972214237
      },
      {
        "Percentile": 90,
        "Value": 0.0009027199118391705
      },
      {
        "Percentile": 99,
        "Value": 0.0009903337206098187
      },
      {
        "Percentile": 99.9,
        "Value": 0.0009990951014868833
      }
    ]
  },
  "Exactly": 0,
  "Jitter": true,
  "RetCodes": {
    "200": 5535348
  },
  "Sizes": {
    "Count": 5535348,
    "Min": 75,
    "Max": 75,
    "Sum": 415151100,
    "Avg": 75,
    "StdDev": 8.301519152948259e-7,
    "Data": [
      {
        "Start": 75,
        "End": 75,
        "Percent": 100,
        "Count": 5535348
      }
    ],
    "Percentiles": null
  },
  "HeaderSizes": {
    "Count": 5535348,
    "Min": 75,
    "Max": 75,
    "Sum": 415151100,
    "Avg": 75,
    "StdDev": 8.301519152948259e-7,
    "Data": [
      {
        "Start": 75,
        "End": 75,
        "Percent": 100,
        "Count": 5535348
      }
    ],
    "Percentiles": null
  },
  "URL": "http://fortio-server:8080/echo\\?size\\=512",
  "SocketCount": 11,
  "AbortOn": 0
}
