{
  "RunType": "HTTP",
  "Labels": "1pod-samenode-nosidecar-maxcore-conn2-resp2048",
  "StartTime": "2021-03-28T07:51:22.631981894Z",
  "RequestedQPS": "max",
  "RequestedDuration": "1m0s",
  "ActualQPS": 33591.11660862485,
  "ActualDuration": 60000089413,
  "NumThreads": 2,
  "Version": "1.11.3",
  "DurationHistogram": {
    "Count": 2015470,
    "Min": 0.000025592,
    "Max": 0.001794991,
    "Sum": 119.58816492599914,
    "Avg": 0.00005933512526904352,
    "StdDev": 0.000020420309605643393,
    "Data": [
      {
        "Start": 0.000025592,
        "End": 0.001,
        "Percent": 99.9998015351258,
        "Count": 2015466
      },
      {
        "Start": 0.001,
        "End": 0.001794991,
        "Percent": 100,
        "Count": 4
      }
    ],
    "Percentiles": [
      {
        "Percentile": 50,
        "Value": 0.0005127967251984034
      },
      {
        "Percentile": 75,
        "Value": 0.0007563993295304063
      },
      {
        "Percentile": 90,
        "Value": 0.0009025608921296079
      },
      {
        "Percentile": 99,
        "Value": 0.0009902578296891288
      },
      {
        "Percentile": 99.9,
        "Value": 0.000999027523445081
      }
    ]
  },
  "Exactly": 0,
  "Jitter": true,
  "RetCodes": {
    "200": 2015470
  },
  "Sizes": {
    "Count": 2015470,
    "Min": 75,
    "Max": 75,
    "Sum": 151160250,
    "Avg": 75,
    "StdDev": 0,
    "Data": [
      {
        "Start": 75,
        "End": 75,
        "Percent": 100,
        "Count": 2015470
      }
    ],
    "Percentiles": null
  },
  "HeaderSizes": {
    "Count": 2015470,
    "Min": 75,
    "Max": 75,
    "Sum": 151160250,
    "Avg": 75,
    "StdDev": 0,
    "Data": [
      {
        "Start": 75,
        "End": 75,
        "Percent": 100,
        "Count": 2015470
      }
    ],
    "Percentiles": null
  },
  "URL": "http://fortio-server:8080/echo\\?size\\=2048",
  "SocketCount": 2,
  "AbortOn": 0
}
