{
  "RunType": "HTTP",
  "Labels": "1pod-samenode-nosidecar-maxcore-conn2-resp32",
  "StartTime": "2021-03-28T07:01:46.568587635Z",
  "RequestedQPS": "max",
  "RequestedDuration": "1m0s",
  "ActualQPS": 33758.507254415475,
  "ActualDuration": 60000075973,
  "NumThreads": 2,
  "Version": "1.11.3",
  "DurationHistogram": {
    "Count": 2025513,
    "Min": 0.000025727,
    "Max": 0.001707101,
    "Sum": 119.59643941299788,
    "Avg": 0.00005904501201078338,
    "StdDev": 0.00001883093053754465,
    "Data": [
      {
        "Start": 0.000025727,
        "End": 0.001,
        "Percent": 99.9998518893732,
        "Count": 2025510
      },
      {
        "Start": 0.001,
        "End": 0.001707101,
        "Percent": 100,
        "Count": 3
      }
    ],
    "Percentiles": [
      {
        "Percentile": 50,
        "Value": 0.0005128639810015656
      },
      {
        "Percentile": 75,
        "Value": 0.0007564327120031312
      },
      {
        "Percentile": 90,
        "Value": 0.0009025739506040704
      },
      {
        "Percentile": 99,
        "Value": 0.000990258693764634
      },
      {
        "Percentile": 99.9,
        "Value": 0.0009990271680806904
      }
    ]
  },
  "Exactly": 0,
  "Jitter": true,
  "RetCodes": {
    "200": 2025513
  },
  "Sizes": {
    "Count": 2025513,
    "Min": 75,
    "Max": 75,
    "Sum": 151913475,
    "Avg": 75,
    "StdDev": 0,
    "Data": [
      {
        "Start": 75,
        "End": 75,
        "Percent": 100,
        "Count": 2025513
      }
    ],
    "Percentiles": null
  },
  "HeaderSizes": {
    "Count": 2025513,
    "Min": 75,
    "Max": 75,
    "Sum": 151913475,
    "Avg": 75,
    "StdDev": 0,
    "Data": [
      {
        "Start": 75,
        "End": 75,
        "Percent": 100,
        "Count": 2025513
      }
    ],
    "Percentiles": null
  },
  "URL": "http://fortio-server:8080/echo\\?size\\=32",
  "SocketCount": 2,
  "AbortOn": 0
}
