{
  "RunType": "HTTP",
  "Labels": "1pod-samenode-nosidecar-maxcore-conn9-resp32",
  "StartTime": "2021-03-28T07:08:51.796824718Z",
  "RequestedQPS": "max",
  "RequestedDuration": "1m0s",
  "ActualQPS": 100975.67566823283,
  "ActualDuration": 60000172912,
  "NumThreads": 9,
  "Version": "1.11.3",
  "DurationHistogram": {
    "Count": 6058558,
    "Min": 0.00002686,
    "Max": 0.002484864,
    "Sum": 538.1142047239985,
    "Avg": 0.00008881885833625731,
    "StdDev": 0.000064431740158677,
    "Data": [
      {
        "Start": 0.00002686,
        "End": 0.001,
        "Percent": 99.99800282509469,
        "Count": 6058437
      },
      {
        "Start": 0.001,
        "End": 0.002,
        "Percent": 99.9998349442227,
        "Count": 111
      },
      {
        "Start": 0.002,
        "End": 0.002484864,
        "Percent": 100,
        "Count": 10
      }
    ],
    "Percentiles": [
      {
        "Percentile": 50,
        "Value": 0.0005134396375368164
      },
      {
        "Percentile": 75,
        "Value": 0.0007567295366180314
      },
      {
        "Percentile": 90,
        "Value": 0.0009027034760667605
      },
      {
        "Percentile": 99,
        "Value": 0.000990287839735998
      },
      {
        "Percentile": 99.9,
        "Value": 0.0009990462761029217
      }
    ]
  },
  "Exactly": 0,
  "Jitter": true,
  "RetCodes": {
    "200": 6058558
  },
  "Sizes": {
    "Count": 6058558,
    "Min": 75,
    "Max": 75,
    "Sum": 454391850,
    "Avg": 75,
    "StdDev": 0,
    "Data": [
      {
        "Start": 75,
        "End": 75,
        "Percent": 100,
        "Count": 6058558
      }
    ],
    "Percentiles": null
  },
  "HeaderSizes": {
    "Count": 6058558,
    "Min": 75,
    "Max": 75,
    "Sum": 454391850,
    "Avg": 75,
    "StdDev": 0,
    "Data": [
      {
        "Start": 75,
        "End": 75,
        "Percent": 100,
        "Count": 6058558
      }
    ],
    "Percentiles": null
  },
  "URL": "http://fortio-server:8080/echo\\?size\\=32",
  "SocketCount": 9,
  "AbortOn": 0
}
