{
  "RunType": "HTTP",
  "Labels": "1pod-samenode-nosidecar-maxcore-conn3-resp1024",
  "StartTime": "2021-03-28T07:39:44.096466779Z",
  "RequestedQPS": "max",
  "RequestedDuration": "1m0s",
  "ActualQPS": 49080.15200097745,
  "ActualDuration": 60000099428,
  "NumThreads": 3,
  "Version": "1.11.3",
  "DurationHistogram": {
    "Count": 2944814,
    "Min": 0.000025977,
    "Max": 0.001518942,
    "Sum": 179.35567151899755,
    "Avg": 0.000060905602703259886,
    "StdDev": 0.00002570088814532955,
    "Data": [
      {
        "Start": 0.000025977,
        "End": 0.001,
        "Percent": 99.99976229398528,
        "Count": 2944807
      },
      {
        "Start": 0.001,
        "End": 0.001518942,
        "Percent": 100,
        "Count": 7
      }
    ],
    "Percentiles": [
      {
        "Percentile": 50,
        "Value": 0.0005129894922789482
      },
      {
        "Percentile": 75,
        "Value": 0.000756495903798247
      },
      {
        "Percentile": 90,
        "Value": 0.0009025997507098261
      },
      {
        "Percentile": 99,
        "Value": 0.0009902620588567736
      },
      {
        "Percentile": 99.9,
        "Value": 0.0009990282896714686
      }
    ]
  },
  "Exactly": 0,
  "Jitter": true,
  "RetCodes": {
    "200": 2944814
  },
  "Sizes": {
    "Count": 2944814,
    "Min": 75,
    "Max": 75,
    "Sum": 220861050,
    "Avg": 75,
    "StdDev": 8.047965511916595e-7,
    "Data": [
      {
        "Start": 75,
        "End": 75,
        "Percent": 100,
        "Count": 2944814
      }
    ],
    "Percentiles": null
  },
  "HeaderSizes": {
    "Count": 2944814,
    "Min": 75,
    "Max": 75,
    "Sum": 220861050,
    "Avg": 75,
    "StdDev": 8.047965511916595e-7,
    "Data": [
      {
        "Start": 75,
        "End": 75,
        "Percent": 100,
        "Count": 2944814
      }
    ],
    "Percentiles": null
  },
  "URL": "http://fortio-server:8080/echo\\?size\\=1024",
  "SocketCount": 3,
  "AbortOn": 0
}
