{
  "RunType": "HTTP",
  "Labels": "1pod-samenode-nosidecar-maxcore-conn10-resp32",
  "StartTime": "2021-03-28T07:09:52.698180983Z",
  "RequestedQPS": "max",
  "RequestedDuration": "1m0s",
  "ActualQPS": 95418.28955050581,
  "ActualDuration": 60000205694,
  "NumThreads": 10,
  "Version": "1.11.3",
  "DurationHistogram": {
    "Count": 5725117,
    "Min": 0.00002731,
    "Max": 0.003229964,
    "Sum": 598.1807657410036,
    "Avg": 0.00010448358797575728,
    "StdDev": 0.00008262716236753505,
    "Data": [
      {
        "Start": 0.00002731,
        "End": 0.001,
        "Percent": 99.99689089323415,
        "Count": 5724939
      },
      {
        "Start": 0.001,
        "End": 0.002,
        "Percent": 99.9997554635128,
        "Count": 164
      },
      {
        "Start": 0.002,
        "End": 0.003,
        "Percent": 99.99998253310805,
        "Count": 13
      },
      {
        "Start": 0.003,
        "End": 0.003229964,
        "Percent": 100,
        "Count": 1
      }
    ],
    "Percentiles": [
      {
        "Percentile": 50,
        "Value": 0.0005136700365060723
      },
      {
        "Percentile": 75,
        "Value": 0.0007568501397111199
      },
      {
        "Percentile": 90,
        "Value": 0.0009027582016341486
      },
      {
        "Percentile": 99,
        "Value": 0.0009903030387879658
      },
      {
        "Percentile": 99.9,
        "Value": 0.0009990575225033477
      }
    ]
  },
  "Exactly": 0,
  "Jitter": true,
  "RetCodes": {
    "200": 5725117
  },
  "Sizes": {
    "Count": 5725117,
    "Min": 75,
    "Max": 75,
    "Sum": 429383775,
    "Avg": 75,
    "StdDev": 0,
    "Data": [
      {
        "Start": 75,
        "End": 75,
        "Percent": 100,
        "Count": 5725117
      }
    ],
    "Percentiles": null
  },
  "HeaderSizes": {
    "Count": 5725117,
    "Min": 75,
    "Max": 75,
    "Sum": 429383775,
    "Avg": 75,
    "StdDev": 0,
    "Data": [
      {
        "Start": 75,
        "End": 75,
        "Percent": 100,
        "Count": 5725117
      }
    ],
    "Percentiles": null
  },
  "URL": "http://fortio-server:8080/echo\\?size\\=32",
  "SocketCount": 10,
  "AbortOn": 0
}
