{
  "RunType": "HTTP",
  "Labels": "1pod-samenode-nosidecar-maxcore-conn6-resp2048",
  "StartTime": "2021-03-28T07:55:25.678019591Z",
  "RequestedQPS": "max",
  "RequestedDuration": "1m0s",
  "ActualQPS": 82811.61373337182,
  "ActualDuration": 60001584029,
  "NumThreads": 6,
  "Version": "1.11.3",
  "DurationHistogram": {
    "Count": 4968828,
    "Min": 0.000026461,
    "Max": 0.002102131,
    "Sum": 358.54158257900656,
    "Avg": 0.00007215817946988838,
    "StdDev": 0.00003809325642647542,
    "Data": [
      {
        "Start": 0.000026461,
        "End": 0.001,
        "Percent": 99.99953711418468,
        "Count": 4968805
      },
      {
        "Start": 0.001,
        "End": 0.002,
        "Percent": 99.99995974905954,
        "Count": 21
      },
      {
        "Start": 0.002,
        "End": 0.002102131,
        "Percent": 100,
        "Count": 2
      }
    ],
    "Percentiles": [
      {
        "Percentile": 50,
        "Value": 0.000513232655232728
      },
      {
        "Percentile": 75,
        "Value": 0.000756618580814216
      },
      {
        "Percentile": 90,
        "Value": 0.0009026501361631088
      },
      {
        "Percentile": 99,
        "Value": 0.0009902690693724446
      },
      {
        "Percentile": 99.9,
        "Value": 0.0009990309626933783
      }
    ]
  },
  "Exactly": 0,
  "Jitter": true,
  "RetCodes": {
    "200": 4968828
  },
  "Sizes": {
    "Count": 4968828,
    "Min": 75,
    "Max": 75,
    "Sum": 372662100,
    "Avg": 75,
    "StdDev": 0,
    "Data": [
      {
        "Start": 75,
        "End": 75,
        "Percent": 100,
        "Count": 4968828
      }
    ],
    "Percentiles": null
  },
  "HeaderSizes": {
    "Count": 4968828,
    "Min": 75,
    "Max": 75,
    "Sum": 372662100,
    "Avg": 75,
    "StdDev": 0,
    "Data": [
      {
        "Start": 75,
        "End": 75,
        "Percent": 100,
        "Count": 4968828
      }
    ],
    "Percentiles": null
  },
  "URL": "http://fortio-server:8080/echo\\?size\\=2048",
  "SocketCount": 6,
  "AbortOn": 0
}
