{
  "RunType": "HTTP",
  "Labels": "1pod-samenode-nosidecar-maxcore-conn4-resp1024",
  "StartTime": "2021-03-28T07:40:45.020717471Z",
  "RequestedQPS": "max",
  "RequestedDuration": "1m0s",
  "ActualQPS": 60498.092142778754,
  "ActualDuration": 60000173087,
  "NumThreads": 4,
  "Version": "1.11.3",
  "DurationHistogram": {
    "Count": 3629896,
    "Min": 0.000026373,
    "Max": 0.001317307,
    "Sum": 239.01284496899572,
    "Avg": 0.00006584564543143818,
    "StdDev": 0.000027693976945036713,
    "Data": [
      {
        "Start": 0.000026373,
        "End": 0.001,
        "Percent": 99.99997245100136,
        "Count": 3629895
      },
      {
        "Start": 0.001,
        "End": 0.001317307,
        "Percent": 100,
        "Count": 1
      }
    ],
    "Percentiles": [
      {
        "Percentile": 50,
        "Value": 0.0005131865
      },
      {
        "Percentile": 75,
        "Value": 0.0007565933841123184
      },
      {
        "Percentile": 90,
        "Value": 0.0009026375145797094
      },
      {
        "Percentile": 99,
        "Value": 0.0009902639928601443
      },
      {
        "Percentile": 99.9,
        "Value": 0.0009990266406881875
      }
    ]
  },
  "Exactly": 0,
  "Jitter": true,
  "RetCodes": {
    "200": 3629896
  },
  "Sizes": {
    "Count": 3629896,
    "Min": 75,
    "Max": 75,
    "Sum": 272242200,
    "Avg": 75,
    "StdDev": 0,
    "Data": [
      {
        "Start": 75,
        "End": 75,
        "Percent": 100,
        "Count": 3629896
      }
    ],
    "Percentiles": null
  },
  "HeaderSizes": {
    "Count": 3629896,
    "Min": 75,
    "Max": 75,
    "Sum": 272242200,
    "Avg": 75,
    "StdDev": 0,
    "Data": [
      {
        "Start": 75,
        "End": 75,
        "Percent": 100,
        "Count": 3629896
      }
    ],
    "Percentiles": null
  },
  "URL": "http://fortio-server:8080/echo\\?size\\=1024",
  "SocketCount": 4,
  "AbortOn": 0
}
