{
  "RunType": "HTTP",
  "Labels": "1pod-samenode-nosidecar-maxcore-conn5-resp1024",
  "StartTime": "2021-03-28T07:41:45.953803976Z",
  "RequestedQPS": "max",
  "RequestedDuration": "1m0s",
  "ActualQPS": 72503.18420481701,
  "ActualDuration": 60001806096,
  "NumThreads": 5,
  "Version": "1.11.3",
  "DurationHistogram": {
    "Count": 4350322,
    "Min": 0.000026417,
    "Max": 0.00167849,
    "Sum": 298.78945376500565,
    "Avg": 0.00006868214669282082,
    "StdDev": 0.00003232641387248435,
    "Data": [
      {
        "Start": 0.000026417,
        "End": 0.001,
        "Percent": 99.99972415834966,
        "Count": 4350310
      },
      {
        "Start": 0.001,
        "End": 0.00167849,
        "Percent": 100,
        "Count": 12
      }
    ],
    "Percentiles": [
      {
        "Percentile": 50,
        "Value": 0.0005132097308795766
      },
      {
        "Percentile": 75,
        "Value": 0.0007566062082175083
      },
      {
        "Percentile": 90,
        "Value": 0.0009026440946202672
      },
      {
        "Percentile": 99,
        "Value": 0.0009902668264619226
      },
      {
        "Percentile": 99.9,
        "Value": 0.000999029099646088
      }
    ]
  },
  "Exactly": 0,
  "Jitter": true,
  "RetCodes": {
    "200": 4350322
  },
  "Sizes": {
    "Count": 4350322,
    "Min": 75,
    "Max": 75,
    "Sum": 326274150,
    "Avg": 75,
    "StdDev": 0,
    "Data": [
      {
        "Start": 75,
        "End": 75,
        "Percent": 100,
        "Count": 4350322
      }
    ],
    "Percentiles": null
  },
  "HeaderSizes": {
    "Count": 4350322,
    "Min": 75,
    "Max": 75,
    "Sum": 326274150,
    "Avg": 75,
    "StdDev": 0,
    "Data": [
      {
        "Start": 75,
        "End": 75,
        "Percent": 100,
        "Count": 4350322
      }
    ],
    "Percentiles": null
  },
  "URL": "http://fortio-server:8080/echo\\?size\\=1024",
  "SocketCount": 5,
  "AbortOn": 0
}
