{
  "RunType": "HTTP",
  "Labels": "1pod-samenode-nosidecar-maxcore-conn5-resp32",
  "StartTime": "2021-03-28T07:04:49.009361157Z",
  "RequestedQPS": "max",
  "RequestedDuration": "1m0s",
  "ActualQPS": 73473.58179855991,
  "ActualDuration": 60000110136,
  "NumThreads": 5,
  "Version": "1.11.3",
  "DurationHistogram": {
    "Count": 4408423,
    "Min": 0.000026243,
    "Max": 0.001584587,
    "Sum": 298.7748575970028,
    "Avg": 0.0000677736364221407,
    "StdDev": 0.000029389806008305843,
    "Data": [
      {
        "Start": 0.000026243,
        "End": 0.001,
        "Percent": 99.99981852921101,
        "Count": 4408415
      },
      {
        "Start": 0.001,
        "End": 0.001584587,
        "Percent": 100,
        "Count": 8
      }
    ],
    "Percentiles": [
      {
        "Percentile": 50,
        "Value": 0.0005131222731010517
      },
      {
        "Percentile": 75,
        "Value": 0.0007565620200945851
      },
      {
        "Percentile": 90,
        "Value": 0.000902625868290705
      },
      {
        "Percentile": 99,
        "Value": 0.000990264177208377
      },
      {
        "Percentile": 99.9,
        "Value": 0.0009990280081001441
      }
    ]
  },
  "Exactly": 0,
  "Jitter": true,
  "RetCodes": {
    "200": 4408423
  },
  "Sizes": {
    "Count": 4408423,
    "Min": 75,
    "Max": 75,
    "Sum": 330631725,
    "Avg": 75,
    "StdDev": 0,
    "Data": [
      {
        "Start": 75,
        "End": 75,
        "Percent": 100,
        "Count": 4408423
      }
    ],
    "Percentiles": null
  },
  "HeaderSizes": {
    "Count": 4408423,
    "Min": 75,
    "Max": 75,
    "Sum": 330631725,
    "Avg": 75,
    "StdDev": 0,
    "Data": [
      {
        "Start": 75,
        "End": 75,
        "Percent": 100,
        "Count": 4408423
      }
    ],
    "Percentiles": null
  },
  "URL": "http://fortio-server:8080/echo\\?size\\=32",
  "SocketCount": 5,
  "AbortOn": 0
}
