{
  "RunType": "HTTP",
  "Labels": "1pod-samenode-nosidecar-maxcore-conn10-resp128",
  "StartTime": "2021-03-28T07:22:31.640887785Z",
  "RequestedQPS": "max",
  "RequestedDuration": "1m0s",
  "ActualQPS": 94532.73248969806,
  "ActualDuration": 60000169789,
  "NumThreads": 10,
  "Version": "1.11.3",
  "DurationHistogram": {
    "Count": 5671980,
    "Min": 0.000027631,
    "Max": 0.002532831,
    "Sum": 598.1946005200035,
    "Avg": 0.00010546486421320307,
    "StdDev": 0.00008448370437241192,
    "Data": [
      {
        "Start": 0.000027631,
        "End": 0.001,
        "Percent": 99.9957334123181,
        "Count": 5671738
      },
      {
        "Start": 0.001,
        "End": 0.002,
        "Percent": 99.99924188731272,
        "Count": 199
      },
      {
        "Start": 0.002,
        "End": 0.002532831,
        "Percent": 100,
        "Count": 43
      }
    ],
    "Percentiles": [
      {
        "Percentile": 50,
        "Value": 0.0005138361586561577
      },
      {
        "Percentile": 75,
        "Value": 0.0007569388237048016
      },
      {
        "Percentile": 90,
        "Value": 0.0009028004227339877
      },
      {
        "Percentile": 99,
        "Value": 0.0009903173821514996
      },
      {
        "Percentile": 99.9,
        "Value": 0.0009990690780932508
      }
    ]
  },
  "Exactly": 0,
  "Jitter": true,
  "RetCodes": {
    "200": 5671980
  },
  "Sizes": {
    "Count": 5671980,
    "Min": 75,
    "Max": 75,
    "Sum": 425398500,
    "Avg": 75,
    "StdDev": 8.200922232886589e-7,
    "Data": [
      {
        "Start": 75,
        "End": 75,
        "Percent": 100,
        "Count": 5671980
      }
    ],
    "Percentiles": null
  },
  "HeaderSizes": {
    "Count": 5671980,
    "Min": 75,
    "Max": 75,
    "Sum": 425398500,
    "Avg": 75,
    "StdDev": 8.200922232886589e-7,
    "Data": [
      {
        "Start": 75,
        "End": 75,
        "Percent": 100,
        "Count": 5671980
      }
    ],
    "Percentiles": null
  },
  "URL": "http://fortio-server:8080/echo\\?size\\=128",
  "SocketCount": 10,
  "AbortOn": 0
}
