{
  "RunType": "HTTP",
  "Labels": "1pod-samenode-nosidecar-maxcore-conn6-resp128",
  "StartTime": "2021-03-28T07:18:28.879899174Z",
  "RequestedQPS": "max",
  "RequestedDuration": "1m0s",
  "ActualQPS": 82728.79335821356,
  "ActualDuration": 60000161957,
  "NumThreads": 6,
  "Version": "1.11.3",
  "DurationHistogram": {
    "Count": 4963741,
    "Min": 0.000025912,
    "Max": 0.001666869,
    "Sum": 358.52726440099195,
    "Avg": 0.00007222924491849835,
    "StdDev": 0.00003811362053504057,
    "Data": [
      {
        "Start": 0.000025912,
        "End": 0.001,
        "Percent": 99.99939561713634,
        "Count": 4963711
      },
      {
        "Start": 0.001,
        "End": 0.001666869,
        "Percent": 100,
        "Count": 30
      }
    ],
    "Percentiles": [
      {
        "Percentile": 50,
        "Value": 0.0005129588455078962
      },
      {
        "Percentile": 75,
        "Value": 0.0007564823663828065
      },
      {
        "Percentile": 90,
        "Value": 0.0009025964789077525
      },
      {
        "Percentile": 99,
        "Value": 0.0009902649464227202
      },
      {
        "Percentile": 99.9,
        "Value": 0.000999031793174217
      }
    ]
  },
  "Exactly": 0,
  "Jitter": true,
  "RetCodes": {
    "200": 4963741
  },
  "Sizes": {
    "Count": 4963741,
    "Min": 75,
    "Max": 75,
    "Sum": 372280575,
    "Avg": 75,
    "StdDev": 0,
    "Data": [
      {
        "Start": 75,
        "End": 75,
        "Percent": 100,
        "Count": 4963741
      }
    ],
    "Percentiles": null
  },
  "HeaderSizes": {
    "Count": 4963741,
    "Min": 75,
    "Max": 75,
    "Sum": 372280575,
    "Avg": 75,
    "StdDev": 0,
    "Data": [
      {
        "Start": 75,
        "End": 75,
        "Percent": 100,
        "Count": 4963741
      }
    ],
    "Percentiles": null
  },
  "URL": "http://fortio-server:8080/echo\\?size\\=128",
  "SocketCount": 6,
  "AbortOn": 0
}
