{
  "RunType": "HTTP",
  "Labels": "1pod-samenode-nosidecar-maxcore-conn1-resp32",
  "StartTime": "2021-03-28T07:00:40.687754435Z",
  "RequestedQPS": "max",
  "RequestedDuration": "1m0s",
  "ActualQPS": 18008.877421970228,
  "ActualDuration": 60000075223,
  "NumThreads": 1,
  "Version": "1.11.3",
  "DurationHistogram": {
    "Count": 1080534,
    "Min": 0.000035962,
    "Max": 0.001706432,
    "Sum": 59.774342533000976,
    "Avg": 0.00005531926115513346,
    "StdDev": 0.00001180602310396408,
    "Data": [
      {
        "Start": 0.000035962,
        "End": 0.001,
        "Percent": 99.99981490633336,
        "Count": 1080532
      },
      {
        "Start": 0.001,
        "End": 0.001706432,
        "Percent": 100,
        "Count": 2
      }
    ],
    "Percentiles": [
      {
        "Percentile": 50,
        "Value": 0.0005179814460945591
      },
      {
        "Percentile": 75,
        "Value": 0.0007589916152363976
      },
      {
        "Percentile": 90,
        "Value": 0.0009035977167215007
      },
      {
        "Percentile": 99,
        "Value": 0.0009903613776125627
      },
      {
        "Percentile": 99.9,
        "Value": 0.000999037743701669
      }
    ]
  },
  "Exactly": 0,
  "Jitter": true,
  "RetCodes": {
    "200": 1080534
  },
  "Sizes": {
    "Count": 1080534,
    "Min": 75,
    "Max": 75,
    "Sum": 81040050,
    "Avg": 75,
    "StdDev": 0,
    "Data": [
      {
        "Start": 75,
        "End": 75,
        "Percent": 100,
        "Count": 1080534
      }
    ],
    "Percentiles": null
  },
  "HeaderSizes": {
    "Count": 1080534,
    "Min": 75,
    "Max": 75,
    "Sum": 81040050,
    "Avg": 75,
    "StdDev": 0,
    "Data": [
      {
        "Start": 75,
        "End": 75,
        "Percent": 100,
        "Count": 1080534
      }
    ],
    "Percentiles": null
  },
  "URL": "http://fortio-server:8080/echo\\?size\\=32",
  "SocketCount": 1,
  "AbortOn": 0
}
