{
  "RunType": "HTTP",
  "Labels": "1pod-samenode-nosidecar-3core-conn7-resp1024",
  "StartTime": "2021-03-28T06:49:58.153065725Z",
  "RequestedQPS": "max",
  "RequestedDuration": "1m0s",
  "ActualQPS": 44084.385678921375,
  "ActualDuration": 60038468479,
  "NumThreads": 7,
  "Version": "1.11.3",
  "DurationHistogram": {
    "Count": 2646759,
    "Min": 0.000026014,
    "Max": 0.055255012,
    "Sum": 419.44555781200114,
    "Avg": 0.00015847516068217814,
    "StdDev": 0.0020722267042603514,
    "Data": [
      {
        "Start": 0.000026014,
        "End": 0.001,
        "Percent": 99.84037080822243,
        "Count": 2642534
      },
      {
        "Start": 0.001,
        "End": 0.002,
        "Percent": 99.84093753908081,
        "Count": 15
      },
      {
        "Start": 0.004,
        "End": 0.005,
        "Percent": 99.84097532113805,
        "Count": 1
      },
      {
        "Start": 0.006,
        "End": 0.007,
        "Percent": 99.84101310319527,
        "Count": 1
      },
      {
        "Start": 0.007,
        "End": 0.008,
        "Percent": 99.84108866730972,
        "Count": 2
      },
      {
        "Start": 0.008,
        "End": 0.009000000000000001,
        "Percent": 99.84112644936694,
        "Count": 1
      },
      {
        "Start": 0.009000000000000001,
        "End": 0.01,
        "Percent": 99.84116423142417,
        "Count": 1
      },
      {
        "Start": 0.01,
        "End": 0.011,
        "Percent": 99.8412020134814,
        "Count": 1
      },
      {
        "Start": 0.016,
        "End": 0.018000000000000002,
        "Percent": 99.84131535965307,
        "Count": 3
      },
      {
        "Start": 0.03,
        "End": 0.035,
        "Percent": 99.84146648788197,
        "Count": 4
      },
      {
        "Start": 0.035,
        "End": 0.04,
        "Percent": 99.84154205199643,
        "Count": 2
      },
      {
        "Start": 0.04,
        "End": 0.045,
        "Percent": 99.84169318022532,
        "Count": 4
      },
      {
        "Start": 0.045,
        "End": 0.05,
        "Percent": 99.84362006514382,
        "Count": 51
      },
      {
        "Start": 0.05,
        "End": 0.055255012,
        "Percent": 100,
        "Count": 4139
      }
    ],
    "Percentiles": [
      {
        "Percentile": 50,
        "Value": 0.0005137854419085779
      },
      {
        "Percentile": 75,
        "Value": 0.0007576713471530914
      },
      {
        "Percentile": 90,
        "Value": 0.0009040028902997996
      },
      {
        "Percentile": 99,
        "Value": 0.0009918018161878244
      },
      {
        "Percentile": 99.9,
        "Value": 0.051894598782771854
      }
    ]
  },
  "Exactly": 0,
  "Jitter": true,
  "RetCodes": {
    "200": 2646759
  },
  "Sizes": {
    "Count": 2646759,
    "Min": 75,
    "Max": 75,
    "Sum": 198506925,
    "Avg": 75,
    "StdDev": 0,
    "Data": [
      {
        "Start": 75,
        "End": 75,
        "Percent": 100,
        "Count": 2646759
      }
    ],
    "Percentiles": null
  },
  "HeaderSizes": {
    "Count": 2646759,
    "Min": 75,
    "Max": 75,
    "Sum": 198506925,
    "Avg": 75,
    "StdDev": 0,
    "Data": [
      {
        "Start": 75,
        "End": 75,
        "Percent": 100,
        "Count": 2646759
      }
    ],
    "Percentiles": null
  },
  "URL": "http://fortio-server:8080/echo\\?size\\=1024",
  "SocketCount": 7,
  "AbortOn": 0
}
