{
  "RunType": "HTTP",
  "Labels": "1pod-samenode-nosidecar-3core-conn4-resp32",
  "StartTime": "2021-03-28T06:24:10.108337646Z",
  "RequestedQPS": "max",
  "RequestedDuration": "1m0s",
  "ActualQPS": 52777.9027575938,
  "ActualDuration": 60000110549,
  "NumThreads": 4,
  "Version": "1.11.3",
  "DurationHistogram": {
    "Count": 3166680,
    "Min": 0.000025669,
    "Max": 0.019521495,
    "Sum": 239.13719000000788,
    "Avg": 0.00007551668940341553,
    "StdDev": 0.000408496839172494,
    "Data": [
      {
        "Start": 0.000025669,
        "End": 0.001,
        "Percent": 99.92307400810944,
        "Count": 3164244
      },
      {
        "Start": 0.001,
        "End": 0.002,
        "Percent": 99.92335821743909,
        "Count": 9
      },
      {
        "Start": 0.002,
        "End": 0.003,
        "Percent": 99.92376874202635,
        "Count": 13
      },
      {
        "Start": 0.003,
        "End": 0.004,
        "Percent": 99.9240845301704,
        "Count": 10
      },
      {
        "Start": 0.004,
        "End": 0.005,
        "Percent": 99.92427400305682,
        "Count": 6
      },
      {
        "Start": 0.005,
        "End": 0.006,
        "Percent": 99.92443189712885,
        "Count": 5
      },
      {
        "Start": 0.006,
        "End": 0.007,
        "Percent": 99.92465294882969,
        "Count": 7
      },
      {
        "Start": 0.007,
        "End": 0.008,
        "Percent": 99.92487400053052,
        "Count": 7
      },
      {
        "Start": 0.008,
        "End": 0.009000000000000001,
        "Percent": 99.92506347341696,
        "Count": 6
      },
      {
        "Start": 0.009000000000000001,
        "End": 0.01,
        "Percent": 99.92522136748897,
        "Count": 5
      },
      {
        "Start": 0.01,
        "End": 0.011,
        "Percent": 99.926705571766,
        "Count": 47
      },
      {
        "Start": 0.011,
        "End": 0.012,
        "Percent": 99.92869503707352,
        "Count": 63
      },
      {
        "Start": 0.012,
        "End": 0.014,
        "Percent": 99.94574759685223,
        "Count": 540
      },
      {
        "Start": 0.014,
        "End": 0.016,
        "Percent": 99.98190533934594,
        "Count": 1145
      },
      {
        "Start": 0.016,
        "End": 0.018000000000000002,
        "Percent": 99.99886316268142,
        "Count": 537
      },
      {
        "Start": 0.018000000000000002,
        "End": 0.019521495,
        "Percent": 100,
        "Count": 36
      }
    ],
    "Percentiles": [
      {
        "Percentile": 50,
        "Value": 0.0005132093915593713
      },
      {
        "Percentile": 75,
        "Value": 0.0007569797412986296
      },
      {
        "Percentile": 90,
        "Value": 0.0009032419511421848
      },
      {
        "Percentile": 99,
        "Value": 0.0009909992770483179
      },
      {
        "Percentile": 99.9,
        "Value": 0.0009997750096389312
      }
    ]
  },
  "Exactly": 0,
  "Jitter": true,
  "RetCodes": {
    "200": 3166680
  },
  "Sizes": {
    "Count": 3166680,
    "Min": 75,
    "Max": 75,
    "Sum": 237501000,
    "Avg": 75,
    "StdDev": 0,
    "Data": [
      {
        "Start": 75,
        "End": 75,
        "Percent": 100,
        "Count": 3166680
      }
    ],
    "Percentiles": null
  },
  "HeaderSizes": {
    "Count": 3166680,
    "Min": 75,
    "Max": 75,
    "Sum": 237501000,
    "Avg": 75,
    "StdDev": 0,
    "Data": [
      {
        "Start": 75,
        "End": 75,
        "Percent": 100,
        "Count": 3166680
      }
    ],
    "Percentiles": null
  },
  "URL": "http://fortio-server:8080/echo\\?size\\=32",
  "SocketCount": 4,
  "AbortOn": 0
}
