{
  "RunType": "HTTP",
  "Labels": "1pod-samenode-nosidecar-3core-conn2-resp2048",
  "StartTime": "2021-03-28T06:52:29.570648996Z",
  "RequestedQPS": "max",
  "RequestedDuration": "1m0s",
  "ActualQPS": 34190.96702452185,
  "ActualDuration": 60000057867,
  "NumThreads": 2,
  "Version": "1.11.3",
  "DurationHistogram": {
    "Count": 2051460,
    "Min": 0.000024695,
    "Max": 0.001274618,
    "Sum": 119.56849045900074,
    "Avg": 0.00005828458291119532,
    "StdDev": 0.000019666099908282566,
    "Data": [
      {
        "Start": 0.000024695,
        "End": 0.001,
        "Percent": 99.99980501691478,
        "Count": 2051456
      },
      {
        "Start": 0.001,
        "End": 0.001274618,
        "Percent": 100,
        "Count": 4
      }
    ],
    "Percentiles": [
      {
        "Percentile": 50,
        "Value": 0.0005123482131316554
      },
      {
        "Percentile": 75,
        "Value": 0.0007561750574080348
      },
      {
        "Percentile": 90,
        "Value": 0.0009024711639738624
      },
      {
        "Percentile": 99,
        "Value": 0.0009902488279133592
      },
      {
        "Percentile": 99.9,
        "Value": 0.0009990265943073087
      }
    ]
  },
  "Exactly": 0,
  "Jitter": true,
  "RetCodes": {
    "200": 2051460
  },
  "Sizes": {
    "Count": 2051460,
    "Min": 75,
    "Max": 75,
    "Sum": 153859500,
    "Avg": 75,
    "StdDev": 0,
    "Data": [
      {
        "Start": 75,
        "End": 75,
        "Percent": 100,
        "Count": 2051460
      }
    ],
    "Percentiles": null
  },
  "HeaderSizes": {
    "Count": 2051460,
    "Min": 75,
    "Max": 75,
    "Sum": 153859500,
    "Avg": 75,
    "StdDev": 0,
    "Data": [
      {
        "Start": 75,
        "End": 75,
        "Percent": 100,
        "Count": 2051460
      }
    ],
    "Percentiles": null
  },
  "URL": "http://fortio-server:8080/echo\\?size\\=2048",
  "SocketCount": 2,
  "AbortOn": 0
}
