{
  "RunType": "HTTP",
  "Labels": "1pod-samenode-nosidecar-3core-conn7-resp512",
  "StartTime": "2021-03-28T06:42:23.033161454Z",
  "RequestedQPS": "max",
  "RequestedDuration": "1m0s",
  "ActualQPS": 44030.87831650778,
  "ActualDuration": 60000120393,
  "NumThreads": 7,
  "Version": "1.11.3",
  "DurationHistogram": {
    "Count": 2641858,
    "Min": 0.0000262,
    "Max": 0.055867253,
    "Sum": 419.2135775640028,
    "Avg": 0.00015868134379819156,
    "StdDev": 0.0020689237259366717,
    "Data": [
      {
        "Start": 0.0000262,
        "End": 0.001,
        "Percent": 99.83943118820164,
        "Count": 2637616
      },
      {
        "Start": 0.001,
        "End": 0.002,
        "Percent": 99.84011252686557,
        "Count": 18
      },
      {
        "Start": 0.003,
        "End": 0.004,
        "Percent": 99.84018823116155,
        "Count": 2
      },
      {
        "Start": 0.004,
        "End": 0.005,
        "Percent": 99.84030178760554,
        "Count": 3
      },
      {
        "Start": 0.005,
        "End": 0.006,
        "Percent": 99.84041534404953,
        "Count": 3
      },
      {
        "Start": 0.006,
        "End": 0.007,
        "Percent": 99.84045319619753,
        "Count": 1
      },
      {
        "Start": 0.007,
        "End": 0.008,
        "Percent": 99.8407560133815,
        "Count": 8
      },
      {
        "Start": 0.008,
        "End": 0.009000000000000001,
        "Percent": 99.84102097841746,
        "Count": 7
      },
      {
        "Start": 0.009000000000000001,
        "End": 0.01,
        "Percent": 99.84121023915745,
        "Count": 5
      },
      {
        "Start": 0.01,
        "End": 0.011,
        "Percent": 99.84124809130543,
        "Count": 1
      },
      {
        "Start": 0.012,
        "End": 0.014,
        "Percent": 99.84128594345343,
        "Count": 1
      },
      {
        "Start": 0.03,
        "End": 0.035,
        "Percent": 99.84136164774942,
        "Count": 2
      },
      {
        "Start": 0.035,
        "End": 0.04,
        "Percent": 99.84139949989742,
        "Count": 1
      },
      {
        "Start": 0.04,
        "End": 0.045,
        "Percent": 99.84215654285734,
        "Count": 20
      },
      {
        "Start": 0.045,
        "End": 0.05,
        "Percent": 99.84563894047295,
        "Count": 92
      },
      {
        "Start": 0.05,
        "End": 0.055867253,
        "Percent": 100,
        "Count": 4078
      }
    ],
    "Percentiles": [
      {
        "Percentile": 50,
        "Value": 0.0005138828826041709
      },
      {
        "Percentile": 75,
        "Value": 0.0007577245085048424
      },
      {
        "Percentile": 90,
        "Value": 0.0009040294840452454
      },
      {
        "Percentile": 99,
        "Value": 0.0009918124693694872
      },
      {
        "Percentile": 99.9,
        "Value": 0.05206626004363099
      }
    ]
  },
  "Exactly": 0,
  "Jitter": true,
  "RetCodes": {
    "200": 2641858
  },
  "Sizes": {
    "Count": 2641858,
    "Min": 75,
    "Max": 75,
    "Sum": 198139350,
    "Avg": 75,
    "StdDev": 8.496896064380584e-7,
    "Data": [
      {
        "Start": 75,
        "End": 75,
        "Percent": 100,
        "Count": 2641858
      }
    ],
    "Percentiles": null
  },
  "HeaderSizes": {
    "Count": 2641858,
    "Min": 75,
    "Max": 75,
    "Sum": 198139350,
    "Avg": 75,
    "StdDev": 8.496896064380584e-7,
    "Data": [
      {
        "Start": 75,
        "End": 75,
        "Percent": 100,
        "Count": 2641858
      }
    ],
    "Percentiles": null
  },
  "URL": "http://fortio-server:8080/echo\\?size\\=512",
  "SocketCount": 7,
  "AbortOn": 0
}
