{
  "RunType": "HTTP",
  "Labels": "1pod-samenode-nosidecar-3core-conn1-resp512",
  "StartTime": "2021-03-28T06:36:18.758452286Z",
  "RequestedQPS": "max",
  "RequestedDuration": "1m0s",
  "ActualQPS": 18275.073898016533,
  "ActualDuration": 60000085697,
  "NumThreads": 1,
  "Version": "1.11.3",
  "DurationHistogram": {
    "Count": 1096506,
    "Min": 0.000034937,
    "Max": 0.001198323,
    "Sum": 59.762131105002,
    "Avg": 0.00005450232931238133,
    "StdDev": 0.000012952916305797654,
    "Data": [
      {
        "Start": 0.000034937,
        "End": 0.001,
        "Percent": 99.99981760245726,
        "Count": 1096504
      },
      {
        "Start": 0.001,
        "End": 0.001198323,
        "Percent": 100,
        "Count": 2
      }
    ],
    "Percentiles": [
      {
        "Percentile": 50,
        "Value": 0.0005174689400640035
      },
      {
        "Percentile": 75,
        "Value": 0.0007587353501600087
      },
      {
        "Percentile": 90,
        "Value": 0.0009034951962176119
      },
      {
        "Percentile": 99,
        "Value": 0.0009903511038521738
      },
      {
        "Percentile": 99.9,
        "Value": 0.00099903669461563
      }
    ]
  },
  "Exactly": 0,
  "Jitter": true,
  "RetCodes": {
    "200": 1096506
  },
  "Sizes": {
    "Count": 1096506,
    "Min": 75,
    "Max": 75,
    "Sum": 82237950,
    "Avg": 75,
    "StdDev": 0,
    "Data": [
      {
        "Start": 75,
        "End": 75,
        "Percent": 100,
        "Count": 1096506
      }
    ],
    "Percentiles": null
  },
  "HeaderSizes": {
    "Count": 1096506,
    "Min": 75,
    "Max": 75,
    "Sum": 82237950,
    "Avg": 75,
    "StdDev": 0,
    "Data": [
      {
        "Start": 75,
        "End": 75,
        "Percent": 100,
        "Count": 1096506
      }
    ],
    "Percentiles": null
  },
  "URL": "http://fortio-server:8080/echo\\?size\\=512",
  "SocketCount": 1,
  "AbortOn": 0
}
