{
  "RunType": "HTTP",
  "Labels": "1pod-samenode-nosidecar-3core-conn3-resp32",
  "StartTime": "2021-03-28T06:23:09.487685614Z",
  "RequestedQPS": "max",
  "RequestedDuration": "1m0s",
  "ActualQPS": 49804.847407299385,
  "ActualDuration": 60000143672,
  "NumThreads": 3,
  "Version": "1.11.3",
  "DurationHistogram": {
    "Count": 2988298,
    "Min": 0.000025188,
    "Max": 0.001386372,
    "Sum": 179.32315776999855,
    "Avg": 0.00006000845891875527,
    "StdDev": 0.000023664866635818588,
    "Data": [
      {
        "Start": 0.000025188,
        "End": 0.001,
        "Percent": 99.99943111429985,
        "Count": 2988281
      },
      {
        "Start": 0.001,
        "End": 0.001386372,
        "Percent": 100,
        "Count": 17
      }
    ],
    "Percentiles": [
      {
        "Percentile": 50,
        "Value": 0.0005125966096938707
      },
      {
        "Percentile": 75,
        "Value": 0.000756301077646673
      },
      {
        "Percentile": 90,
        "Value": 0.0009025237584183543
      },
      {
        "Percentile": 99,
        "Value": 0.0009902573668813632
      },
      {
        "Percentile": 99.9,
        "Value": 0.000999030727727664
      }
    ]
  },
  "Exactly": 0,
  "Jitter": true,
  "RetCodes": {
    "200": 2988298
  },
  "Sizes": {
    "Count": 2988298,
    "Min": 75,
    "Max": 75,
    "Sum": 224122350,
    "Avg": 75,
    "StdDev": 7.989196243221883e-7,
    "Data": [
      {
        "Start": 75,
        "End": 75,
        "Percent": 100,
        "Count": 2988298
      }
    ],
    "Percentiles": null
  },
  "HeaderSizes": {
    "Count": 2988298,
    "Min": 75,
    "Max": 75,
    "Sum": 224122350,
    "Avg": 75,
    "StdDev": 7.989196243221883e-7,
    "Data": [
      {
        "Start": 75,
        "End": 75,
        "Percent": 100,
        "Count": 2988298
      }
    ],
    "Percentiles": null
  },
  "URL": "http://fortio-server:8080/echo\\?size\\=32",
  "SocketCount": 3,
  "AbortOn": 0
}
