{
  "RunType": "HTTP",
  "Labels": "1pod-samenode-nosidecar-3core-conn3-resp128",
  "StartTime": "2021-03-28T06:30:44.76764737Z",
  "RequestedQPS": "max",
  "RequestedDuration": "1m0s",
  "ActualQPS": 49790.211274226785,
  "ActualDuration": 60000066751,
  "NumThreads": 3,
  "Version": "1.11.3",
  "DurationHistogram": {
    "Count": 2987416,
    "Min": 0.000025094,
    "Max": 0.001551845,
    "Sum": 179.33224815999836,
    "Avg": 0.00006002921861568605,
    "StdDev": 0.000024702732532037878,
    "Data": [
      {
        "Start": 0.000025094,
        "End": 0.001,
        "Percent": 99.99976568378827,
        "Count": 2987409
      },
      {
        "Start": 0.001,
        "End": 0.001551845,
        "Percent": 100,
        "Count": 7
      }
    ],
    "Percentiles": [
      {
        "Percentile": 50,
        "Value": 0.0005125479790152533
      },
      {
        "Percentile": 75,
        "Value": 0.0007562751316920889
      },
      {
        "Percentile": 90,
        "Value": 0.0009025114232981903
      },
      {
        "Percentile": 99,
        "Value": 0.0009902531982618511
      },
      {
        "Percentile": 99.9,
        "Value": 0.000999027375758217
      }
    ]
  },
  "Exactly": 0,
  "Jitter": true,
  "RetCodes": {
    "200": 2987416
  },
  "Sizes": {
    "Count": 2987416,
    "Min": 75,
    "Max": 75,
    "Sum": 224056200,
    "Avg": 75,
    "StdDev": 0,
    "Data": [
      {
        "Start": 75,
        "End": 75,
        "Percent": 100,
        "Count": 2987416
      }
    ],
    "Percentiles": null
  },
  "HeaderSizes": {
    "Count": 2987416,
    "Min": 75,
    "Max": 75,
    "Sum": 224056200,
    "Avg": 75,
    "StdDev": 0,
    "Data": [
      {
        "Start": 75,
        "End": 75,
        "Percent": 100,
        "Count": 2987416
      }
    ],
    "Percentiles": null
  },
  "URL": "http://fortio-server:8080/echo\\?size\\=128",
  "SocketCount": 3,
  "AbortOn": 0
}
