{
  "RunType": "HTTP",
  "Labels": "1pod-samenode-nosidecar-3core-conn3-resp2048",
  "StartTime": "2021-03-28T06:53:30.259112141Z",
  "RequestedQPS": "max",
  "RequestedDuration": "1m0s",
  "ActualQPS": 49857.19634273404,
  "ActualDuration": 60000124745,
  "NumThreads": 3,
  "Version": "1.11.3",
  "DurationHistogram": {
    "Count": 2991438,
    "Min": 0.000025159,
    "Max": 0.002041226,
    "Sum": 179.32005460599783,
    "Avg": 0.00005994443294696324,
    "StdDev": 0.00002460875231221392,
    "Data": [
      {
        "Start": 0.000025159,
        "End": 0.001,
        "Percent": 99.99959885513255,
        "Count": 2991426
      },
      {
        "Start": 0.001,
        "End": 0.002,
        "Percent": 99.99989971378314,
        "Count": 9
      },
      {
        "Start": 0.002,
        "End": 0.002041226,
        "Percent": 100,
        "Count": 3
      }
    ],
    "Percentiles": [
      {
        "Percentile": 50,
        "Value": 0.0005125812923315812
      },
      {
        "Percentile": 75,
        "Value": 0.0007562926014366062
      },
      {
        "Percentile": 90,
        "Value": 0.0009025193868996215
      },
      {
        "Percentile": 99,
        "Value": 0.0009902554581774307
      },
      {
        "Percentile": 99.9,
        "Value": 0.0009990290653052116
      }
    ]
  },
  "Exactly": 0,
  "Jitter": true,
  "RetCodes": {
    "200": 2991438
  },
  "Sizes": {
    "Count": 2991438,
    "Min": 75,
    "Max": 75,
    "Sum": 224357850,
    "Avg": 75,
    "StdDev": 7.985002162876796e-7,
    "Data": [
      {
        "Start": 75,
        "End": 75,
        "Percent": 100,
        "Count": 2991438
      }
    ],
    "Percentiles": null
  },
  "HeaderSizes": {
    "Count": 2991438,
    "Min": 75,
    "Max": 75,
    "Sum": 224357850,
    "Avg": 75,
    "StdDev": 7.985002162876796e-7,
    "Data": [
      {
        "Start": 75,
        "End": 75,
        "Percent": 100,
        "Count": 2991438
      }
    ],
    "Percentiles": null
  },
  "URL": "http://fortio-server:8080/echo\\?size\\=2048",
  "SocketCount": 3,
  "AbortOn": 0
}
