{
  "RunType": "HTTP",
  "Labels": "1pod-samenode-nosidecar-3core-conn5-resp32",
  "StartTime": "2021-03-28T06:25:10.900125591Z",
  "RequestedQPS": "max",
  "RequestedDuration": "1m0s",
  "ActualQPS": 50949.117204482565,
  "ActualDuration": 60001353659,
  "NumThreads": 5,
  "Version": "1.11.3",
  "DurationHistogram": {
    "Count": 3057016,
    "Min": 0.000025846,
    "Max": 0.035655739,
    "Sum": 299.12840123400014,
    "Avg": 0.00009784979903081964,
    "StdDev": 0.0009896908903529384,
    "Data": [
      {
        "Start": 0.000025846,
        "End": 0.001,
        "Percent": 99.90091644924331,
        "Count": 3053987
      },
      {
        "Start": 0.001,
        "End": 0.002,
        "Percent": 99.90124356562086,
        "Count": 10
      },
      {
        "Start": 0.002,
        "End": 0.003,
        "Percent": 99.90130898889636,
        "Count": 2
      },
      {
        "Start": 0.003,
        "End": 0.004,
        "Percent": 99.90137441217188,
        "Count": 2
      },
      {
        "Start": 0.004,
        "End": 0.005,
        "Percent": 99.90147254708513,
        "Count": 3
      },
      {
        "Start": 0.005,
        "End": 0.006,
        "Percent": 99.90150525872289,
        "Count": 1
      },
      {
        "Start": 0.006,
        "End": 0.007,
        "Percent": 99.90153797036064,
        "Count": 1
      },
      {
        "Start": 0.007,
        "End": 0.008,
        "Percent": 99.9016361052739,
        "Count": 3
      },
      {
        "Start": 0.008,
        "End": 0.009000000000000001,
        "Percent": 99.90173424018717,
        "Count": 3
      },
      {
        "Start": 0.011,
        "End": 0.012,
        "Percent": 99.90176695182491,
        "Count": 1
      },
      {
        "Start": 0.012,
        "End": 0.014,
        "Percent": 99.90186508673818,
        "Count": 3
      },
      {
        "Start": 0.014,
        "End": 0.016,
        "Percent": 99.90193051001368,
        "Count": 2
      },
      {
        "Start": 0.016,
        "End": 0.018000000000000002,
        "Percent": 99.90196322165144,
        "Count": 1
      },
      {
        "Start": 0.018000000000000002,
        "End": 0.02,
        "Percent": 99.90219220311572,
        "Count": 7
      },
      {
        "Start": 0.02,
        "End": 0.025,
        "Percent": 99.90265016604427,
        "Count": 14
      },
      {
        "Start": 0.025,
        "End": 0.03,
        "Percent": 99.91059909401848,
        "Count": 243
      },
      {
        "Start": 0.03,
        "End": 0.035,
        "Percent": 99.99950932543369,
        "Count": 2718
      },
      {
        "Start": 0.035,
        "End": 0.035655739,
        "Percent": 100,
        "Count": 15
      }
    ],
    "Percentiles": [
      {
        "Percentile": 50,
        "Value": 0.0005134059325203194
      },
      {
        "Percentile": 75,
        "Value": 0.0007571860582694224
      },
      {
        "Percentile": 90,
        "Value": 0.0009034541337188842
      },
      {
        "Percentile": 99,
        "Value": 0.0009912149789885613
      },
      {
        "Percentile": 99.9,
        "Value": 0.000999991063515529
      }
    ]
  },
  "Exactly": 0,
  "Jitter": true,
  "RetCodes": {
    "200": 3057016
  },
  "Sizes": {
    "Count": 3057016,
    "Min": 75,
    "Max": 75,
    "Sum": 229276200,
    "Avg": 75,
    "StdDev": 0,
    "Data": [
      {
        "Start": 75,
        "End": 75,
        "Percent": 100,
        "Count": 3057016
      }
    ],
    "Percentiles": null
  },
  "HeaderSizes": {
    "Count": 3057016,
    "Min": 75,
    "Max": 75,
    "Sum": 229276200,
    "Avg": 75,
    "StdDev": 0,
    "Data": [
      {
        "Start": 75,
        "End": 75,
        "Percent": 100,
        "Count": 3057016
      }
    ],
    "Percentiles": null
  },
  "URL": "http://fortio-server:8080/echo\\?size\\=32",
  "SocketCount": 5,
  "AbortOn": 0
}
