{
  "RunType": "HTTP",
  "Labels": "1pod-samenode-nosidecar-3core-conn7-resp32",
  "StartTime": "2021-03-28T06:27:12.278604496Z",
  "RequestedQPS": "max",
  "RequestedDuration": "1m0s",
  "ActualQPS": 44433.90921044861,
  "ActualDuration": 60011622821,
  "NumThreads": 7,
  "Version": "1.11.3",
  "DurationHistogram": {
    "Count": 2666551,
    "Min": 0.000025923,
    "Max": 0.054886257,
    "Sum": 419.2740313200011,
    "Avg": 0.00015723458179498577,
    "StdDev": 0.0020552730923112978,
    "Data": [
      {
        "Start": 0.000025923,
        "End": 0.001,
        "Percent": 99.84148062422207,
        "Count": 2662324
      },
      {
        "Start": 0.001,
        "End": 0.002,
        "Percent": 99.84174313560851,
        "Count": 7
      },
      {
        "Start": 0.002,
        "End": 0.003,
        "Percent": 99.8419681453683,
        "Count": 6
      },
      {
        "Start": 0.006,
        "End": 0.007,
        "Percent": 99.84204314862157,
        "Count": 2
      },
      {
        "Start": 0.007,
        "End": 0.008,
        "Percent": 99.84215565350146,
        "Count": 3
      },
      {
        "Start": 0.008,
        "End": 0.009000000000000001,
        "Percent": 99.84230566000801,
        "Count": 4
      },
      {
        "Start": 0.009000000000000001,
        "End": 0.01,
        "Percent": 99.8424181648879,
        "Count": 3
      },
      {
        "Start": 0.01,
        "End": 0.011,
        "Percent": 99.84245566651454,
        "Count": 1
      },
      {
        "Start": 0.012,
        "End": 0.014,
        "Percent": 99.84249316814117,
        "Count": 1
      },
      {
        "Start": 0.03,
        "End": 0.035,
        "Percent": 99.8425306697678,
        "Count": 1
      },
      {
        "Start": 0.035,
        "End": 0.04,
        "Percent": 99.84260567302107,
        "Count": 2
      },
      {
        "Start": 0.04,
        "End": 0.045,
        "Percent": 99.84301819091404,
        "Count": 11
      },
      {
        "Start": 0.045,
        "End": 0.05,
        "Percent": 99.84759338936327,
        "Count": 122
      },
      {
        "Start": 0.05,
        "End": 0.054886257,
        "Percent": 100,
        "Count": 4064
      }
    ],
    "Percentiles": [
      {
        "Percentile": 50,
        "Value": 0.0005137345935356079
      },
      {
        "Percentile": 75,
        "Value": 0.0007576405732408314
      },
      {
        "Percentile": 90,
        "Value": 0.0009039841610639656
      },
      {
        "Percentile": 99,
        "Value": 0.000991790313757846
      },
      {
        "Percentile": 99.9,
        "Value": 0.05168019068858103
      }
    ]
  },
  "Exactly": 0,
  "Jitter": true,
  "RetCodes": {
    "200": 2666551
  },
  "Sizes": {
    "Count": 2666551,
    "Min": 75,
    "Max": 75,
    "Sum": 199991325,
    "Avg": 75,
    "StdDev": 0,
    "Data": [
      {
        "Start": 75,
        "End": 75,
        "Percent": 100,
        "Count": 2666551
      }
    ],
    "Percentiles": null
  },
  "HeaderSizes": {
    "Count": 2666551,
    "Min": 75,
    "Max": 75,
    "Sum": 199991325,
    "Avg": 75,
    "StdDev": 0,
    "Data": [
      {
        "Start": 75,
        "End": 75,
        "Percent": 100,
        "Count": 2666551
      }
    ],
    "Percentiles": null
  },
  "URL": "http://fortio-server:8080/echo\\?size\\=32",
  "SocketCount": 7,
  "AbortOn": 0
}
