{
  "RunType": "HTTP",
  "Labels": "1pod-samenode-nosidecar-3core-conn3-resp1024",
  "StartTime": "2021-03-28T06:45:55.315716461Z",
  "RequestedQPS": "max",
  "RequestedDuration": "1m0s",
  "ActualQPS": 49785.065709735,
  "ActualDuration": 60000101585,
  "NumThreads": 3,
  "Version": "1.11.3",
  "DurationHistogram": {
    "Count": 2987109,
    "Min": 0.000025268,
    "Max": 0.001297338,
    "Sum": 179.30476744099394,
    "Avg": 0.00006002618834498304,
    "StdDev": 0.000024638168057660328,
    "Data": [
      {
        "Start": 0.000025268,
        "End": 0.001,
        "Percent": 99.99979913689123,
        "Count": 2987103
      },
      {
        "Start": 0.001,
        "End": 0.001297338,
        "Percent": 100,
        "Count": 6
      }
    ],
    "Percentiles": [
      {
        "Percentile": 50,
        "Value": 0.0005126348157839939
      },
      {
        "Percentile": 75,
        "Value": 0.0007563183868327897
      },
      {
        "Percentile": 90,
        "Value": 0.0009025285294620673
      },
      {
        "Percentile": 99,
        "Value": 0.0009902546150396337
      },
      {
        "Percentile": 99.9,
        "Value": 0.0009990272235973906
      }
    ]
  },
  "Exactly": 0,
  "Jitter": true,
  "RetCodes": {
    "200": 2987109
  },
  "Sizes": {
    "Count": 2987109,
    "Min": 75,
    "Max": 75,
    "Sum": 224033175,
    "Avg": 75,
    "StdDev": 0,
    "Data": [
      {
        "Start": 75,
        "End": 75,
        "Percent": 100,
        "Count": 2987109
      }
    ],
    "Percentiles": null
  },
  "HeaderSizes": {
    "Count": 2987109,
    "Min": 75,
    "Max": 75,
    "Sum": 224033175,
    "Avg": 75,
    "StdDev": 0,
    "Data": [
      {
        "Start": 75,
        "End": 75,
        "Percent": 100,
        "Count": 2987109
      }
    ],
    "Percentiles": null
  },
  "URL": "http://fortio-server:8080/echo\\?size\\=1024",
  "SocketCount": 3,
  "AbortOn": 0
}
