{
  "RunType": "HTTP",
  "Labels": "1pod-samenode-nosidecar-3core-conn1-resp1024",
  "StartTime": "2021-03-28T06:43:54.026467899Z",
  "RequestedQPS": "max",
  "RequestedDuration": "1m0s",
  "ActualQPS": 18264.192516229305,
  "ActualDuration": 60000079337,
  "NumThreads": 1,
  "Version": "1.11.3",
  "DurationHistogram": {
    "Count": 1095853,
    "Min": 0.000034,
    "Max": 0.001497909,
    "Sum": 59.76982536200129,
    "Avg": 0.00005454182756446466,
    "StdDev": 0.0000130207639598824,
    "Data": [
      {
        "Start": 0.000034,
        "End": 0.001,
        "Percent": 99.9998174937697,
        "Count": 1095851
      },
      {
        "Start": 0.001,
        "End": 0.001497909,
        "Percent": 100,
        "Count": 2
      }
    ],
    "Percentiles": [
      {
        "Percentile": 50,
        "Value": 0.0005170004407537528
      },
      {
        "Percentile": 75,
        "Value": 0.000758501101884382
      },
      {
        "Percentile": 90,
        "Value": 0.0009034014985627594
      },
      {
        "Percentile": 99,
        "Value": 0.0009903417365697861
      },
      {
        "Percentile": 99.9,
        "Value": 0.000999035760370489
      }
    ]
  },
  "Exactly": 0,
  "Jitter": true,
  "RetCodes": {
    "200": 1095853
  },
  "Sizes": {
    "Count": 1095853,
    "Min": 75,
    "Max": 75,
    "Sum": 82188975,
    "Avg": 75,
    "StdDev": 0,
    "Data": [
      {
        "Start": 75,
        "End": 75,
        "Percent": 100,
        "Count": 1095853
      }
    ],
    "Percentiles": null
  },
  "HeaderSizes": {
    "Count": 1095853,
    "Min": 75,
    "Max": 75,
    "Sum": 82188975,
    "Avg": 75,
    "StdDev": 0,
    "Data": [
      {
        "Start": 75,
        "End": 75,
        "Percent": 100,
        "Count": 1095853
      }
    ],
    "Percentiles": null
  },
  "URL": "http://fortio-server:8080/echo\\?size\\=1024",
  "SocketCount": 1,
  "AbortOn": 0
}
