{
  "RunType": "HTTP",
  "Labels": "1pod-samenode-nosidecar-3core-conn4-resp1024",
  "StartTime": "2021-03-28T06:46:55.926085743Z",
  "RequestedQPS": "max",
  "RequestedDuration": "1m0s",
  "ActualQPS": 51997.93826474619,
  "ActualDuration": 60000186625,
  "NumThreads": 4,
  "Version": "1.11.3",
  "DurationHistogram": {
    "Count": 3119886,
    "Min": 0.000025672,
    "Max": 0.021585847,
    "Sum": 239.1557194689939,
    "Avg": 0.00007665527505459941,
    "StdDev": 0.000438229949576323,
    "Data": [
      {
        "Start": 0.000025672,
        "End": 0.001,
        "Percent": 99.92185611910179,
        "Count": 3117448
      },
      {
        "Start": 0.001,
        "End": 0.002,
        "Percent": 99.92227280099337,
        "Count": 13
      },
      {
        "Start": 0.002,
        "End": 0.003,
        "Percent": 99.92243306325936,
        "Count": 5
      },
      {
        "Start": 0.003,
        "End": 0.004,
        "Percent": 99.92262537797855,
        "Count": 6
      },
      {
        "Start": 0.004,
        "End": 0.005,
        "Percent": 99.92284974515094,
        "Count": 7
      },
      {
        "Start": 0.005,
        "End": 0.006,
        "Percent": 99.92317026968293,
        "Count": 10
      },
      {
        "Start": 0.006,
        "End": 0.007,
        "Percent": 99.92339463685532,
        "Count": 7
      },
      {
        "Start": 0.007,
        "End": 0.008,
        "Percent": 99.9235869515745,
        "Count": 6
      },
      {
        "Start": 0.008,
        "End": 0.009000000000000001,
        "Percent": 99.9238433712001,
        "Count": 8
      },
      {
        "Start": 0.009000000000000001,
        "End": 0.01,
        "Percent": 99.9240997908257,
        "Count": 8
      },
      {
        "Start": 0.01,
        "End": 0.011,
        "Percent": 99.92509341687484,
        "Count": 31
      },
      {
        "Start": 0.011,
        "End": 0.012,
        "Percent": 99.92541394140683,
        "Count": 10
      },
      {
        "Start": 0.012,
        "End": 0.014,
        "Percent": 99.93163211732737,
        "Count": 194
      },
      {
        "Start": 0.014,
        "End": 0.016,
        "Percent": 99.96605645206267,
        "Count": 1074
      },
      {
        "Start": 0.016,
        "End": 0.018000000000000002,
        "Percent": 99.99499981730102,
        "Count": 903
      },
      {
        "Start": 0.018000000000000002,
        "End": 0.02,
        "Percent": 99.99980768528081,
        "Count": 150
      },
      {
        "Start": 0.02,
        "End": 0.021585847,
        "Percent": 100,
        "Count": 6
      }
    ],
    "Percentiles": [
      {
        "Percentile": 50,
        "Value": 0.0005132168304256656
      },
      {
        "Percentile": 75,
        "Value": 0.0007569894019086772
      },
      {
        "Percentile": 90,
        "Value": 0.0009032529447984841
      },
      {
        "Percentile": 99,
        "Value": 0.0009910110705323683
      },
      {
        "Percentile": 99.9,
        "Value": 0.0009997868831057566
      }
    ]
  },
  "Exactly": 0,
  "Jitter": true,
  "RetCodes": {
    "200": 3119886
  },
  "Sizes": {
    "Count": 3119886,
    "Min": 75,
    "Max": 75,
    "Sum": 233991450,
    "Avg": 75,
    "StdDev": 0,
    "Data": [
      {
        "Start": 75,
        "End": 75,
        "Percent": 100,
        "Count": 3119886
      }
    ],
    "Percentiles": null
  },
  "HeaderSizes": {
    "Count": 3119886,
    "Min": 75,
    "Max": 75,
    "Sum": 233991450,
    "Avg": 75,
    "StdDev": 0,
    "Data": [
      {
        "Start": 75,
        "End": 75,
        "Percent": 100,
        "Count": 3119886
      }
    ],
    "Percentiles": null
  },
  "URL": "http://fortio-server:8080/echo\\?size\\=1024",
  "SocketCount": 4,
  "AbortOn": 0
}
