{
  "RunType": "HTTP",
  "Labels": "1pod-samenode-nosidecar-3core-conn6-resp512",
  "StartTime": "2021-03-28T06:41:22.356830098Z",
  "RequestedQPS": "max",
  "RequestedDuration": "1m0s",
  "ActualQPS": 46951.08506311469,
  "ActualDuration": 60034714772,
  "NumThreads": 6,
  "Version": "1.11.3",
  "DurationHistogram": {
    "Count": 2818695,
    "Min": 0.000025759,
    "Max": 0.046999196,
    "Sum": 359.36706650400333,
    "Avg": 0.00012749412990905484,
    "StdDev": 0.0015524658067838613,
    "Data": [
      {
        "Start": 0.000025759,
        "End": 0.001,
        "Percent": 99.87128795417738,
        "Count": 2815067
      },
      {
        "Start": 0.001,
        "End": 0.002,
        "Percent": 99.8713943864093,
        "Count": 3
      },
      {
        "Start": 0.003,
        "End": 0.004,
        "Percent": 99.87150081864125,
        "Count": 3
      },
      {
        "Start": 0.004,
        "End": 0.005,
        "Percent": 99.8715362960519,
        "Count": 1
      },
      {
        "Start": 0.005,
        "End": 0.006,
        "Percent": 99.871926547569,
        "Count": 11
      },
      {
        "Start": 0.006,
        "End": 0.007,
        "Percent": 99.87199750239029,
        "Count": 2
      },
      {
        "Start": 0.007,
        "End": 0.008,
        "Percent": 99.87206845721158,
        "Count": 2
      },
      {
        "Start": 0.008,
        "End": 0.009000000000000001,
        "Percent": 99.87217488944351,
        "Count": 3
      },
      {
        "Start": 0.009000000000000001,
        "End": 0.01,
        "Percent": 99.87224584426481,
        "Count": 2
      },
      {
        "Start": 0.016,
        "End": 0.018000000000000002,
        "Percent": 99.87228132167546,
        "Count": 1
      },
      {
        "Start": 0.025,
        "End": 0.03,
        "Percent": 99.87238775390739,
        "Count": 3
      },
      {
        "Start": 0.03,
        "End": 0.035,
        "Percent": 99.87263609578191,
        "Count": 7
      },
      {
        "Start": 0.035,
        "End": 0.04,
        "Percent": 99.87366494069065,
        "Count": 29
      },
      {
        "Start": 0.04,
        "End": 0.045,
        "Percent": 99.98854079636143,
        "Count": 3238
      },
      {
        "Start": 0.045,
        "End": 0.046999196,
        "Percent": 100,
        "Count": 323
      }
    ],
    "Percentiles": [
      {
        "Percentile": 50,
        "Value": 0.0005135071179860436
      },
      {
        "Percentile": 75,
        "Value": 0.000757381350019591
      },
      {
        "Percentile": 90,
        "Value": 0.0009037058892397194
      },
      {
        "Percentile": 99,
        "Value": 0.0009915006127717966
      },
      {
        "Percentile": 99.9,
        "Value": 0.041146239962940145
      }
    ]
  },
  "Exactly": 0,
  "Jitter": true,
  "RetCodes": {
    "200": 2818695
  },
  "Sizes": {
    "Count": 2818695,
    "Min": 75,
    "Max": 75,
    "Sum": 211402125,
    "Avg": 75,
    "StdDev": 0,
    "Data": [
      {
        "Start": 75,
        "End": 75,
        "Percent": 100,
        "Count": 2818695
      }
    ],
    "Percentiles": null
  },
  "HeaderSizes": {
    "Count": 2818695,
    "Min": 75,
    "Max": 75,
    "Sum": 211402125,
    "Avg": 75,
    "StdDev": 0,
    "Data": [
      {
        "Start": 75,
        "End": 75,
        "Percent": 100,
        "Count": 2818695
      }
    ],
    "Percentiles": null
  },
  "URL": "http://fortio-server:8080/echo\\?size\\=512",
  "SocketCount": 6,
  "AbortOn": 0
}
