{
  "RunType": "HTTP",
  "Labels": "1pod-samenode-nosidecar-3core-conn6-resp32",
  "StartTime": "2021-03-28T06:26:11.550363702Z",
  "RequestedQPS": "max",
  "RequestedDuration": "1m0s",
  "ActualQPS": 47550.690928190634,
  "ActualDuration": 60039821594,
  "NumThreads": 6,
  "Version": "1.11.3",
  "DurationHistogram": {
    "Count": 2854935,
    "Min": 0.000024805,
    "Max": 0.047079654,
    "Sum": 359.3745068269998,
    "Avg": 0.00012587834988432304,
    "StdDev": 0.001535329717490165,
    "Data": [
      {
        "Start": 0.000024805,
        "End": 0.001,
        "Percent": 99.8727116379182,
        "Count": 2851301
      },
      {
        "Start": 0.001,
        "End": 0.002,
        "Percent": 99.8732370439257,
        "Count": 15
      },
      {
        "Start": 0.002,
        "End": 0.003,
        "Percent": 99.87327207099285,
        "Count": 1
      },
      {
        "Start": 0.003,
        "End": 0.004,
        "Percent": 99.87348223339586,
        "Count": 6
      },
      {
        "Start": 0.004,
        "End": 0.005,
        "Percent": 99.87351726046302,
        "Count": 1
      },
      {
        "Start": 0.005,
        "End": 0.006,
        "Percent": 99.87376244993318,
        "Count": 7
      },
      {
        "Start": 0.009000000000000001,
        "End": 0.01,
        "Percent": 99.87379747700035,
        "Count": 1
      },
      {
        "Start": 0.01,
        "End": 0.011,
        "Percent": 99.87383250406752,
        "Count": 1
      },
      {
        "Start": 0.014,
        "End": 0.016,
        "Percent": 99.87386753113468,
        "Count": 1
      },
      {
        "Start": 0.016,
        "End": 0.018000000000000002,
        "Percent": 99.87390255820185,
        "Count": 1
      },
      {
        "Start": 0.02,
        "End": 0.025,
        "Percent": 99.87397261233619,
        "Count": 2
      },
      {
        "Start": 0.025,
        "End": 0.03,
        "Percent": 99.87404266647052,
        "Count": 2
      },
      {
        "Start": 0.03,
        "End": 0.035,
        "Percent": 99.87407769353769,
        "Count": 1
      },
      {
        "Start": 0.035,
        "End": 0.04,
        "Percent": 99.87572396569449,
        "Count": 47
      },
      {
        "Start": 0.04,
        "End": 0.045,
        "Percent": 99.99117317907412,
        "Count": 3296
      },
      {
        "Start": 0.045,
        "End": 0.047079654,
        "Percent": 100,
        "Count": 252
      }
    ],
    "Percentiles": [
      {
        "Percentile": 50,
        "Value": 0.0005130237751087224
      },
      {
        "Percentile": 75,
        "Value": 0.0007571333336719216
      },
      {
        "Percentile": 90,
        "Value": 0.0009035990688098411
      },
      {
        "Percentile": 99,
        "Value": 0.0009914785098925928
      },
      {
        "Percentile": 99.9,
        "Value": 0.04105137287621389
      }
    ]
  },
  "Exactly": 0,
  "Jitter": true,
  "RetCodes": {
    "200": 2854935
  },
  "Sizes": {
    "Count": 2854935,
    "Min": 75,
    "Max": 75,
    "Sum": 214120125,
    "Avg": 75,
    "StdDev": 0,
    "Data": [
      {
        "Start": 75,
        "End": 75,
        "Percent": 100,
        "Count": 2854935
      }
    ],
    "Percentiles": null
  },
  "HeaderSizes": {
    "Count": 2854935,
    "Min": 75,
    "Max": 75,
    "Sum": 214120125,
    "Avg": 75,
    "StdDev": 0,
    "Data": [
      {
        "Start": 75,
        "End": 75,
        "Percent": 100,
        "Count": 2854935
      }
    ],
    "Percentiles": null
  },
  "URL": "http://fortio-server:8080/echo\\?size\\=32",
  "SocketCount": 6,
  "AbortOn": 0
}
