{
  "RunType": "HTTP",
  "Labels": "1pod-samenode-nosidecar-3core-conn4-resp128",
  "StartTime": "2021-03-28T06:31:45.491962577Z",
  "RequestedQPS": "max",
  "RequestedDuration": "1m0s",
  "ActualQPS": 51917.15655651165,
  "ActualDuration": 60000088730,
  "NumThreads": 4,
  "Version": "1.11.3",
  "DurationHistogram": {
    "Count": 3115034,
    "Min": 0.000025315,
    "Max": 0.021948083,
    "Sum": 239.14923855199925,
    "Avg": 0.00007677259334954265,
    "StdDev": 0.0004364463123428639,
    "Data": [
      {
        "Start": 0.000025315,
        "End": 0.001,
        "Percent": 99.92186281112822,
        "Count": 3112600
      },
      {
        "Start": 0.001,
        "End": 0.002,
        "Percent": 99.92218383491159,
        "Count": 10
      },
      {
        "Start": 0.002,
        "End": 0.003,
        "Percent": 99.92231224442494,
        "Count": 4
      },
      {
        "Start": 0.003,
        "End": 0.004,
        "Percent": 99.92244065393828,
        "Count": 4
      },
      {
        "Start": 0.004,
        "End": 0.005,
        "Percent": 99.92266537058664,
        "Count": 7
      },
      {
        "Start": 0.005,
        "End": 0.006,
        "Percent": 99.92285798485666,
        "Count": 6
      },
      {
        "Start": 0.006,
        "End": 0.007,
        "Percent": 99.92305059912668,
        "Count": 6
      },
      {
        "Start": 0.007,
        "End": 0.008,
        "Percent": 99.92333952053171,
        "Count": 9
      },
      {
        "Start": 0.008,
        "End": 0.009000000000000001,
        "Percent": 99.92356423718007,
        "Count": 7
      },
      {
        "Start": 0.009000000000000001,
        "End": 0.01,
        "Percent": 99.92359633955842,
        "Count": 1
      },
      {
        "Start": 0.01,
        "End": 0.011,
        "Percent": 99.92417418236847,
        "Count": 18
      },
      {
        "Start": 0.011,
        "End": 0.012,
        "Percent": 99.92484833231354,
        "Count": 21
      },
      {
        "Start": 0.012,
        "End": 0.014,
        "Percent": 99.93367648635616,
        "Count": 275
      },
      {
        "Start": 0.014,
        "End": 0.016,
        "Percent": 99.96642091225971,
        "Count": 1020
      },
      {
        "Start": 0.016,
        "End": 0.018000000000000002,
        "Percent": 99.99499202897945,
        "Count": 890
      },
      {
        "Start": 0.018000000000000002,
        "End": 0.02,
        "Percent": 99.99974318097331,
        "Count": 148
      },
      {
        "Start": 0.02,
        "End": 0.021948083,
        "Percent": 100,
        "Count": 8
      }
    ],
    "Percentiles": [
      {
        "Percentile": 50,
        "Value": 0.0005130384370569419
      },
      {
        "Percentile": 75,
        "Value": 0.0007569003121563362
      },
      {
        "Percentile": 90,
        "Value": 0.000903217437215973
      },
      {
        "Percentile": 99,
        "Value": 0.0009910077122517549
      },
      {
        "Percentile": 99.9,
        "Value": 0.000999786739755333
      }
    ]
  },
  "Exactly": 0,
  "Jitter": true,
  "RetCodes": {
    "200": 3115034
  },
  "Sizes": {
    "Count": 3115034,
    "Min": 75,
    "Max": 75,
    "Sum": 233627550,
    "Avg": 75,
    "StdDev": 0,
    "Data": [
      {
        "Start": 75,
        "End": 75,
        "Percent": 100,
        "Count": 3115034
      }
    ],
    "Percentiles": null
  },
  "HeaderSizes": {
    "Count": 3115034,
    "Min": 75,
    "Max": 75,
    "Sum": 233627550,
    "Avg": 75,
    "StdDev": 0,
    "Data": [
      {
        "Start": 75,
        "End": 75,
        "Percent": 100,
        "Count": 3115034
      }
    ],
    "Percentiles": null
  },
  "URL": "http://fortio-server:8080/echo\\?size\\=128",
  "SocketCount": 4,
  "AbortOn": 0
}
