{
  "RunType": "HTTP",
  "Labels": "1pod-samenode-nosidecar-3core-conn7-resp2048",
  "StartTime": "2021-03-28T06:57:33.474954959Z",
  "RequestedQPS": "max",
  "RequestedDuration": "1m0s",
  "ActualQPS": 43905.64425495289,
  "ActualDuration": 60015267848,
  "NumThreads": 7,
  "Version": "1.11.3",
  "DurationHistogram": {
    "Count": 2635009,
    "Min": 0.00002629,
    "Max": 0.054995346,
    "Sum": 419.3113325189995,
    "Avg": 0.00015913089197000827,
    "StdDev": 0.0020788952863249927,
    "Data": [
      {
        "Start": 0.00002629,
        "End": 0.001,
        "Percent": 99.839507189539,
        "Count": 2630780
      },
      {
        "Start": 0.001,
        "End": 0.002,
        "Percent": 99.83977284328061,
        "Count": 7
      },
      {
        "Start": 0.002,
        "End": 0.003,
        "Percent": 99.83984874434964,
        "Count": 2
      },
      {
        "Start": 0.003,
        "End": 0.004,
        "Percent": 99.83992464541866,
        "Count": 2
      },
      {
        "Start": 0.005,
        "End": 0.006,
        "Percent": 99.8400384970222,
        "Count": 3
      },
      {
        "Start": 0.007,
        "End": 0.008,
        "Percent": 99.84038005183284,
        "Count": 9
      },
      {
        "Start": 0.008,
        "End": 0.009000000000000001,
        "Percent": 99.84045595290186,
        "Count": 2
      },
      {
        "Start": 0.01,
        "End": 0.011,
        "Percent": 99.84049390343638,
        "Count": 1
      },
      {
        "Start": 0.012,
        "End": 0.014,
        "Percent": 99.8405698045054,
        "Count": 2
      },
      {
        "Start": 0.016,
        "End": 0.018000000000000002,
        "Percent": 99.84060775503993,
        "Count": 1
      },
      {
        "Start": 0.03,
        "End": 0.035,
        "Percent": 99.84068365610895,
        "Count": 2
      },
      {
        "Start": 0.035,
        "End": 0.04,
        "Percent": 99.8407975077125,
        "Count": 3
      },
      {
        "Start": 0.04,
        "End": 0.045,
        "Percent": 99.8413288151957,
        "Count": 14
      },
      {
        "Start": 0.045,
        "End": 0.05,
        "Percent": 99.84413715474976,
        "Count": 74
      },
      {
        "Start": 0.05,
        "End": 0.054995346,
        "Percent": 100,
        "Count": 4107
      }
    ],
    "Percentiles": [
      {
        "Percentile": 50,
        "Value": 0.0005139274385628745
      },
      {
        "Percentile": 75,
        "Value": 0.0007577463429054664
      },
      {
        "Percentile": 90,
        "Value": 0.0009040376855110218
      },
      {
        "Percentile": 99,
        "Value": 0.000991812491074355
      },
      {
        "Percentile": 99.9,
        "Value": 0.051790383334279634
      }
    ]
  },
  "Exactly": 0,
  "Jitter": true,
  "RetCodes": {
    "200": 2635009
  },
  "Sizes": {
    "Count": 2635009,
    "Min": 75,
    "Max": 75,
    "Sum": 197625675,
    "Avg": 75,
    "StdDev": 0,
    "Data": [
      {
        "Start": 75,
        "End": 75,
        "Percent": 100,
        "Count": 2635009
      }
    ],
    "Percentiles": null
  },
  "HeaderSizes": {
    "Count": 2635009,
    "Min": 75,
    "Max": 75,
    "Sum": 197625675,
    "Avg": 75,
    "StdDev": 0,
    "Data": [
      {
        "Start": 75,
        "End": 75,
        "Percent": 100,
        "Count": 2635009
      }
    ],
    "Percentiles": null
  },
  "URL": "http://fortio-server:8080/echo\\?size\\=2048",
  "SocketCount": 7,
  "AbortOn": 0
}
