{
  "RunType": "HTTP",
  "Labels": "1pod-samenode-nosidecar-3core-conn2-resp1024",
  "StartTime": "2021-03-28T06:44:54.626907431Z",
  "RequestedQPS": "max",
  "RequestedDuration": "1m0s",
  "ActualQPS": 34297.435329899185,
  "ActualDuration": 60000113134,
  "NumThreads": 2,
  "Version": "1.11.3",
  "DurationHistogram": {
    "Count": 2057850,
    "Min": 0.000025085,
    "Max": 0.001192069,
    "Sum": 119.5725961289999,
    "Avg": 0.00005810559376485162,
    "StdDev": 0.0000196845190609826,
    "Data": [
      {
        "Start": 0.000025085,
        "End": 0.001,
        "Percent": 99.99985421677965,
        "Count": 2057847
      },
      {
        "Start": 0.001,
        "End": 0.001192069,
        "Percent": 100,
        "Count": 3
      }
    ],
    "Percentiles": [
      {
        "Percentile": 50,
        "Value": 0.0005125429737550817
      },
      {
        "Percentile": 75,
        "Value": 0.0007562721975101635
      },
      {
        "Percentile": 90,
        "Value": 0.0009025097317632126
      },
      {
        "Percentile": 99,
        "Value": 0.000990252252315042
      },
      {
        "Percentile": 99.9,
        "Value": 0.0009990265043702251
      }
    ]
  },
  "Exactly": 0,
  "Jitter": true,
  "RetCodes": {
    "200": 2057850
  },
  "Sizes": {
    "Count": 2057850,
    "Min": 75,
    "Max": 75,
    "Sum": 154338750,
    "Avg": 75,
    "StdDev": 0,
    "Data": [
      {
        "Start": 75,
        "End": 75,
        "Percent": 100,
        "Count": 2057850
      }
    ],
    "Percentiles": null
  },
  "HeaderSizes": {
    "Count": 2057850,
    "Min": 75,
    "Max": 75,
    "Sum": 154338750,
    "Avg": 75,
    "StdDev": 0,
    "Data": [
      {
        "Start": 75,
        "End": 75,
        "Percent": 100,
        "Count": 2057850
      }
    ],
    "Percentiles": null
  },
  "URL": "http://fortio-server:8080/echo\\?size\\=1024",
  "SocketCount": 2,
  "AbortOn": 0
}
