{
  "RunType": "HTTP",
  "Labels": "1pod-samenode-nosidecar-3core-conn4-resp2048",
  "StartTime": "2021-03-28T06:54:31.031827092Z",
  "RequestedQPS": "max",
  "RequestedDuration": "1m0s",
  "ActualQPS": 52024.9178817526,
  "ActualDuration": 60000113928,
  "NumThreads": 4,
  "Version": "1.11.3",
  "DurationHistogram": {
    "Count": 3121501,
    "Min": 0.000025746,
    "Max": 0.021093258,
    "Sum": 239.12957964199768,
    "Avg": 0.00007660724108113298,
    "StdDev": 0.0004318030767157166,
    "Data": [
      {
        "Start": 0.000025746,
        "End": 0.001,
        "Percent": 99.92212080021758,
        "Count": 3119070
      },
      {
        "Start": 0.001,
        "End": 0.002,
        "Percent": 99.92240912304689,
        "Count": 9
      },
      {
        "Start": 0.002,
        "End": 0.003,
        "Percent": 99.92247319478673,
        "Count": 2
      },
      {
        "Start": 0.003,
        "End": 0.004,
        "Percent": 99.92250523065667,
        "Count": 1
      },
      {
        "Start": 0.004,
        "End": 0.005,
        "Percent": 99.92285762522582,
        "Count": 11
      },
      {
        "Start": 0.005,
        "End": 0.006,
        "Percent": 99.92314594805512,
        "Count": 9
      },
      {
        "Start": 0.006,
        "End": 0.007,
        "Percent": 99.92346630675435,
        "Count": 10
      },
      {
        "Start": 0.007,
        "End": 0.008,
        "Percent": 99.92365852197388,
        "Count": 6
      },
      {
        "Start": 0.008,
        "End": 0.009000000000000001,
        "Percent": 99.92391480893326,
        "Count": 8
      },
      {
        "Start": 0.009000000000000001,
        "End": 0.01,
        "Percent": 99.92407498828288,
        "Count": 5
      },
      {
        "Start": 0.01,
        "End": 0.011,
        "Percent": 99.92461959807157,
        "Count": 17
      },
      {
        "Start": 0.011,
        "End": 0.012,
        "Percent": 99.92490792090088,
        "Count": 9
      },
      {
        "Start": 0.012,
        "End": 0.014,
        "Percent": 99.93282078077182,
        "Count": 247
      },
      {
        "Start": 0.014,
        "End": 0.016,
        "Percent": 99.97103957358976,
        "Count": 1193
      },
      {
        "Start": 0.016,
        "End": 0.018000000000000002,
        "Percent": 99.99618773147918,
        "Count": 785
      },
      {
        "Start": 0.018000000000000002,
        "End": 0.02,
        "Percent": 99.99958353369101,
        "Count": 106
      },
      {
        "Start": 0.02,
        "End": 0.021093258,
        "Percent": 100,
        "Count": 13
      }
    ],
    "Percentiles": [
      {
        "Percentile": 50,
        "Value": 0.0005132525102352658
      },
      {
        "Percentile": 75,
        "Value": 0.0007570059215299502
      },
      {
        "Percentile": 90,
        "Value": 0.0009032579683067608
      },
      {
        "Percentile": 99,
        "Value": 0.0009910091963728472
      },
      {
        "Percentile": 99.9,
        "Value": 0.000999784319179456
      }
    ]
  },
  "Exactly": 0,
  "Jitter": true,
  "RetCodes": {
    "200": 3121501
  },
  "Sizes": {
    "Count": 3121501,
    "Min": 75,
    "Max": 75,
    "Sum": 234112575,
    "Avg": 75,
    "StdDev": 0,
    "Data": [
      {
        "Start": 75,
        "End": 75,
        "Percent": 100,
        "Count": 3121501
      }
    ],
    "Percentiles": null
  },
  "HeaderSizes": {
    "Count": 3121501,
    "Min": 75,
    "Max": 75,
    "Sum": 234112575,
    "Avg": 75,
    "StdDev": 0,
    "Data": [
      {
        "Start": 75,
        "End": 75,
        "Percent": 100,
        "Count": 3121501
      }
    ],
    "Percentiles": null
  },
  "URL": "http://fortio-server:8080/echo\\?size\\=2048",
  "SocketCount": 4,
  "AbortOn": 0
}
