{
  "RunType": "HTTP",
  "Labels": "1pod-samenode-nosidecar-3core-conn5-resp2048",
  "StartTime": "2021-03-28T06:55:31.720366447Z",
  "RequestedQPS": "max",
  "RequestedDuration": "1m0s",
  "ActualQPS": 50275.769624127104,
  "ActualDuration": 60000095922,
  "NumThreads": 5,
  "Version": "1.11.3",
  "DurationHistogram": {
    "Count": 3016551,
    "Min": 0.000025883,
    "Max": 0.036135732,
    "Sum": 299.14501559099426,
    "Avg": 0.00009916789591523375,
    "StdDev": 0.001008630457689998,
    "Data": [
      {
        "Start": 0.000025883,
        "End": 0.001,
        "Percent": 99.89905690306578,
        "Count": 3013506
      },
      {
        "Start": 0.001,
        "End": 0.002,
        "Percent": 99.89978621279732,
        "Count": 22
      },
      {
        "Start": 0.003,
        "End": 0.004,
        "Percent": 99.89985251368202,
        "Count": 2
      },
      {
        "Start": 0.005,
        "End": 0.006,
        "Percent": 99.8999188145667,
        "Count": 2
      },
      {
        "Start": 0.006,
        "End": 0.007,
        "Percent": 99.90018401810545,
        "Count": 8
      },
      {
        "Start": 0.007,
        "End": 0.008,
        "Percent": 99.90021716854778,
        "Count": 1
      },
      {
        "Start": 0.008,
        "End": 0.009000000000000001,
        "Percent": 99.90031661987481,
        "Count": 3
      },
      {
        "Start": 0.009000000000000001,
        "End": 0.01,
        "Percent": 99.90041607120185,
        "Count": 3
      },
      {
        "Start": 0.01,
        "End": 0.011,
        "Percent": 99.90048237208653,
        "Count": 2
      },
      {
        "Start": 0.012,
        "End": 0.014,
        "Percent": 99.90081387650996,
        "Count": 10
      },
      {
        "Start": 0.016,
        "End": 0.018000000000000002,
        "Percent": 99.9008470269523,
        "Count": 1
      },
      {
        "Start": 0.018000000000000002,
        "End": 0.02,
        "Percent": 99.90097962872167,
        "Count": 4
      },
      {
        "Start": 0.02,
        "End": 0.025,
        "Percent": 99.90147688535681,
        "Count": 15
      },
      {
        "Start": 0.025,
        "End": 0.03,
        "Percent": 99.90575329241906,
        "Count": 129
      },
      {
        "Start": 0.03,
        "End": 0.035,
        "Percent": 99.99903863717205,
        "Count": 2814
      },
      {
        "Start": 0.035,
        "End": 0.036135732,
        "Percent": 100,
        "Count": 29
      }
    ],
    "Percentiles": [
      {
        "Percentile": 50,
        "Value": 0.0005134334872620089
      },
      {
        "Percentile": 75,
        "Value": 0.0007572088925182636
      },
      {
        "Percentile": 90,
        "Value": 0.0009034741356720165
      },
      {
        "Percentile": 99,
        "Value": 0.0009912332815642682
      },
      {
        "Percentile": 99.9,
        "Value": 0.0063061250000142205
      }
    ]
  },
  "Exactly": 0,
  "Jitter": true,
  "RetCodes": {
    "200": 3016551
  },
  "Sizes": {
    "Count": 3016551,
    "Min": 75,
    "Max": 75,
    "Sum": 226241325,
    "Avg": 75,
    "StdDev": 0,
    "Data": [
      {
        "Start": 75,
        "End": 75,
        "Percent": 100,
        "Count": 3016551
      }
    ],
    "Percentiles": null
  },
  "HeaderSizes": {
    "Count": 3016551,
    "Min": 75,
    "Max": 75,
    "Sum": 226241325,
    "Avg": 75,
    "StdDev": 0,
    "Data": [
      {
        "Start": 75,
        "End": 75,
        "Percent": 100,
        "Count": 3016551
      }
    ],
    "Percentiles": null
  },
  "URL": "http://fortio-server:8080/echo\\?size\\=2048",
  "SocketCount": 5,
  "AbortOn": 0
}
