{
  "RunType": "HTTP",
  "Labels": "1pod-samenode-nosidecar-3core-conn5-resp128",
  "StartTime": "2021-03-28T06:32:46.332341718Z",
  "RequestedQPS": "max",
  "RequestedDuration": "1m0s",
  "ActualQPS": 50226.950585486935,
  "ActualDuration": 60000138668,
  "NumThreads": 5,
  "Version": "1.11.3",
  "DurationHistogram": {
    "Count": 3013624,
    "Min": 0.000025751,
    "Max": 0.036245248,
    "Sum": 299.1396429310006,
    "Avg": 0.00009926243052583886,
    "StdDev": 0.0010115700982098832,
    "Data": [
      {
        "Start": 0.000025751,
        "End": 0.001,
        "Percent": 99.89939023580911,
        "Count": 3010592
      },
      {
        "Start": 0.001,
        "End": 0.002,
        "Percent": 99.89975524484807,
        "Count": 11
      },
      {
        "Start": 0.003,
        "End": 0.004,
        "Percent": 99.89985479276778,
        "Count": 3
      },
      {
        "Start": 0.004,
        "End": 0.005,
        "Percent": 99.89995434068749,
        "Count": 3
      },
      {
        "Start": 0.005,
        "End": 0.006,
        "Percent": 99.9000538886072,
        "Count": 3
      },
      {
        "Start": 0.006,
        "End": 0.007,
        "Percent": 99.90028616708653,
        "Count": 7
      },
      {
        "Start": 0.007,
        "End": 0.008,
        "Percent": 99.90038571500625,
        "Count": 3
      },
      {
        "Start": 0.009000000000000001,
        "End": 0.01,
        "Percent": 99.90065117612549,
        "Count": 8
      },
      {
        "Start": 0.012,
        "End": 0.014,
        "Percent": 99.90068435876539,
        "Count": 1
      },
      {
        "Start": 0.014,
        "End": 0.016,
        "Percent": 99.9007175414053,
        "Count": 1
      },
      {
        "Start": 0.016,
        "End": 0.018000000000000002,
        "Percent": 99.9007507240452,
        "Count": 1
      },
      {
        "Start": 0.018000000000000002,
        "End": 0.02,
        "Percent": 99.90091663724472,
        "Count": 5
      },
      {
        "Start": 0.02,
        "End": 0.025,
        "Percent": 99.90134801156348,
        "Count": 13
      },
      {
        "Start": 0.025,
        "End": 0.03,
        "Percent": 99.90625904226937,
        "Count": 148
      },
      {
        "Start": 0.03,
        "End": 0.035,
        "Percent": 99.99817495480525,
        "Count": 2770
      },
      {
        "Start": 0.035,
        "End": 0.036245248,
        "Percent": 100,
        "Count": 55
      }
    ],
    "Percentiles": [
      {
        "Percentile": 50,
        "Value": 0.0005133659267499306
      },
      {
        "Percentile": 75,
        "Value": 0.0007571735519285084
      },
      {
        "Percentile": 90,
        "Value": 0.0009034581270356551
      },
      {
        "Percentile": 99,
        "Value": 0.0009912288720999433
      },
      {
        "Percentile": 99.9,
        "Value": 0.005458666666757268
      }
    ]
  },
  "Exactly": 0,
  "Jitter": true,
  "RetCodes": {
    "200": 3013624
  },
  "Sizes": {
    "Count": 3013624,
    "Min": 75,
    "Max": 75,
    "Sum": 226021800,
    "Avg": 75,
    "StdDev": 0,
    "Data": [
      {
        "Start": 75,
        "End": 75,
        "Percent": 100,
        "Count": 3013624
      }
    ],
    "Percentiles": null
  },
  "HeaderSizes": {
    "Count": 3013624,
    "Min": 75,
    "Max": 75,
    "Sum": 226021800,
    "Avg": 75,
    "StdDev": 0,
    "Data": [
      {
        "Start": 75,
        "End": 75,
        "Percent": 100,
        "Count": 3013624
      }
    ],
    "Percentiles": null
  },
  "URL": "http://fortio-server:8080/echo\\?size\\=128",
  "SocketCount": 5,
  "AbortOn": 0
}
