{
  "RunType": "HTTP",
  "Labels": "1pod-samenode-nosidecar-3core-conn7-resp128",
  "StartTime": "2021-03-28T06:34:47.779324598Z",
  "RequestedQPS": "max",
  "RequestedDuration": "1m0s",
  "ActualQPS": 44039.0034645434,
  "ActualDuration": 60010894709,
  "NumThreads": 7,
  "Version": "1.11.3",
  "DurationHistogram": {
    "Count": 2642820,
    "Min": 0.000025815,
    "Max": 0.055282721,
    "Sum": 419.28571891299885,
    "Avg": 0.00015865088008755755,
    "StdDev": 0.0020698593358066063,
    "Data": [
      {
        "Start": 0.000025815,
        "End": 0.001,
        "Percent": 99.83911125237435,
        "Count": 2638568
      },
      {
        "Start": 0.001,
        "End": 0.002,
        "Percent": 99.84024640346297,
        "Count": 30
      },
      {
        "Start": 0.002,
        "End": 0.003,
        "Percent": 99.84047343368069,
        "Count": 6
      },
      {
        "Start": 0.005,
        "End": 0.006,
        "Percent": 99.8405112720503,
        "Count": 1
      },
      {
        "Start": 0.006,
        "End": 0.007,
        "Percent": 99.84070046389841,
        "Count": 5
      },
      {
        "Start": 0.008,
        "End": 0.009000000000000001,
        "Percent": 99.84100317085537,
        "Count": 8
      },
      {
        "Start": 0.009000000000000001,
        "End": 0.01,
        "Percent": 99.841041009225,
        "Count": 1
      },
      {
        "Start": 0.016,
        "End": 0.018000000000000002,
        "Percent": 99.84107884759462,
        "Count": 1
      },
      {
        "Start": 0.03,
        "End": 0.035,
        "Percent": 99.84111668596424,
        "Count": 1
      },
      {
        "Start": 0.04,
        "End": 0.045,
        "Percent": 99.84172209987815,
        "Count": 16
      },
      {
        "Start": 0.045,
        "End": 0.05,
        "Percent": 99.84508971477437,
        "Count": 89
      },
      {
        "Start": 0.05,
        "End": 0.055282721,
        "Percent": 100,
        "Count": 4094
      }
    ],
    "Percentiles": [
      {
        "Percentile": 50,
        "Value": 0.0005136922555955563
      },
      {
        "Percentile": 75,
        "Value": 0.0007576310679982734
      },
      {
        "Percentile": 90,
        "Value": 0.0009039943554399036
      },
      {
        "Percentile": 99,
        "Value": 0.000991812327904882
      },
      {
        "Percentile": 99.9,
        "Value": 0.05187254007346858
      }
    ]
  },
  "Exactly": 0,
  "Jitter": true,
  "RetCodes": {
    "200": 2642820
  },
  "Sizes": {
    "Count": 2642820,
    "Min": 75,
    "Max": 75,
    "Sum": 198211500,
    "Avg": 75,
    "StdDev": 0,
    "Data": [
      {
        "Start": 75,
        "End": 75,
        "Percent": 100,
        "Count": 2642820
      }
    ],
    "Percentiles": null
  },
  "HeaderSizes": {
    "Count": 2642820,
    "Min": 75,
    "Max": 75,
    "Sum": 198211500,
    "Avg": 75,
    "StdDev": 0,
    "Data": [
      {
        "Start": 75,
        "End": 75,
        "Percent": 100,
        "Count": 2642820
      }
    ],
    "Percentiles": null
  },
  "URL": "http://fortio-server:8080/echo\\?size\\=128",
  "SocketCount": 7,
  "AbortOn": 0
}
