{
  "RunType": "HTTP",
  "Labels": "1pod-samenode-nosidecar-3core-conn2-resp32",
  "StartTime": "2021-03-28T06:22:08.606956687Z",
  "RequestedQPS": "max",
  "RequestedDuration": "1m0s",
  "ActualQPS": 34323.53085837524,
  "ActualDuration": 60000091730,
  "NumThreads": 2,
  "Version": "1.11.3",
  "DurationHistogram": {
    "Count": 2059415,
    "Min": 0.000024901,
    "Max": 0.001714186,
    "Sum": 119.57771092100177,
    "Avg": 0.00005806392151217786,
    "StdDev": 0.000018658278908018002,
    "Data": [
      {
        "Start": 0.000024901,
        "End": 0.001,
        "Percent": 99.99980577008519,
        "Count": 2059411
      },
      {
        "Start": 0.001,
        "End": 0.001714186,
        "Percent": 100,
        "Count": 4
      }
    ],
    "Percentiles": [
      {
        "Percentile": 50,
        "Value": 0.0005124512102269583
      },
      {
        "Percentile": 75,
        "Value": 0.0007562265520827567
      },
      {
        "Percentile": 90,
        "Value": 0.0009024917571962359
      },
      {
        "Percentile": 99,
        "Value": 0.0009902508802643233
      },
      {
        "Percentile": 99.9,
        "Value": 0.000999026792571132
      }
    ]
  },
  "Exactly": 0,
  "Jitter": true,
  "RetCodes": {
    "200": 2059415
  },
  "Sizes": {
    "Count": 2059415,
    "Min": 75,
    "Max": 75,
    "Sum": 154456125,
    "Avg": 75,
    "StdDev": 0,
    "Data": [
      {
        "Start": 75,
        "End": 75,
        "Percent": 100,
        "Count": 2059415
      }
    ],
    "Percentiles": null
  },
  "HeaderSizes": {
    "Count": 2059415,
    "Min": 75,
    "Max": 75,
    "Sum": 154456125,
    "Avg": 75,
    "StdDev": 0,
    "Data": [
      {
        "Start": 75,
        "End": 75,
        "Percent": 100,
        "Count": 2059415
      }
    ],
    "Percentiles": null
  },
  "URL": "http://fortio-server:8080/echo\\?size\\=32",
  "SocketCount": 2,
  "AbortOn": 0
}
