{
  "RunType": "HTTP",
  "Labels": "1pod-samenode-nosidecar-3core-conn3-resp512",
  "StartTime": "2021-03-28T06:38:20.107598703Z",
  "RequestedQPS": "max",
  "RequestedDuration": "1m0s",
  "ActualQPS": 49713.98757093621,
  "ActualDuration": 60000115576,
  "NumThreads": 3,
  "Version": "1.11.3",
  "DurationHistogram": {
    "Count": 2982845,
    "Min": 0.000025417,
    "Max": 0.001853639,
    "Sum": 179.31145557698983,
    "Avg": 0.000060114238445842756,
    "StdDev": 0.00002481329231751338,
    "Data": [
      {
        "Start": 0.000025417,
        "End": 0.001,
        "Percent": 99.99939654926756,
        "Count": 2982827
      },
      {
        "Start": 0.001,
        "End": 0.001853639,
        "Percent": 100,
        "Count": 18
      }
    ],
    "Percentiles": [
      {
        "Percentile": 50,
        "Value": 0.0005127112772171425
      },
      {
        "Percentile": 75,
        "Value": 0.0007563585791914279
      },
      {
        "Percentile": 90,
        "Value": 0.0009025469603759992
      },
      {
        "Percentile": 99,
        "Value": 0.0009902599890867418
      },
      {
        "Percentile": 99.9,
        "Value": 0.0009990312919578163
      }
    ]
  },
  "Exactly": 0,
  "Jitter": true,
  "RetCodes": {
    "200": 2982845
  },
  "Sizes": {
    "Count": 2982845,
    "Min": 75,
    "Max": 75,
    "Sum": 223713375,
    "Avg": 75,
    "StdDev": 0,
    "Data": [
      {
        "Start": 75,
        "End": 75,
        "Percent": 100,
        "Count": 2982845
      }
    ],
    "Percentiles": null
  },
  "HeaderSizes": {
    "Count": 2982845,
    "Min": 75,
    "Max": 75,
    "Sum": 223713375,
    "Avg": 75,
    "StdDev": 0,
    "Data": [
      {
        "Start": 75,
        "End": 75,
        "Percent": 100,
        "Count": 2982845
      }
    ],
    "Percentiles": null
  },
  "URL": "http://fortio-server:8080/echo\\?size\\=512",
  "SocketCount": 3,
  "AbortOn": 0
}
