{
  "RunType": "HTTP",
  "Labels": "1pod-samenode-nosidecar-3core-conn6-resp2048",
  "StartTime": "2021-03-28T06:56:32.594262734Z",
  "RequestedQPS": "max",
  "RequestedDuration": "1m0s",
  "ActualQPS": 46996.228116770544,
  "ActualDuration": 60001411028,
  "NumThreads": 6,
  "Version": "1.11.3",
  "DurationHistogram": {
    "Count": 2819840,
    "Min": 0.000025638,
    "Max": 0.047208165,
    "Sum": 359.1758082140043,
    "Avg": 0.00012737453480126683,
    "StdDev": 0.001553199859545517,
    "Data": [
      {
        "Start": 0.000025638,
        "End": 0.001,
        "Percent": 99.87162392192465,
        "Count": 2816220
      },
      {
        "Start": 0.001,
        "End": 0.002,
        "Percent": 99.87169484793463,
        "Count": 2
      },
      {
        "Start": 0.003,
        "End": 0.004,
        "Percent": 99.8718721629596,
        "Count": 5
      },
      {
        "Start": 0.004,
        "End": 0.005,
        "Percent": 99.8719076259646,
        "Count": 1
      },
      {
        "Start": 0.005,
        "End": 0.006,
        "Percent": 99.87197855197458,
        "Count": 2
      },
      {
        "Start": 0.006,
        "End": 0.007,
        "Percent": 99.87201401497957,
        "Count": 1
      },
      {
        "Start": 0.007,
        "End": 0.008,
        "Percent": 99.87222679300953,
        "Count": 6
      },
      {
        "Start": 0.008,
        "End": 0.009000000000000001,
        "Percent": 99.87229771901951,
        "Count": 2
      },
      {
        "Start": 0.01,
        "End": 0.011,
        "Percent": 99.8723331820245,
        "Count": 1
      },
      {
        "Start": 0.03,
        "End": 0.035,
        "Percent": 99.87275873808443,
        "Count": 12
      },
      {
        "Start": 0.035,
        "End": 0.04,
        "Percent": 99.87382262823422,
        "Count": 30
      },
      {
        "Start": 0.04,
        "End": 0.045,
        "Percent": 99.98421896277803,
        "Count": 3113
      },
      {
        "Start": 0.045,
        "End": 0.047208165,
        "Percent": 100,
        "Count": 445
      }
    ],
    "Percentiles": [
      {
        "Percentile": 50,
        "Value": 0.0005134450550188036
      },
      {
        "Percentile": 75,
        "Value": 0.0007573487555193683
      },
      {
        "Percentile": 90,
        "Value": 0.0009036909758197072
      },
      {
        "Percentile": 99,
        "Value": 0.0009914963079999104
      },
      {
        "Percentile": 99.9,
        "Value": 0.04118560873755258
      }
    ]
  },
  "Exactly": 0,
  "Jitter": true,
  "RetCodes": {
    "200": 2819840
  },
  "Sizes": {
    "Count": 2819840,
    "Min": 75,
    "Max": 75,
    "Sum": 211488000,
    "Avg": 75,
    "StdDev": 0,
    "Data": [
      {
        "Start": 75,
        "End": 75,
        "Percent": 100,
        "Count": 2819840
      }
    ],
    "Percentiles": null
  },
  "HeaderSizes": {
    "Count": 2819840,
    "Min": 75,
    "Max": 75,
    "Sum": 211488000,
    "Avg": 75,
    "StdDev": 0,
    "Data": [
      {
        "Start": 75,
        "End": 75,
        "Percent": 100,
        "Count": 2819840
      }
    ],
    "Percentiles": null
  },
  "URL": "http://fortio-server:8080/echo\\?size\\=2048",
  "SocketCount": 6,
  "AbortOn": 0
}
