{
  "RunType": "HTTP",
  "Labels": "1pod-samenode-nosidecar-3core-conn5-resp512",
  "StartTime": "2021-03-28T06:40:21.596168828Z",
  "RequestedQPS": "max",
  "RequestedDuration": "1m0s",
  "ActualQPS": 50196.44146084612,
  "ActualDuration": 60000149659,
  "NumThreads": 5,
  "Version": "1.11.3",
  "DurationHistogram": {
    "Count": 3011794,
    "Min": 0.000025529,
    "Max": 0.036344449,
    "Sum": 299.1501380139984,
    "Avg": 0.00009932622815969432,
    "StdDev": 0.0010164458815557667,
    "Data": [
      {
        "Start": 0.000025529,
        "End": 0.001,
        "Percent": 99.89886426495305,
        "Count": 3008748
      },
      {
        "Start": 0.001,
        "End": 0.002,
        "Percent": 99.89956152379612,
        "Count": 21
      },
      {
        "Start": 0.003,
        "End": 0.004,
        "Percent": 99.89966113220227,
        "Count": 3
      },
      {
        "Start": 0.004,
        "End": 0.005,
        "Percent": 99.89989355181663,
        "Count": 7
      },
      {
        "Start": 0.005,
        "End": 0.006,
        "Percent": 99.90002636302482,
        "Count": 4
      },
      {
        "Start": 0.006,
        "End": 0.007,
        "Percent": 99.90009276862892,
        "Count": 2
      },
      {
        "Start": 0.007,
        "End": 0.008,
        "Percent": 99.90019237703508,
        "Count": 3
      },
      {
        "Start": 0.008,
        "End": 0.009000000000000001,
        "Percent": 99.90025878263918,
        "Count": 2
      },
      {
        "Start": 0.009000000000000001,
        "End": 0.01,
        "Percent": 99.90029198544123,
        "Count": 1
      },
      {
        "Start": 0.01,
        "End": 0.011,
        "Percent": 99.90035839104533,
        "Count": 2
      },
      {
        "Start": 0.012,
        "End": 0.014,
        "Percent": 99.90039159384739,
        "Count": 1
      },
      {
        "Start": 0.014,
        "End": 0.016,
        "Percent": 99.90045799945149,
        "Count": 2
      },
      {
        "Start": 0.016,
        "End": 0.018000000000000002,
        "Percent": 99.90049120225353,
        "Count": 1
      },
      {
        "Start": 0.018000000000000002,
        "End": 0.02,
        "Percent": 99.90052440505559,
        "Count": 1
      },
      {
        "Start": 0.02,
        "End": 0.025,
        "Percent": 99.90095604148225,
        "Count": 13
      },
      {
        "Start": 0.025,
        "End": 0.03,
        "Percent": 99.904707958114,
        "Count": 113
      },
      {
        "Start": 0.03,
        "End": 0.035,
        "Percent": 99.99707815341952,
        "Count": 2782
      },
      {
        "Start": 0.035,
        "End": 0.036344449,
        "Percent": 100,
        "Count": 88
      }
    ],
    "Percentiles": [
      {
        "Percentile": 50,
        "Value": 0.0005132576062989012
      },
      {
        "Percentile": 75,
        "Value": 0.000757122071388023
      },
      {
        "Percentile": 90,
        "Value": 0.0009034407504414961
      },
      {
        "Percentile": 99,
        "Value": 0.00099123195787358
      },
      {
        "Percentile": 99.9,
        "Value": 0.005801500000074954
      }
    ]
  },
  "Exactly": 0,
  "Jitter": true,
  "RetCodes": {
    "200": 3011794
  },
  "Sizes": {
    "Count": 3011794,
    "Min": 75,
    "Max": 75,
    "Sum": 225884550,
    "Avg": 75,
    "StdDev": 7.957972046776255e-7,
    "Data": [
      {
        "Start": 75,
        "End": 75,
        "Percent": 100,
        "Count": 3011794
      }
    ],
    "Percentiles": null
  },
  "HeaderSizes": {
    "Count": 3011794,
    "Min": 75,
    "Max": 75,
    "Sum": 225884550,
    "Avg": 75,
    "StdDev": 7.957972046776255e-7,
    "Data": [
      {
        "Start": 75,
        "End": 75,
        "Percent": 100,
        "Count": 3011794
      }
    ],
    "Percentiles": null
  },
  "URL": "http://fortio-server:8080/echo\\?size\\=512",
  "SocketCount": 5,
  "AbortOn": 0
}
