{
  "RunType": "HTTP",
  "Labels": "1pod-samenode-nosidecar-3core-conn1-resp128",
  "StartTime": "2021-03-28T06:28:43.11825878Z",
  "RequestedQPS": "max",
  "RequestedDuration": "1m0s",
  "ActualQPS": 18280.855622287745,
  "ActualDuration": 60000036249,
  "NumThreads": 1,
  "Version": "1.11.3",
  "DurationHistogram": {
    "Count": 1096852,
    "Min": 0.000035773,
    "Max": 0.001932269,
    "Sum": 59.76916409299603,
    "Avg": 0.000054491548625517416,
    "StdDev": 0.000013181807834087123,
    "Data": [
      {
        "Start": 0.000035773,
        "End": 0.001,
        "Percent": 99.99963531998847,
        "Count": 1096848
      },
      {
        "Start": 0.001,
        "End": 0.001932269,
        "Percent": 100,
        "Count": 4
      }
    ],
    "Percentiles": [
      {
        "Percentile": 50,
        "Value": 0.0005178878186346865
      },
      {
        "Percentile": 75,
        "Value": 0.0007589456674969254
      },
      {
        "Percentile": 90,
        "Value": 0.0009035803768142686
      },
      {
        "Percentile": 99,
        "Value": 0.0009903612024046746
      },
      {
        "Percentile": 99.9,
        "Value": 0.0009990392849637151
      }
    ]
  },
  "Exactly": 0,
  "Jitter": true,
  "RetCodes": {
    "200": 1096852
  },
  "Sizes": {
    "Count": 1096852,
    "Min": 75,
    "Max": 75,
    "Sum": 82263900,
    "Avg": 75,
    "StdDev": 0,
    "Data": [
      {
        "Start": 75,
        "End": 75,
        "Percent": 100,
        "Count": 1096852
      }
    ],
    "Percentiles": null
  },
  "HeaderSizes": {
    "Count": 1096852,
    "Min": 75,
    "Max": 75,
    "Sum": 82263900,
    "Avg": 75,
    "StdDev": 0,
    "Data": [
      {
        "Start": 75,
        "End": 75,
        "Percent": 100,
        "Count": 1096852
      }
    ],
    "Percentiles": null
  },
  "URL": "http://fortio-server:8080/echo\\?size\\=128",
  "SocketCount": 1,
  "AbortOn": 0
}
