{
  "RunType": "HTTP",
  "Labels": "1pod-samenode-nosidecar-3core-conn4-resp512",
  "StartTime": "2021-03-28T06:39:20.788074627Z",
  "RequestedQPS": "max",
  "RequestedDuration": "1m0s",
  "ActualQPS": 51870.176896501216,
  "ActualDuration": 60002089567,
  "NumThreads": 4,
  "Version": "1.11.3",
  "DurationHistogram": {
    "Count": 3112319,
    "Min": 0.000025264,
    "Max": 0.020002485,
    "Sum": 239.14847000899672,
    "Avg": 0.00007683931820902573,
    "StdDev": 0.000434399075023476,
    "Data": [
      {
        "Start": 0.000025264,
        "End": 0.001,
        "Percent": 99.92121630205644,
        "Count": 3109867
      },
      {
        "Start": 0.001,
        "End": 0.002,
        "Percent": 99.92169825779426,
        "Count": 15
      },
      {
        "Start": 0.002,
        "End": 0.003,
        "Percent": 99.92185890970688,
        "Count": 5
      },
      {
        "Start": 0.003,
        "End": 0.004,
        "Percent": 99.92198743123697,
        "Count": 4
      },
      {
        "Start": 0.004,
        "End": 0.005,
        "Percent": 99.92224447429714,
        "Count": 8
      },
      {
        "Start": 0.005,
        "End": 0.006,
        "Percent": 99.9226300388874,
        "Count": 12
      },
      {
        "Start": 0.006,
        "End": 0.007,
        "Percent": 99.92301560347767,
        "Count": 12
      },
      {
        "Start": 0.007,
        "End": 0.008,
        "Percent": 99.92349755921549,
        "Count": 15
      },
      {
        "Start": 0.008,
        "End": 0.009000000000000001,
        "Percent": 99.92391525418827,
        "Count": 13
      },
      {
        "Start": 0.009000000000000001,
        "End": 0.01,
        "Percent": 99.92404377571836,
        "Count": 4
      },
      {
        "Start": 0.01,
        "End": 0.011,
        "Percent": 99.9248470352814,
        "Count": 25
      },
      {
        "Start": 0.011,
        "End": 0.012,
        "Percent": 99.92548964293185,
        "Count": 20
      },
      {
        "Start": 0.012,
        "End": 0.014,
        "Percent": 99.93230128402648,
        "Count": 212
      },
      {
        "Start": 0.014,
        "End": 0.016,
        "Percent": 99.96835157321598,
        "Count": 1122
      },
      {
        "Start": 0.016,
        "End": 0.018000000000000002,
        "Percent": 99.99579091988964,
        "Count": 854
      },
      {
        "Start": 0.018000000000000002,
        "End": 0.02,
        "Percent": 99.99996786961748,
        "Count": 130
      },
      {
        "Start": 0.02,
        "End": 0.020002485,
        "Percent": 100,
        "Count": 1
      }
    ],
    "Percentiles": [
      {
        "Percentile": 50,
        "Value": 0.0005130161126813825
      },
      {
        "Percentile": 75,
        "Value": 0.0007568923257387939
      },
      {
        "Percentile": 90,
        "Value": 0.0009032180535732408
      },
      {
        "Percentile": 99,
        "Value": 0.0009910134902739092
      },
      {
        "Percentile": 99.9,
        "Value": 0.0009997930339439758
      }
    ]
  },
  "Exactly": 0,
  "Jitter": true,
  "RetCodes": {
    "200": 3112319
  },
  "Sizes": {
    "Count": 3112319,
    "Min": 75,
    "Max": 75,
    "Sum": 233423925,
    "Avg": 75,
    "StdDev": 0,
    "Data": [
      {
        "Start": 75,
        "End": 75,
        "Percent": 100,
        "Count": 3112319
      }
    ],
    "Percentiles": null
  },
  "HeaderSizes": {
    "Count": 3112319,
    "Min": 75,
    "Max": 75,
    "Sum": 233423925,
    "Avg": 75,
    "StdDev": 0,
    "Data": [
      {
        "Start": 75,
        "End": 75,
        "Percent": 100,
        "Count": 3112319
      }
    ],
    "Percentiles": null
  },
  "URL": "http://fortio-server:8080/echo\\?size\\=512",
  "SocketCount": 4,
  "AbortOn": 0
}
