{
  "RunType": "HTTP",
  "Labels": "1pod-samenode-nosidecar-3core-conn2-resp128",
  "StartTime": "2021-03-28T06:29:43.882840638Z",
  "RequestedQPS": "max",
  "RequestedDuration": "1m0s",
  "ActualQPS": 34292.433801941195,
  "ActualDuration": 60000057502,
  "NumThreads": 2,
  "Version": "1.11.3",
  "DurationHistogram": {
    "Count": 2057548,
    "Min": 0.00002496,
    "Max": 0.001025047,
    "Sum": 119.56566144299939,
    "Avg": 0.0000581107519450333,
    "StdDev": 0.000019780084746592895,
    "Data": [
      {
        "Start": 0.00002496,
        "End": 0.001,
        "Percent": 99.9999513984607,
        "Count": 2057547
      },
      {
        "Start": 0.001,
        "End": 0.001025047,
        "Percent": 100,
        "Count": 1
      }
    ],
    "Percentiles": [
      {
        "Percentile": 50,
        "Value": 0.00051248
      },
      {
        "Percentile": 75,
        "Value": 0.0007562402369424547
      },
      {
        "Percentile": 90,
        "Value": 0.0009024963791079276
      },
      {
        "Percentile": 99,
        "Value": 0.0009902500644072114
      },
      {
        "Percentile": 99.9,
        "Value": 0.0009990254329371397
      }
    ]
  },
  "Exactly": 0,
  "Jitter": true,
  "RetCodes": {
    "200": 2057548
  },
  "Sizes": {
    "Count": 2057548,
    "Min": 75,
    "Max": 75,
    "Sum": 154316100,
    "Avg": 75,
    "StdDev": 0,
    "Data": [
      {
        "Start": 75,
        "End": 75,
        "Percent": 100,
        "Count": 2057548
      }
    ],
    "Percentiles": null
  },
  "HeaderSizes": {
    "Count": 2057548,
    "Min": 75,
    "Max": 75,
    "Sum": 154316100,
    "Avg": 75,
    "StdDev": 0,
    "Data": [
      {
        "Start": 75,
        "End": 75,
        "Percent": 100,
        "Count": 2057548
      }
    ],
    "Percentiles": null
  },
  "URL": "http://fortio-server:8080/echo\\?size\\=128",
  "SocketCount": 2,
  "AbortOn": 0
}
