{
  "RunType": "HTTP",
  "Labels": "1pod-samenode-nosidecar-3core-conn6-resp128",
  "StartTime": "2021-03-28T06:33:47.012701798Z",
  "RequestedQPS": "max",
  "RequestedDuration": "1m0s",
  "ActualQPS": 46981.531399025305,
  "ActualDuration": 60001215713,
  "NumThreads": 6,
  "Version": "1.11.3",
  "DurationHistogram": {
    "Count": 2818949,
    "Min": 0.000025836,
    "Max": 0.047355591,
    "Sum": 359.1713079010023,
    "Avg": 0.0001274131982880862,
    "StdDev": 0.0015543189336832026,
    "Data": [
      {
        "Start": 0.000025836,
        "End": 0.001,
        "Percent": 99.8713705001403,
        "Count": 2815323
      },
      {
        "Start": 0.001,
        "End": 0.002,
        "Percent": 99.87172524228001,
        "Count": 10
      },
      {
        "Start": 0.002,
        "End": 0.003,
        "Percent": 99.87176071649398,
        "Count": 1
      },
      {
        "Start": 0.003,
        "End": 0.004,
        "Percent": 99.8718671391359,
        "Count": 3
      },
      {
        "Start": 0.004,
        "End": 0.005,
        "Percent": 99.87193808756383,
        "Count": 2
      },
      {
        "Start": 0.007,
        "End": 0.008,
        "Percent": 99.87204451020575,
        "Count": 3
      },
      {
        "Start": 0.008,
        "End": 0.009000000000000001,
        "Percent": 99.8722218812756,
        "Count": 5
      },
      {
        "Start": 0.009000000000000001,
        "End": 0.01,
        "Percent": 99.87225735548958,
        "Count": 1
      },
      {
        "Start": 0.014,
        "End": 0.016,
        "Percent": 99.87229282970355,
        "Count": 1
      },
      {
        "Start": 0.02,
        "End": 0.025,
        "Percent": 99.87250567498738,
        "Count": 6
      },
      {
        "Start": 0.025,
        "End": 0.03,
        "Percent": 99.87254114920135,
        "Count": 1
      },
      {
        "Start": 0.03,
        "End": 0.035,
        "Percent": 99.87286041712709,
        "Count": 9
      },
      {
        "Start": 0.035,
        "End": 0.04,
        "Percent": 99.87349895297858,
        "Count": 18
      },
      {
        "Start": 0.04,
        "End": 0.045,
        "Percent": 99.98542009805782,
        "Count": 3155
      },
      {
        "Start": 0.045,
        "End": 0.047355591,
        "Percent": 100,
        "Count": 411
      }
    ],
    "Percentiles": [
      {
        "Percentile": 50,
        "Value": 0.0005135451652940586
      },
      {
        "Percentile": 75,
        "Value": 0.0007573999209522037
      },
      {
        "Percentile": 90,
        "Value": 0.0009037127743470907
      },
      {
        "Percentile": 99,
        "Value": 0.0009915004863840229
      },
      {
        "Percentile": 99.9,
        "Value": 0.04118391600633931
      }
    ]
  },
  "Exactly": 0,
  "Jitter": true,
  "RetCodes": {
    "200": 2818949
  },
  "Sizes": {
    "Count": 2818949,
    "Min": 75,
    "Max": 75,
    "Sum": 211421175,
    "Avg": 75,
    "StdDev": 0,
    "Data": [
      {
        "Start": 75,
        "End": 75,
        "Percent": 100,
        "Count": 2818949
      }
    ],
    "Percentiles": null
  },
  "HeaderSizes": {
    "Count": 2818949,
    "Min": 75,
    "Max": 75,
    "Sum": 211421175,
    "Avg": 75,
    "StdDev": 0,
    "Data": [
      {
        "Start": 75,
        "End": 75,
        "Percent": 100,
        "Count": 2818949
      }
    ],
    "Percentiles": null
  },
  "URL": "http://fortio-server:8080/echo\\?size\\=128",
  "SocketCount": 6,
  "AbortOn": 0
}
