{
  "RunType": "HTTP",
  "Labels": "1pod-samenode-nosidecar-3core-conn5-resp1024",
  "StartTime": "2021-03-28T06:47:56.840138238Z",
  "RequestedQPS": "max",
  "RequestedDuration": "1m0s",
  "ActualQPS": 50278.14270992136,
  "ActualDuration": 60000247372,
  "NumThreads": 5,
  "Version": "1.11.3",
  "DurationHistogram": {
    "Count": 3016701,
    "Min": 0.000025647,
    "Max": 0.035941118,
    "Sum": 299.1517134519962,
    "Avg": 0.00009916518523115026,
    "StdDev": 0.0010125056215898355,
    "Data": [
      {
        "Start": 0.000025647,
        "End": 0.001,
        "Percent": 99.89942655901264,
        "Count": 3013667
      },
      {
        "Start": 0.001,
        "End": 0.002,
        "Percent": 99.89979119574662,
        "Count": 11
      },
      {
        "Start": 0.002,
        "End": 0.003,
        "Percent": 99.89985749333461,
        "Count": 2
      },
      {
        "Start": 0.003,
        "End": 0.004,
        "Percent": 99.8999237909226,
        "Count": 2
      },
      {
        "Start": 0.004,
        "End": 0.005,
        "Percent": 99.90018898127458,
        "Count": 8
      },
      {
        "Start": 0.005,
        "End": 0.006,
        "Percent": 99.90022213006857,
        "Count": 1
      },
      {
        "Start": 0.006,
        "End": 0.007,
        "Percent": 99.90042102283256,
        "Count": 6
      },
      {
        "Start": 0.007,
        "End": 0.008,
        "Percent": 99.90045417162655,
        "Count": 1
      },
      {
        "Start": 0.008,
        "End": 0.009000000000000001,
        "Percent": 99.90055361800854,
        "Count": 3
      },
      {
        "Start": 0.009000000000000001,
        "End": 0.01,
        "Percent": 99.90058676680255,
        "Count": 1
      },
      {
        "Start": 0.01,
        "End": 0.011,
        "Percent": 99.90061991559654,
        "Count": 1
      },
      {
        "Start": 0.012,
        "End": 0.014,
        "Percent": 99.90065306439054,
        "Count": 1
      },
      {
        "Start": 0.014,
        "End": 0.016,
        "Percent": 99.90071936197853,
        "Count": 2
      },
      {
        "Start": 0.016,
        "End": 0.018000000000000002,
        "Percent": 99.90075251077253,
        "Count": 1
      },
      {
        "Start": 0.018000000000000002,
        "End": 0.02,
        "Percent": 99.90091825474252,
        "Count": 5
      },
      {
        "Start": 0.02,
        "End": 0.025,
        "Percent": 99.90144863544647,
        "Count": 16
      },
      {
        "Start": 0.025,
        "End": 0.03,
        "Percent": 99.90496240761017,
        "Count": 106
      },
      {
        "Start": 0.03,
        "End": 0.035,
        "Percent": 99.99850830427013,
        "Count": 2822
      },
      {
        "Start": 0.035,
        "End": 0.035941118,
        "Percent": 100,
        "Count": 45
      }
    ],
    "Percentiles": [
      {
        "Percentile": 50,
        "Value": 0.0005133138019526716
      },
      {
        "Percentile": 75,
        "Value": 0.0007571473645847782
      },
      {
        "Percentile": 90,
        "Value": 0.0009034475021640422
      },
      {
        "Percentile": 99,
        "Value": 0.0009912275847116004
      },
      {
        "Percentile": 99.9,
        "Value": 0.004287375000019673
      }
    ]
  },
  "Exactly": 0,
  "Jitter": true,
  "RetCodes": {
    "200": 3016701
  },
  "Sizes": {
    "Count": 3016701,
    "Min": 75,
    "Max": 75,
    "Sum": 226252575,
    "Avg": 75,
    "StdDev": 0,
    "Data": [
      {
        "Start": 75,
        "End": 75,
        "Percent": 100,
        "Count": 3016701
      }
    ],
    "Percentiles": null
  },
  "HeaderSizes": {
    "Count": 3016701,
    "Min": 75,
    "Max": 75,
    "Sum": 226252575,
    "Avg": 75,
    "StdDev": 0,
    "Data": [
      {
        "Start": 75,
        "End": 75,
        "Percent": 100,
        "Count": 3016701
      }
    ],
    "Percentiles": null
  },
  "URL": "http://fortio-server:8080/echo\\?size\\=1024",
  "SocketCount": 5,
  "AbortOn": 0
}
