{
  "RunType": "HTTP",
  "Labels": "1pod-samenode-nosidecar-3core-conn1-resp2048",
  "StartTime": "2021-03-28T06:51:28.922244911Z",
  "RequestedQPS": "max",
  "RequestedDuration": "1m0s",
  "ActualQPS": 18289.684447062,
  "ActualDuration": 60000051022,
  "NumThreads": 1,
  "Version": "1.11.3",
  "DurationHistogram": {
    "Count": 1097382,
    "Min": 0.000034634,
    "Max": 0.001359784,
    "Sum": 59.76524907100061,
    "Avg": 0.000054461663368818345,
    "StdDev": 0.000013118384104378455,
    "Data": [
      {
        "Start": 0.000034634,
        "End": 0.001,
        "Percent": 99.99972662208785,
        "Count": 1097379
      },
      {
        "Start": 0.001,
        "End": 0.001359784,
        "Percent": 100,
        "Count": 3
      }
    ],
    "Percentiles": [
      {
        "Percentile": 50,
        "Value": 0.000517317879702345
      },
      {
        "Percentile": 75,
        "Value": 0.0007586602594046901
      },
      {
        "Percentile": 90,
        "Value": 0.0009034656872260971
      },
      {
        "Percentile": 99,
        "Value": 0.0009903489439189413
      },
      {
        "Percentile": 99.9,
        "Value": 0.0009990372695882258
      }
    ]
  },
  "Exactly": 0,
  "Jitter": true,
  "RetCodes": {
    "200": 1097382
  },
  "Sizes": {
    "Count": 1097382,
    "Min": 75,
    "Max": 75,
    "Sum": 82303650,
    "Avg": 75,
    "StdDev": 0,
    "Data": [
      {
        "Start": 75,
        "End": 75,
        "Percent": 100,
        "Count": 1097382
      }
    ],
    "Percentiles": null
  },
  "HeaderSizes": {
    "Count": 1097382,
    "Min": 75,
    "Max": 75,
    "Sum": 82303650,
    "Avg": 75,
    "StdDev": 0,
    "Data": [
      {
        "Start": 75,
        "End": 75,
        "Percent": 100,
        "Count": 1097382
      }
    ],
    "Percentiles": null
  },
  "URL": "http://fortio-server:8080/echo\\?size\\=2048",
  "SocketCount": 1,
  "AbortOn": 0
}
