{
  "RunType": "HTTP",
  "Labels": "1pod-samenode-nosidecar-3core-conn1-resp32",
  "StartTime": "2021-03-28T06:21:07.970671483Z",
  "RequestedQPS": "max",
  "RequestedDuration": "1m0s",
  "ActualQPS": 18457.048646127223,
  "ActualDuration": 60000058581,
  "NumThreads": 1,
  "Version": "1.11.3",
  "DurationHistogram": {
    "Count": 1107424,
    "Min": 0.000035706,
    "Max": 0.001812835,
    "Sum": 59.768016408000996,
    "Avg": 0.00005397030984338519,
    "StdDev": 0.000011704032151667706,
    "Data": [
      {
        "Start": 0.000035706,
        "End": 0.001,
        "Percent": 99.99954850174821,
        "Count": 1107419
      },
      {
        "Start": 0.001,
        "End": 0.001812835,
        "Percent": 100,
        "Count": 5
      }
    ],
    "Percentiles": [
      {
        "Percentile": 50,
        "Value": 0.0005178547415176563
      },
      {
        "Percentile": 75,
        "Value": 0.0007589295476558987
      },
      {
        "Percentile": 90,
        "Value": 0.0009035744313388441
      },
      {
        "Percentile": 99,
        "Value": 0.0009903613615486113
      },
      {
        "Percentile": 99.9,
        "Value": 0.0009990400545695879
      }
    ]
  },
  "Exactly": 0,
  "Jitter": true,
  "RetCodes": {
    "200": 1107424
  },
  "Sizes": {
    "Count": 1107424,
    "Min": 75,
    "Max": 75,
    "Sum": 83056800,
    "Avg": 75,
    "StdDev": 0,
    "Data": [
      {
        "Start": 75,
        "End": 75,
        "Percent": 100,
        "Count": 1107424
      }
    ],
    "Percentiles": null
  },
  "HeaderSizes": {
    "Count": 1107424,
    "Min": 75,
    "Max": 75,
    "Sum": 83056800,
    "Avg": 75,
    "StdDev": 0,
    "Data": [
      {
        "Start": 75,
        "End": 75,
        "Percent": 100,
        "Count": 1107424
      }
    ],
    "Percentiles": null
  },
  "URL": "http://fortio-server:8080/echo\\?size\\=32",
  "SocketCount": 1,
  "AbortOn": 0
}
