{
  "RunType": "HTTP",
  "Labels": "1pod-samenode-nosidecar-3core-conn6-resp1024",
  "StartTime": "2021-03-28T06:48:57.454152908Z",
  "RequestedQPS": "max",
  "RequestedDuration": "1m0s",
  "ActualQPS": 46958.76135233477,
  "ActualDuration": 60036038405,
  "NumThreads": 6,
  "Version": "1.11.3",
  "DurationHistogram": {
    "Count": 2819218,
    "Min": 0.000025657,
    "Max": 0.047008651,
    "Sum": 359.39265717000194,
    "Avg": 0.0001274795553837986,
    "StdDev": 0.0015521775299819338,
    "Data": [
      {
        "Start": 0.000025657,
        "End": 0.001,
        "Percent": 99.87046053196312,
        "Count": 2815566
      },
      {
        "Start": 0.001,
        "End": 0.002,
        "Percent": 99.87099259440029,
        "Count": 15
      },
      {
        "Start": 0.002,
        "End": 0.003,
        "Percent": 99.87120541937516,
        "Count": 6
      },
      {
        "Start": 0.003,
        "End": 0.004,
        "Percent": 99.87134730269175,
        "Count": 4
      },
      {
        "Start": 0.004,
        "End": 0.005,
        "Percent": 99.87159559849576,
        "Count": 7
      },
      {
        "Start": 0.005,
        "End": 0.006,
        "Percent": 99.87180842347063,
        "Count": 6
      },
      {
        "Start": 0.006,
        "End": 0.007,
        "Percent": 99.87191483595805,
        "Count": 3
      },
      {
        "Start": 0.008,
        "End": 0.009000000000000001,
        "Percent": 99.87202124844549,
        "Count": 3
      },
      {
        "Start": 0.009000000000000001,
        "End": 0.01,
        "Percent": 99.87209219010379,
        "Count": 2
      },
      {
        "Start": 0.01,
        "End": 0.011,
        "Percent": 99.87223407342036,
        "Count": 4
      },
      {
        "Start": 0.011,
        "End": 0.012,
        "Percent": 99.8722695442495,
        "Count": 1
      },
      {
        "Start": 0.012,
        "End": 0.014,
        "Percent": 99.87230501507865,
        "Count": 1
      },
      {
        "Start": 0.016,
        "End": 0.018000000000000002,
        "Percent": 99.8723404859078,
        "Count": 1
      },
      {
        "Start": 0.03,
        "End": 0.035,
        "Percent": 99.87294349000325,
        "Count": 17
      },
      {
        "Start": 0.035,
        "End": 0.04,
        "Percent": 99.8739366732193,
        "Count": 28
      },
      {
        "Start": 0.04,
        "End": 0.045,
        "Percent": 99.987017676533,
        "Count": 3188
      },
      {
        "Start": 0.045,
        "End": 0.047008651,
        "Percent": 100,
        "Count": 366
      }
    ],
    "Percentiles": [
      {
        "Percentile": 50,
        "Value": 0.0005134602251231991
      },
      {
        "Percentile": 75,
        "Value": 0.0007573620107127699
      },
      {
        "Percentile": 90,
        "Value": 0.0009037030820665124
      },
      {
        "Percentile": 99,
        "Value": 0.000991507724878758
      },
      {
        "Percentile": 99.9,
        "Value": 0.04115241844416605
      }
    ]
  },
  "Exactly": 0,
  "Jitter": true,
  "RetCodes": {
    "200": 2819218
  },
  "Sizes": {
    "Count": 2819218,
    "Min": 75,
    "Max": 75,
    "Sum": 211441350,
    "Avg": 75,
    "StdDev": 8.225280388782952e-7,
    "Data": [
      {
        "Start": 75,
        "End": 75,
        "Percent": 100,
        "Count": 2819218
      }
    ],
    "Percentiles": null
  },
  "HeaderSizes": {
    "Count": 2819218,
    "Min": 75,
    "Max": 75,
    "Sum": 211441350,
    "Avg": 75,
    "StdDev": 8.225280388782952e-7,
    "Data": [
      {
        "Start": 75,
        "End": 75,
        "Percent": 100,
        "Count": 2819218
      }
    ],
    "Percentiles": null
  },
  "URL": "http://fortio-server:8080/echo\\?size\\=1024",
  "SocketCount": 6,
  "AbortOn": 0
}
