{
  "RunType": "HTTP",
  "Labels": "1pod-samenode-nosidecar-3core-conn2-resp512",
  "StartTime": "2021-03-28T06:37:19.483051918Z",
  "RequestedQPS": "max",
  "RequestedDuration": "1m0s",
  "ActualQPS": 34211.91626648036,
  "ActualDuration": 60000059161,
  "NumThreads": 2,
  "Version": "1.11.3",
  "DurationHistogram": {
    "Count": 2052717,
    "Min": 0.000024976,
    "Max": 0.001373646,
    "Sum": 119.5733137310008,
    "Avg": 0.000058251241516000885,
    "StdDev": 0.000019824309731435092,
    "Data": [
      {
        "Start": 0.000024976,
        "End": 0.001,
        "Percent": 99.99980513631445,
        "Count": 2052713
      },
      {
        "Start": 0.001,
        "End": 0.001373646,
        "Percent": 100,
        "Count": 4
      }
    ],
    "Percentiles": [
      {
        "Percentile": 50,
        "Value": 0.0005124887124896235
      },
      {
        "Percentile": 75,
        "Value": 0.0007562453062309765
      },
      {
        "Percentile": 90,
        "Value": 0.0009024992624757882
      },
      {
        "Percentile": 99,
        "Value": 0.0009902516362226752
      },
      {
        "Percentile": 99.9,
        "Value": 0.000999026873597364
      }
    ]
  },
  "Exactly": 0,
  "Jitter": true,
  "RetCodes": {
    "200": 2052717
  },
  "Sizes": {
    "Count": 2052717,
    "Min": 75,
    "Max": 75,
    "Sum": 153953775,
    "Avg": 75,
    "StdDev": 0,
    "Data": [
      {
        "Start": 75,
        "End": 75,
        "Percent": 100,
        "Count": 2052717
      }
    ],
    "Percentiles": null
  },
  "HeaderSizes": {
    "Count": 2052717,
    "Min": 75,
    "Max": 75,
    "Sum": 153953775,
    "Avg": 75,
    "StdDev": 0,
    "Data": [
      {
        "Start": 75,
        "End": 75,
        "Percent": 100,
        "Count": 2052717
      }
    ],
    "Percentiles": null
  },
  "URL": "http://fortio-server:8080/echo\\?size\\=512",
  "SocketCount": 2,
  "AbortOn": 0
}
