{
  "RunType": "HTTP",
  "Labels": "1pod-samenode-nosidecar-1core-conn6-resp2048",
  "StartTime": "2021-03-28T05:42:53.369486935Z",
  "RequestedQPS": "max",
  "RequestedDuration": "1m0s",
  "ActualQPS": 14693.430371595698,
  "ActualDuration": 60053097043,
  "NumThreads": 6,
  "Version": "1.11.3",
  "DurationHistogram": {
    "Count": 882386,
    "Min": 0.000027225,
    "Max": 0.08456028,
    "Sum": 360.0555752830024,
    "Avg": 0.00040804769713368344,
    "StdDev": 0.00518993476916508,
    "Data": [
      {
        "Start": 0.000027225,
        "End": 0.001,
        "Percent": 99.58974870408188,
        "Count": 878766
      },
      {
        "Start": 0.001,
        "End": 0.002,
        "Percent": 99.58986203316915,
        "Count": 1
      },
      {
        "Start": 0.003,
        "End": 0.004,
        "Percent": 99.5904286786055,
        "Count": 5
      },
      {
        "Start": 0.004,
        "End": 0.005,
        "Percent": 99.59054200769278,
        "Count": 1
      },
      {
        "Start": 0.005,
        "End": 0.006,
        "Percent": 99.59076866586732,
        "Count": 2
      },
      {
        "Start": 0.008,
        "End": 0.009000000000000001,
        "Percent": 99.59110865312913,
        "Count": 3
      },
      {
        "Start": 0.009000000000000001,
        "End": 0.01,
        "Percent": 99.5912219822164,
        "Count": 1
      },
      {
        "Start": 0.014,
        "End": 0.016,
        "Percent": 99.59133531130367,
        "Count": 1
      },
      {
        "Start": 0.03,
        "End": 0.035,
        "Percent": 99.59201528582729,
        "Count": 6
      },
      {
        "Start": 0.06,
        "End": 0.07,
        "Percent": 99.59258193126364,
        "Count": 5
      },
      {
        "Start": 0.07,
        "End": 0.08,
        "Percent": 99.60697472534696,
        "Count": 127
      },
      {
        "Start": 0.08,
        "End": 0.08456028,
        "Percent": 100,
        "Count": 3468
      }
    ],
    "Percentiles": [
      {
        "Percentile": 50,
        "Value": 0.0005156155797340586
      },
      {
        "Percentile": 75,
        "Value": 0.0007598114230909288
      },
      {
        "Percentile": 90,
        "Value": 0.0009063289291050508
      },
      {
        "Percentile": 99,
        "Value": 0.0009942394327135241
      },
      {
        "Percentile": 99.9,
        "Value": 0.08339997803111886
      }
    ]
  },
  "Exactly": 0,
  "Jitter": true,
  "RetCodes": {
    "200": 882386
  },
  "Sizes": {
    "Count": 882386,
    "Min": 75,
    "Max": 75,
    "Sum": 66178950,
    "Avg": 75,
    "StdDev": 0,
    "Data": [
      {
        "Start": 75,
        "End": 75,
        "Percent": 100,
        "Count": 882386
      }
    ],
    "Percentiles": null
  },
  "HeaderSizes": {
    "Count": 882386,
    "Min": 75,
    "Max": 75,
    "Sum": 66178950,
    "Avg": 75,
    "StdDev": 0,
    "Data": [
      {
        "Start": 75,
        "End": 75,
        "Percent": 100,
        "Count": 882386
      }
    ],
    "Percentiles": null
  },
  "URL": "http://fortio-server:8080/echo\\?size\\=2048",
  "SocketCount": 6,
  "AbortOn": 0
}
