{
  "RunType": "HTTP",
  "Labels": "1pod-samenode-nosidecar-1core-conn4-resp2048",
  "StartTime": "2021-03-28T05:40:51.924918317Z",
  "RequestedQPS": "max",
  "RequestedDuration": "1m0s",
  "ActualQPS": 15783.548091301036,
  "ActualDuration": 60000133970,
  "NumThreads": 4,
  "Version": "1.11.3",
  "DurationHistogram": {
    "Count": 947015,
    "Min": 0.000026422,
    "Max": 0.075831158,
    "Sum": 239.74923229000058,
    "Avg": 0.00025316307797659023,
    "StdDev": 0.0036485440177303806,
    "Data": [
      {
        "Start": 0.000026422,
        "End": 0.001,
        "Percent": 99.74319308564279,
        "Count": 944583
      },
      {
        "Start": 0.001,
        "End": 0.002,
        "Percent": 99.74414344017782,
        "Count": 9
      },
      {
        "Start": 0.002,
        "End": 0.003,
        "Percent": 99.74446022502283,
        "Count": 3
      },
      {
        "Start": 0.003,
        "End": 0.004,
        "Percent": 99.74477700986785,
        "Count": 3
      },
      {
        "Start": 0.004,
        "End": 0.005,
        "Percent": 99.74509379471286,
        "Count": 3
      },
      {
        "Start": 0.005,
        "End": 0.006,
        "Percent": 99.74551617450621,
        "Count": 4
      },
      {
        "Start": 0.006,
        "End": 0.007,
        "Percent": 99.74572736440288,
        "Count": 2
      },
      {
        "Start": 0.007,
        "End": 0.008,
        "Percent": 99.74646652904126,
        "Count": 7
      },
      {
        "Start": 0.014,
        "End": 0.016,
        "Percent": 99.7465721239896,
        "Count": 1
      },
      {
        "Start": 0.05,
        "End": 0.06,
        "Percent": 99.74678331388627,
        "Count": 2
      },
      {
        "Start": 0.06,
        "End": 0.07,
        "Percent": 99.75100711181977,
        "Count": 40
      },
      {
        "Start": 0.07,
        "End": 0.075831158,
        "Percent": 100,
        "Count": 2358
      }
    ],
    "Percentiles": [
      {
        "Percentile": 50,
        "Value": 0.0005144638124175561
      },
      {
        "Percentile": 75,
        "Value": 0.0007584852339749223
      },
      {
        "Percentile": 90,
        "Value": 0.0009048980869093419
      },
      {
        "Percentile": 99,
        "Value": 0.0009927457986699936
      },
      {
        "Percentile": 99.9,
        "Value": 0.07348926058974989
      }
    ]
  },
  "Exactly": 0,
  "Jitter": true,
  "RetCodes": {
    "200": 947015
  },
  "Sizes": {
    "Count": 947015,
    "Min": 75,
    "Max": 75,
    "Sum": 71026125,
    "Avg": 75,
    "StdDev": 0,
    "Data": [
      {
        "Start": 75,
        "End": 75,
        "Percent": 100,
        "Count": 947015
      }
    ],
    "Percentiles": null
  },
  "HeaderSizes": {
    "Count": 947015,
    "Min": 75,
    "Max": 75,
    "Sum": 71026125,
    "Avg": 75,
    "StdDev": 0,
    "Data": [
      {
        "Start": 75,
        "End": 75,
        "Percent": 100,
        "Count": 947015
      }
    ],
    "Percentiles": null
  },
  "URL": "http://fortio-server:8080/echo\\?size\\=2048",
  "SocketCount": 4,
  "AbortOn": 0
}
