{
  "RunType": "HTTP",
  "Labels": "1pod-samenode-nosidecar-1core-conn2-resp512",
  "StartTime": "2021-03-28T05:23:38.827951429Z",
  "RequestedQPS": "max",
  "RequestedDuration": "1m0s",
  "ActualQPS": 13633.152526133646,
  "ActualDuration": 60000062233,
  "NumThreads": 2,
  "Version": "1.11.3",
  "DurationHistogram": {
    "Count": 817990,
    "Min": 0.000025707,
    "Max": 0.062277531,
    "Sum": 119.83322968099804,
    "Avg": 0.00014649718172715808,
    "StdDev": 0.0021660504519087635,
    "Data": [
      {
        "Start": 0.000025707,
        "End": 0.001,
        "Percent": 99.84131835352511,
        "Count": 816692
      },
      {
        "Start": 0.001,
        "End": 0.002,
        "Percent": 99.84241861147447,
        "Count": 9
      },
      {
        "Start": 0.002,
        "End": 0.003,
        "Percent": 99.8436411203071,
        "Count": 10
      },
      {
        "Start": 0.003,
        "End": 0.004,
        "Percent": 99.84449687648993,
        "Count": 7
      },
      {
        "Start": 0.004,
        "End": 0.005,
        "Percent": 99.8465751415054,
        "Count": 17
      },
      {
        "Start": 0.005,
        "End": 0.006,
        "Percent": 99.84743089768824,
        "Count": 7
      },
      {
        "Start": 0.006,
        "End": 0.007,
        "Percent": 99.84877565740412,
        "Count": 11
      },
      {
        "Start": 0.007,
        "End": 0.008,
        "Percent": 99.84963141358696,
        "Count": 7
      },
      {
        "Start": 0.008,
        "End": 0.009000000000000001,
        "Percent": 99.8504871697698,
        "Count": 7
      },
      {
        "Start": 0.009000000000000001,
        "End": 0.01,
        "Percent": 99.85158742771917,
        "Count": 9
      },
      {
        "Start": 0.01,
        "End": 0.011,
        "Percent": 99.85207643125221,
        "Count": 4
      },
      {
        "Start": 0.012,
        "End": 0.014,
        "Percent": 99.85219868213548,
        "Count": 1
      },
      {
        "Start": 0.014,
        "End": 0.016,
        "Percent": 99.8528099365518,
        "Count": 5
      },
      {
        "Start": 0.016,
        "End": 0.018000000000000002,
        "Percent": 99.85293218743506,
        "Count": 1
      },
      {
        "Start": 0.018000000000000002,
        "End": 0.02,
        "Percent": 99.85329894008484,
        "Count": 3
      },
      {
        "Start": 0.03,
        "End": 0.035,
        "Percent": 99.85354344185137,
        "Count": 2
      },
      {
        "Start": 0.035,
        "End": 0.04,
        "Percent": 99.85488820156726,
        "Count": 11
      },
      {
        "Start": 0.04,
        "End": 0.045,
        "Percent": 99.85611071039989,
        "Count": 10
      },
      {
        "Start": 0.045,
        "End": 0.05,
        "Percent": 99.86051174219733,
        "Count": 36
      },
      {
        "Start": 0.05,
        "End": 0.06,
        "Percent": 99.99388745583687,
        "Count": 1091
      },
      {
        "Start": 0.06,
        "End": 0.062277531,
        "Percent": 100,
        "Count": 50
      }
    ],
    "Percentiles": [
      {
        "Percentile": 50,
        "Value": 0.0005136271451246555
      },
      {
        "Percentile": 75,
        "Value": 0.0007575878141751287
      },
      {
        "Percentile": 90,
        "Value": 0.0009039642156054126
      },
      {
        "Percentile": 99,
        "Value": 0.0009917900564635827
      },
      {
        "Percentile": 99.9,
        "Value": 0.05296067827681096
      }
    ]
  },
  "Exactly": 0,
  "Jitter": true,
  "RetCodes": {
    "200": 817990
  },
  "Sizes": {
    "Count": 817990,
    "Min": 75,
    "Max": 75,
    "Sum": 61349250,
    "Avg": 75,
    "StdDev": 0,
    "Data": [
      {
        "Start": 75,
        "End": 75,
        "Percent": 100,
        "Count": 817990
      }
    ],
    "Percentiles": null
  },
  "HeaderSizes": {
    "Count": 817990,
    "Min": 75,
    "Max": 75,
    "Sum": 61349250,
    "Avg": 75,
    "StdDev": 0,
    "Data": [
      {
        "Start": 75,
        "End": 75,
        "Percent": 100,
        "Count": 817990
      }
    ],
    "Percentiles": null
  },
  "URL": "http://fortio-server:8080/echo\\?size\\=512",
  "SocketCount": 2,
  "AbortOn": 0
}
