{
  "RunType": "HTTP",
  "Labels": "1pod-samenode-nosidecar-1core-conn5-resp32",
  "StartTime": "2021-03-28T05:11:29.701801696Z",
  "RequestedQPS": "max",
  "RequestedDuration": "1m0s",
  "ActualQPS": 15953.668503108853,
  "ActualDuration": 60020803354,
  "NumThreads": 5,
  "Version": "1.11.3",
  "DurationHistogram": {
    "Count": 957552,
    "Min": 0.000026591,
    "Max": 0.080412804,
    "Sum": 299.8306894940037,
    "Avg": 0.0003131220962349864,
    "StdDev": 0.004315377854961848,
    "Data": [
      {
        "Start": 0.000026591,
        "End": 0.001,
        "Percent": 99.68429912944676,
        "Count": 954529
      },
      {
        "Start": 0.001,
        "End": 0.002,
        "Percent": 99.68482129430046,
        "Count": 5
      },
      {
        "Start": 0.004,
        "End": 0.005,
        "Percent": 99.6851345932127,
        "Count": 3
      },
      {
        "Start": 0.005,
        "End": 0.006,
        "Percent": 99.68576119103714,
        "Count": 6
      },
      {
        "Start": 0.007,
        "End": 0.008,
        "Percent": 99.68597005697863,
        "Count": 2
      },
      {
        "Start": 0.009000000000000001,
        "End": 0.01,
        "Percent": 99.6863877888616,
        "Count": 4
      },
      {
        "Start": 0.01,
        "End": 0.011,
        "Percent": 99.68649222183234,
        "Count": 1
      },
      {
        "Start": 0.011,
        "End": 0.012,
        "Percent": 99.68670108777383,
        "Count": 2
      },
      {
        "Start": 0.05,
        "End": 0.06,
        "Percent": 99.6869099537153,
        "Count": 2
      },
      {
        "Start": 0.06,
        "End": 0.07,
        "Percent": 99.68805871639347,
        "Count": 11
      },
      {
        "Start": 0.07,
        "End": 0.08,
        "Percent": 99.99968670108777,
        "Count": 2984
      },
      {
        "Start": 0.08,
        "End": 0.080412804,
        "Percent": 100,
        "Count": 3
      }
    ],
    "Percentiles": [
      {
        "Percentile": 50,
        "Value": 0.0005148363882704331
      },
      {
        "Percentile": 75,
        "Value": 0.0007589595922958782
      },
      {
        "Percentile": 90,
        "Value": 0.0009054335147111452
      },
      {
        "Percentile": 99,
        "Value": 0.0009933178681603054
      },
      {
        "Percentile": 99.9,
        "Value": 0.07680109919571076
      }
    ]
  },
  "Exactly": 0,
  "Jitter": true,
  "RetCodes": {
    "200": 957552
  },
  "Sizes": {
    "Count": 957552,
    "Min": 75,
    "Max": 75,
    "Sum": 71816400,
    "Avg": 75,
    "StdDev": 0,
    "Data": [
      {
        "Start": 75,
        "End": 75,
        "Percent": 100,
        "Count": 957552
      }
    ],
    "Percentiles": null
  },
  "HeaderSizes": {
    "Count": 957552,
    "Min": 75,
    "Max": 75,
    "Sum": 71816400,
    "Avg": 75,
    "StdDev": 0,
    "Data": [
      {
        "Start": 75,
        "End": 75,
        "Percent": 100,
        "Count": 957552
      }
    ],
    "Percentiles": null
  },
  "URL": "http://fortio-server:8080/echo\\?size\\=32",
  "SocketCount": 5,
  "AbortOn": 0
}
