{
  "RunType": "HTTP",
  "Labels": "1pod-samenode-nosidecar-1core-conn1-resp128",
  "StartTime": "2021-03-28T05:15:02.239515251Z",
  "RequestedQPS": "max",
  "RequestedDuration": "1m0s",
  "ActualQPS": 10509.39821864419,
  "ActualDuration": 60000105323,
  "NumThreads": 1,
  "Version": "1.11.3",
  "DurationHistogram": {
    "Count": 630565,
    "Min": 0.000036156,
    "Max": 0.048463644,
    "Sum": 59.867752434000906,
    "Avg": 0.0000949430311450856,
    "StdDev": 0.001252996567420009,
    "Data": [
      {
        "Start": 0.000036156,
        "End": 0.001,
        "Percent": 99.90468865224045,
        "Count": 629964
      },
      {
        "Start": 0.005,
        "End": 0.006,
        "Percent": 99.9048472401735,
        "Count": 1
      },
      {
        "Start": 0.02,
        "End": 0.025,
        "Percent": 99.90500582810654,
        "Count": 1
      },
      {
        "Start": 0.035,
        "End": 0.04,
        "Percent": 99.94639727863107,
        "Count": 261
      },
      {
        "Start": 0.04,
        "End": 0.045,
        "Percent": 99.99571812580781,
        "Count": 311
      },
      {
        "Start": 0.045,
        "End": 0.048463644,
        "Percent": 100,
        "Count": 27
      }
    ],
    "Percentiles": [
      {
        "Percentile": 50,
        "Value": 0.0005185370002904933
      },
      {
        "Percentile": 75,
        "Value": 0.000759728265436224
      },
      {
        "Percentile": 90,
        "Value": 0.0009044430245236625
      },
      {
        "Percentile": 99,
        "Value": 0.0009912718799761256
      },
      {
        "Percentile": 99.9,
        "Value": 0.000999954765521372
      }
    ]
  },
  "Exactly": 0,
  "Jitter": true,
  "RetCodes": {
    "200": 630565
  },
  "Sizes": {
    "Count": 630565,
    "Min": 75,
    "Max": 75,
    "Sum": 47292375,
    "Avg": 75,
    "StdDev": 0,
    "Data": [
      {
        "Start": 75,
        "End": 75,
        "Percent": 100,
        "Count": 630565
      }
    ],
    "Percentiles": null
  },
  "HeaderSizes": {
    "Count": 630565,
    "Min": 75,
    "Max": 75,
    "Sum": 47292375,
    "Avg": 75,
    "StdDev": 0,
    "Data": [
      {
        "Start": 75,
        "End": 75,
        "Percent": 100,
        "Count": 630565
      }
    ],
    "Percentiles": null
  },
  "URL": "http://fortio-server:8080/echo\\?size\\=128",
  "SocketCount": 1,
  "AbortOn": 0
}
