{
  "RunType": "HTTP",
  "Labels": "1pod-samenode-nosidecar-1core-conn5-resp1024",
  "StartTime": "2021-03-28T05:34:17.033653501Z",
  "RequestedQPS": "max",
  "RequestedDuration": "1m0s",
  "ActualQPS": 15522.918424572918,
  "ActualDuration": 60000122047,
  "NumThreads": 5,
  "Version": "1.11.3",
  "DurationHistogram": {
    "Count": 931377,
    "Min": 0.000026648,
    "Max": 0.080338092,
    "Sum": 299.7348701809982,
    "Avg": 0.0003218190595011453,
    "StdDev": 0.004392753069085258,
    "Data": [
      {
        "Start": 0.000026648,
        "End": 0.001,
        "Percent": 99.67521207846018,
        "Count": 928352
      },
      {
        "Start": 0.001,
        "End": 0.002,
        "Percent": 99.67542681427607,
        "Count": 2
      },
      {
        "Start": 0.002,
        "End": 0.003,
        "Percent": 99.67564155009197,
        "Count": 2
      },
      {
        "Start": 0.003,
        "End": 0.004,
        "Percent": 99.67574891799991,
        "Count": 1
      },
      {
        "Start": 0.004,
        "End": 0.005,
        "Percent": 99.67628575753965,
        "Count": 5
      },
      {
        "Start": 0.005,
        "End": 0.006,
        "Percent": 99.67639312544759,
        "Count": 1
      },
      {
        "Start": 0.006,
        "End": 0.007,
        "Percent": 99.67660786126348,
        "Count": 2
      },
      {
        "Start": 0.007,
        "End": 0.008,
        "Percent": 99.67682259707938,
        "Count": 2
      },
      {
        "Start": 0.008,
        "End": 0.009000000000000001,
        "Percent": 99.67703733289527,
        "Count": 2
      },
      {
        "Start": 0.009000000000000001,
        "End": 0.01,
        "Percent": 99.67735943661911,
        "Count": 3
      },
      {
        "Start": 0.01,
        "End": 0.011,
        "Percent": 99.677574172435,
        "Count": 2
      },
      {
        "Start": 0.011,
        "End": 0.012,
        "Percent": 99.67768154034296,
        "Count": 1
      },
      {
        "Start": 0.012,
        "End": 0.014,
        "Percent": 99.6777889082509,
        "Count": 1
      },
      {
        "Start": 0.014,
        "End": 0.016,
        "Percent": 99.67789627615885,
        "Count": 1
      },
      {
        "Start": 0.05,
        "End": 0.06,
        "Percent": 99.67811101197475,
        "Count": 2
      },
      {
        "Start": 0.06,
        "End": 0.07,
        "Percent": 99.68047310594957,
        "Count": 22
      },
      {
        "Start": 0.07,
        "End": 0.08,
        "Percent": 99.99806737765695,
        "Count": 2958
      },
      {
        "Start": 0.08,
        "End": 0.080338092,
        "Percent": 100,
        "Count": 18
      }
    ],
    "Percentiles": [
      {
        "Percentile": 50,
        "Value": 0.0005149092928730621
      },
      {
        "Percentile": 75,
        "Value": 0.0007590404635466543
      },
      {
        "Percentile": 90,
        "Value": 0.0009055191659508095
      },
      {
        "Percentile": 99,
        "Value": 0.0009934063873933028
      },
      {
        "Percentile": 99.9,
        "Value": 0.07691218052738362
      }
    ]
  },
  "Exactly": 0,
  "Jitter": true,
  "RetCodes": {
    "200": 931377
  },
  "Sizes": {
    "Count": 931377,
    "Min": 75,
    "Max": 75,
    "Sum": 69853275,
    "Avg": 75,
    "StdDev": 0,
    "Data": [
      {
        "Start": 75,
        "End": 75,
        "Percent": 100,
        "Count": 931377
      }
    ],
    "Percentiles": null
  },
  "HeaderSizes": {
    "Count": 931377,
    "Min": 75,
    "Max": 75,
    "Sum": 69853275,
    "Avg": 75,
    "StdDev": 0,
    "Data": [
      {
        "Start": 75,
        "End": 75,
        "Percent": 100,
        "Count": 931377
      }
    ],
    "Percentiles": null
  },
  "URL": "http://fortio-server:8080/echo\\?size\\=1024",
  "SocketCount": 5,
  "AbortOn": 0
}
