{
  "RunType": "HTTP",
  "Labels": "1pod-samenode-nosidecar-1core-conn7-resp128",
  "StartTime": "2021-03-28T05:21:06.903958704Z",
  "RequestedQPS": "max",
  "RequestedDuration": "1m0s",
  "ActualQPS": 14232.061465281415,
  "ActualDuration": 60018641859,
  "NumThreads": 7,
  "Version": "1.11.3",
  "DurationHistogram": {
    "Count": 854189,
    "Min": 0.000026917,
    "Max": 0.086931457,
    "Sum": 419.8732073879994,
    "Avg": 0.0004915460248118384,
    "StdDev": 0.005876720618376339,
    "Data": [
      {
        "Start": 0.000026917,
        "End": 0.001,
        "Percent": 99.5058470666328,
        "Count": 849968
      },
      {
        "Start": 0.001,
        "End": 0.002,
        "Percent": 99.50678362751101,
        "Count": 8
      },
      {
        "Start": 0.002,
        "End": 0.003,
        "Percent": 99.50690069762078,
        "Count": 1
      },
      {
        "Start": 0.003,
        "End": 0.004,
        "Percent": 99.50701776773056,
        "Count": 1
      },
      {
        "Start": 0.007,
        "End": 0.008,
        "Percent": 99.50736897805989,
        "Count": 3
      },
      {
        "Start": 0.01,
        "End": 0.011,
        "Percent": 99.50748604816967,
        "Count": 1
      },
      {
        "Start": 0.011,
        "End": 0.012,
        "Percent": 99.50807139871856,
        "Count": 5
      },
      {
        "Start": 0.014,
        "End": 0.016,
        "Percent": 99.5083055389381,
        "Count": 2
      },
      {
        "Start": 0.06,
        "End": 0.07,
        "Percent": 99.50865674926743,
        "Count": 3
      },
      {
        "Start": 0.07,
        "End": 0.08,
        "Percent": 99.51017866069454,
        "Count": 13
      },
      {
        "Start": 0.08,
        "End": 0.086931457,
        "Percent": 100,
        "Count": 4184
      }
    ],
    "Percentiles": [
      {
        "Percentile": 50,
        "Value": 0.0005158741292303113
      },
      {
        "Percentile": 75,
        "Value": 0.0007603532662694551
      },
      {
        "Percentile": 90,
        "Value": 0.0009070407484929415
      },
      {
        "Percentile": 99,
        "Value": 0.0009950532378270333
      },
      {
        "Percentile": 99.9,
        "Value": 0.0855163579743373
      }
    ]
  },
  "Exactly": 0,
  "Jitter": true,
  "RetCodes": {
    "200": 854189
  },
  "Sizes": {
    "Count": 854189,
    "Min": 75,
    "Max": 75,
    "Sum": 64064175,
    "Avg": 75,
    "StdDev": 0,
    "Data": [
      {
        "Start": 75,
        "End": 75,
        "Percent": 100,
        "Count": 854189
      }
    ],
    "Percentiles": null
  },
  "HeaderSizes": {
    "Count": 854189,
    "Min": 75,
    "Max": 75,
    "Sum": 64064175,
    "Avg": 75,
    "StdDev": 0,
    "Data": [
      {
        "Start": 75,
        "End": 75,
        "Percent": 100,
        "Count": 854189
      }
    ],
    "Percentiles": null
  },
  "URL": "http://fortio-server:8080/echo\\?size\\=128",
  "SocketCount": 7,
  "AbortOn": 0
}
