{
  "RunType": "HTTP",
  "Labels": "1pod-samenode-nosidecar-1core-conn4-resp1024",
  "StartTime": "2021-03-28T05:33:15.908844077Z",
  "RequestedQPS": "max",
  "RequestedDuration": "1m0s",
  "ActualQPS": 15879.634738873063,
  "ActualDuration": 60013659991,
  "NumThreads": 4,
  "Version": "1.11.3",
  "DurationHistogram": {
    "Count": 952995,
    "Min": 0.000025881,
    "Max": 0.075649047,
    "Sum": 239.79487529700077,
    "Avg": 0.0002516223855287811,
    "StdDev": 0.003630419719634244,
    "Data": [
      {
        "Start": 0.000025881,
        "End": 0.001,
        "Percent": 99.74490946961946,
        "Count": 950564
      },
      {
        "Start": 0.001,
        "End": 0.002,
        "Percent": 99.74543413134381,
        "Count": 5
      },
      {
        "Start": 0.002,
        "End": 0.003,
        "Percent": 99.7461686577579,
        "Count": 7
      },
      {
        "Start": 0.004,
        "End": 0.005,
        "Percent": 99.74637852244766,
        "Count": 2
      },
      {
        "Start": 0.005,
        "End": 0.006,
        "Percent": 99.74711304886175,
        "Count": 7
      },
      {
        "Start": 0.006,
        "End": 0.007,
        "Percent": 99.74732291355149,
        "Count": 2
      },
      {
        "Start": 0.007,
        "End": 0.008,
        "Percent": 99.7476377105861,
        "Count": 3
      },
      {
        "Start": 0.009000000000000001,
        "End": 0.01,
        "Percent": 99.74784757527584,
        "Count": 2
      },
      {
        "Start": 0.01,
        "End": 0.011,
        "Percent": 99.74805743996558,
        "Count": 2
      },
      {
        "Start": 0.014,
        "End": 0.016,
        "Percent": 99.74816237231045,
        "Count": 1
      },
      {
        "Start": 0.05,
        "End": 0.06,
        "Percent": 99.74847716934507,
        "Count": 3
      },
      {
        "Start": 0.06,
        "End": 0.07,
        "Percent": 99.75214980141554,
        "Count": 35
      },
      {
        "Start": 0.07,
        "End": 0.075649047,
        "Percent": 100,
        "Count": 2362
      }
    ],
    "Percentiles": [
      {
        "Percentile": 50,
        "Value": 0.0005141856090406423
      },
      {
        "Percentile": 75,
        "Value": 0.0007583384259515151
      },
      {
        "Percentile": 90,
        "Value": 0.0009048301160980388
      },
      {
        "Percentile": 99,
        "Value": 0.000992725130185953
      },
      {
        "Percentile": 99.9,
        "Value": 0.07336982873337647
      }
    ]
  },
  "Exactly": 0,
  "Jitter": true,
  "RetCodes": {
    "200": 952995
  },
  "Sizes": {
    "Count": 952995,
    "Min": 75,
    "Max": 75,
    "Sum": 71474625,
    "Avg": 75,
    "StdDev": 0,
    "Data": [
      {
        "Start": 75,
        "End": 75,
        "Percent": 100,
        "Count": 952995
      }
    ],
    "Percentiles": null
  },
  "HeaderSizes": {
    "Count": 952995,
    "Min": 75,
    "Max": 75,
    "Sum": 71474625,
    "Avg": 75,
    "StdDev": 0,
    "Data": [
      {
        "Start": 75,
        "End": 75,
        "Percent": 100,
        "Count": 952995
      }
    ],
    "Percentiles": null
  },
  "URL": "http://fortio-server:8080/echo\\?size\\=1024",
  "SocketCount": 4,
  "AbortOn": 0
}
