{
  "RunType": "HTTP",
  "Labels": "1pod-samenode-nosidecar-1core-conn2-resp128",
  "StartTime": "2021-03-28T05:16:02.908003554Z",
  "RequestedQPS": "max",
  "RequestedDuration": "1m0s",
  "ActualQPS": 13651.181438579059,
  "ActualDuration": 60014512567,
  "NumThreads": 2,
  "Version": "1.11.3",
  "DurationHistogram": {
    "Count": 819269,
    "Min": 0.000026159,
    "Max": 0.061264448,
    "Sum": 119.86005670899723,
    "Avg": 0.0001463012230524983,
    "StdDev": 0.0021574039687630824,
    "Data": [
      {
        "Start": 0.000026159,
        "End": 0.001,
        "Percent": 99.84058959877648,
        "Count": 817963
      },
      {
        "Start": 0.001,
        "End": 0.002,
        "Percent": 99.841566079029,
        "Count": 8
      },
      {
        "Start": 0.002,
        "End": 0.003,
        "Percent": 99.84242049924994,
        "Count": 7
      },
      {
        "Start": 0.003,
        "End": 0.004,
        "Percent": 99.84364109956559,
        "Count": 10
      },
      {
        "Start": 0.004,
        "End": 0.005,
        "Percent": 99.84486169988124,
        "Count": 10
      },
      {
        "Start": 0.005,
        "End": 0.006,
        "Percent": 99.84681466038627,
        "Count": 16
      },
      {
        "Start": 0.006,
        "End": 0.007,
        "Percent": 99.84815732073348,
        "Count": 11
      },
      {
        "Start": 0.007,
        "End": 0.008,
        "Percent": 99.85011028123851,
        "Count": 16
      },
      {
        "Start": 0.008,
        "End": 0.009000000000000001,
        "Percent": 99.85133088155416,
        "Count": 10
      },
      {
        "Start": 0.009000000000000001,
        "End": 0.01,
        "Percent": 99.85206324174355,
        "Count": 6
      },
      {
        "Start": 0.01,
        "End": 0.011,
        "Percent": 99.85242942183825,
        "Count": 3
      },
      {
        "Start": 0.011,
        "End": 0.012,
        "Percent": 99.85267354190138,
        "Count": 2
      },
      {
        "Start": 0.012,
        "End": 0.014,
        "Percent": 99.85279560193294,
        "Count": 1
      },
      {
        "Start": 0.014,
        "End": 0.016,
        "Percent": 99.85303972199607,
        "Count": 2
      },
      {
        "Start": 0.016,
        "End": 0.018000000000000002,
        "Percent": 99.85352796212233,
        "Count": 4
      },
      {
        "Start": 0.025,
        "End": 0.03,
        "Percent": 99.8536500221539,
        "Count": 1
      },
      {
        "Start": 0.035,
        "End": 0.04,
        "Percent": 99.85462650240642,
        "Count": 8
      },
      {
        "Start": 0.04,
        "End": 0.045,
        "Percent": 99.85560298265894,
        "Count": 8
      },
      {
        "Start": 0.045,
        "End": 0.05,
        "Percent": 99.86231628439499,
        "Count": 55
      },
      {
        "Start": 0.05,
        "End": 0.06,
        "Percent": 99.9958499589268,
        "Count": 1094
      },
      {
        "Start": 0.06,
        "End": 0.061264448,
        "Percent": 100,
        "Count": 34
      }
    ],
    "Percentiles": [
      {
        "Percentile": 50,
        "Value": 0.0005138563469103698
      },
      {
        "Percentile": 75,
        "Value": 0.0007577056156505437
      },
      {
        "Percentile": 90,
        "Value": 0.0009040151768946479
      },
      {
        "Percentile": 99,
        "Value": 0.0009918009136411104
      },
      {
        "Percentile": 99.9,
        "Value": 0.05282203839122525
      }
    ]
  },
  "Exactly": 0,
  "Jitter": true,
  "RetCodes": {
    "200": 819269
  },
  "Sizes": {
    "Count": 819269,
    "Min": 75,
    "Max": 75,
    "Sum": 61445175,
    "Avg": 75,
    "StdDev": 0,
    "Data": [
      {
        "Start": 75,
        "End": 75,
        "Percent": 100,
        "Count": 819269
      }
    ],
    "Percentiles": null
  },
  "HeaderSizes": {
    "Count": 819269,
    "Min": 75,
    "Max": 75,
    "Sum": 61445175,
    "Avg": 75,
    "StdDev": 0,
    "Data": [
      {
        "Start": 75,
        "End": 75,
        "Percent": 100,
        "Count": 819269
      }
    ],
    "Percentiles": null
  },
  "URL": "http://fortio-server:8080/echo\\?size\\=128",
  "SocketCount": 2,
  "AbortOn": 0
}
