{
  "RunType": "HTTP",
  "Labels": "1pod-samenode-nosidecar-1core-conn5-resp2048",
  "StartTime": "2021-03-28T05:41:52.685176988Z",
  "RequestedQPS": "max",
  "RequestedDuration": "1m0s",
  "ActualQPS": 15461.4575941784,
  "ActualDuration": 60037353810,
  "NumThreads": 5,
  "Version": "1.11.3",
  "DurationHistogram": {
    "Count": 928265,
    "Min": 0.000026441,
    "Max": 0.080629794,
    "Sum": 299.92278029699844,
    "Avg": 0.0003231003865243206,
    "StdDev": 0.004405757390045277,
    "Data": [
      {
        "Start": 0.000026441,
        "End": 0.001,
        "Percent": 99.67466186918607,
        "Count": 925245
      },
      {
        "Start": 0.002,
        "End": 0.003,
        "Percent": 99.67476959704395,
        "Count": 1
      },
      {
        "Start": 0.003,
        "End": 0.004,
        "Percent": 99.67487732490183,
        "Count": 1
      },
      {
        "Start": 0.004,
        "End": 0.005,
        "Percent": 99.67530823633338,
        "Count": 4
      },
      {
        "Start": 0.005,
        "End": 0.006,
        "Percent": 99.67541596419126,
        "Count": 1
      },
      {
        "Start": 0.006,
        "End": 0.007,
        "Percent": 99.67563141990703,
        "Count": 2
      },
      {
        "Start": 0.008,
        "End": 0.009000000000000001,
        "Percent": 99.67573914776492,
        "Count": 1
      },
      {
        "Start": 0.009000000000000001,
        "End": 0.01,
        "Percent": 99.6758468756228,
        "Count": 1
      },
      {
        "Start": 0.01,
        "End": 0.011,
        "Percent": 99.67606233133857,
        "Count": 2
      },
      {
        "Start": 0.011,
        "End": 0.012,
        "Percent": 99.67617005919645,
        "Count": 1
      },
      {
        "Start": 0.012,
        "End": 0.014,
        "Percent": 99.67670869848588,
        "Count": 5
      },
      {
        "Start": 0.014,
        "End": 0.016,
        "Percent": 99.67681642634378,
        "Count": 1
      },
      {
        "Start": 0.05,
        "End": 0.06,
        "Percent": 99.67692415420166,
        "Count": 1
      },
      {
        "Start": 0.06,
        "End": 0.07,
        "Percent": 99.67789370492262,
        "Count": 9
      },
      {
        "Start": 0.07,
        "End": 0.08,
        "Percent": 99.99773771498441,
        "Count": 2969
      },
      {
        "Start": 0.08,
        "End": 0.080629794,
        "Percent": 100,
        "Count": 21
      }
    ],
    "Percentiles": [
      {
        "Percentile": 50,
        "Value": 0.0005148088240642468
      },
      {
        "Percentile": 75,
        "Value": 0.0007589932622056992
      },
      {
        "Percentile": 90,
        "Value": 0.0009055039250905707
      },
      {
        "Percentile": 99,
        "Value": 0.0009934103228214936
      },
      {
        "Percentile": 99.9,
        "Value": 0.07694420680363769
      }
    ]
  },
  "Exactly": 0,
  "Jitter": true,
  "RetCodes": {
    "200": 928265
  },
  "Sizes": {
    "Count": 928265,
    "Min": 75,
    "Max": 75,
    "Sum": 69619875,
    "Avg": 75,
    "StdDev": 0,
    "Data": [
      {
        "Start": 75,
        "End": 75,
        "Percent": 100,
        "Count": 928265
      }
    ],
    "Percentiles": null
  },
  "HeaderSizes": {
    "Count": 928265,
    "Min": 75,
    "Max": 75,
    "Sum": 69619875,
    "Avg": 75,
    "StdDev": 0,
    "Data": [
      {
        "Start": 75,
        "End": 75,
        "Percent": 100,
        "Count": 928265
      }
    ],
    "Percentiles": null
  },
  "URL": "http://fortio-server:8080/echo\\?size\\=2048",
  "SocketCount": 5,
  "AbortOn": 0
}
