{
  "RunType": "HTTP",
  "Labels": "1pod-samenode-nosidecar-1core-conn3-resp1024",
  "StartTime": "2021-03-28T05:32:15.257158763Z",
  "RequestedQPS": "max",
  "RequestedDuration": "1m0s",
  "ActualQPS": 15730.186625826878,
  "ActualDuration": 60065339495,
  "NumThreads": 3,
  "Version": "1.11.3",
  "DurationHistogram": {
    "Count": 944839,
    "Min": 0.000026107,
    "Max": 0.07005038,
    "Sum": 179.98087739899907,
    "Avg": 0.00019048840850028318,
    "StdDev": 0.0028735385569720905,
    "Data": [
      {
        "Start": 0.000026107,
        "End": 0.001,
        "Percent": 99.8028235498323,
        "Count": 942976
      },
      {
        "Start": 0.001,
        "End": 0.002,
        "Percent": 99.80356441679481,
        "Count": 7
      },
      {
        "Start": 0.002,
        "End": 0.003,
        "Percent": 99.80430528375734,
        "Count": 7
      },
      {
        "Start": 0.003,
        "End": 0.004,
        "Percent": 99.80483447444485,
        "Count": 5
      },
      {
        "Start": 0.004,
        "End": 0.005,
        "Percent": 99.80536366513236,
        "Count": 5
      },
      {
        "Start": 0.005,
        "End": 0.006,
        "Percent": 99.80599869395738,
        "Count": 6
      },
      {
        "Start": 0.006,
        "End": 0.007,
        "Percent": 99.80631620836989,
        "Count": 3
      },
      {
        "Start": 0.007,
        "End": 0.008,
        "Percent": 99.80705707533241,
        "Count": 7
      },
      {
        "Start": 0.008,
        "End": 0.009000000000000001,
        "Percent": 99.80748042788242,
        "Count": 4
      },
      {
        "Start": 0.009000000000000001,
        "End": 0.01,
        "Percent": 99.80758626601992,
        "Count": 1
      },
      {
        "Start": 0.01,
        "End": 0.011,
        "Percent": 99.80811545670744,
        "Count": 5
      },
      {
        "Start": 0.011,
        "End": 0.012,
        "Percent": 99.80822129484494,
        "Count": 1
      },
      {
        "Start": 0.012,
        "End": 0.014,
        "Percent": 99.80843297111994,
        "Count": 2
      },
      {
        "Start": 0.014,
        "End": 0.016,
        "Percent": 99.80896216180746,
        "Count": 5
      },
      {
        "Start": 0.016,
        "End": 0.018000000000000002,
        "Percent": 99.80917383808247,
        "Count": 2
      },
      {
        "Start": 0.03,
        "End": 0.035,
        "Percent": 99.80949135249497,
        "Count": 3
      },
      {
        "Start": 0.04,
        "End": 0.045,
        "Percent": 99.80959719063247,
        "Count": 1
      },
      {
        "Start": 0.045,
        "End": 0.05,
        "Percent": 99.810338057595,
        "Count": 7
      },
      {
        "Start": 0.05,
        "End": 0.06,
        "Percent": 99.81467742123262,
        "Count": 41
      },
      {
        "Start": 0.06,
        "End": 0.07,
        "Percent": 99.999788323725,
        "Count": 1749
      },
      {
        "Start": 0.07,
        "End": 0.07005038,
        "Percent": 100,
        "Count": 2
      }
    ],
    "Percentiles": [
      {
        "Percentile": 50,
        "Value": 0.0005140150253670565
      },
      {
        "Percentile": 75,
        "Value": 0.0007579695544444445
      },
      {
        "Percentile": 90,
        "Value": 0.0009043422718908773
      },
      {
        "Percentile": 99,
        "Value": 0.000992165902358737
      },
      {
        "Percentile": 99.9,
        "Value": 0.06460926815323048
      }
    ]
  },
  "Exactly": 0,
  "Jitter": true,
  "RetCodes": {
    "200": 944839
  },
  "Sizes": {
    "Count": 944839,
    "Min": 75,
    "Max": 75,
    "Sum": 70862925,
    "Avg": 75,
    "StdDev": 0,
    "Data": [
      {
        "Start": 75,
        "End": 75,
        "Percent": 100,
        "Count": 944839
      }
    ],
    "Percentiles": null
  },
  "HeaderSizes": {
    "Count": 944839,
    "Min": 75,
    "Max": 75,
    "Sum": 70862925,
    "Avg": 75,
    "StdDev": 0,
    "Data": [
      {
        "Start": 75,
        "End": 75,
        "Percent": 100,
        "Count": 944839
      }
    ],
    "Percentiles": null
  },
  "URL": "http://fortio-server:8080/echo\\?size\\=1024",
  "SocketCount": 3,
  "AbortOn": 0
}
