{
  "RunType": "HTTP",
  "Labels": "1pod-samenode-nosidecar-1core-conn2-resp32",
  "StartTime": "2021-03-28T05:08:27.663905708Z",
  "RequestedQPS": "max",
  "RequestedDuration": "1m0s",
  "ActualQPS": 13792.800373601349,
  "ActualDuration": 60058579662,
  "NumThreads": 2,
  "Version": "1.11.3",
  "DurationHistogram": {
    "Count": 828376,
    "Min": 0.000026066,
    "Max": 0.06097916,
    "Sum": 119.94740985099946,
    "Avg": 0.0001447982677564288,
    "StdDev": 0.0021266367366141645,
    "Data": [
      {
        "Start": 0.000026066,
        "End": 0.001,
        "Percent": 99.8401691985282,
        "Count": 827052
      },
      {
        "Start": 0.001,
        "End": 0.002,
        "Percent": 99.8411349435522,
        "Count": 8
      },
      {
        "Start": 0.002,
        "End": 0.003,
        "Percent": 99.8429457154722,
        "Count": 15
      },
      {
        "Start": 0.003,
        "End": 0.004,
        "Percent": 99.8434285879842,
        "Count": 4
      },
      {
        "Start": 0.004,
        "End": 0.005,
        "Percent": 99.8459636686722,
        "Count": 21
      },
      {
        "Start": 0.005,
        "End": 0.006,
        "Percent": 99.84861946748819,
        "Count": 22
      },
      {
        "Start": 0.006,
        "End": 0.007,
        "Percent": 99.85055095753619,
        "Count": 16
      },
      {
        "Start": 0.007,
        "End": 0.008,
        "Percent": 99.85236172945619,
        "Count": 15
      },
      {
        "Start": 0.008,
        "End": 0.009000000000000001,
        "Percent": 99.85272388384018,
        "Count": 3
      },
      {
        "Start": 0.009000000000000001,
        "End": 0.01,
        "Percent": 99.85344819260818,
        "Count": 6
      },
      {
        "Start": 0.01,
        "End": 0.011,
        "Percent": 99.85356891073619,
        "Count": 1
      },
      {
        "Start": 0.011,
        "End": 0.012,
        "Percent": 99.85368962886419,
        "Count": 1
      },
      {
        "Start": 0.012,
        "End": 0.014,
        "Percent": 99.8539310651202,
        "Count": 2
      },
      {
        "Start": 0.014,
        "End": 0.016,
        "Percent": 99.85489681014418,
        "Count": 8
      },
      {
        "Start": 0.016,
        "End": 0.018000000000000002,
        "Percent": 99.85513824640019,
        "Count": 2
      },
      {
        "Start": 0.035,
        "End": 0.04,
        "Percent": 99.85586255516819,
        "Count": 6
      },
      {
        "Start": 0.04,
        "End": 0.045,
        "Percent": 99.85731117270419,
        "Count": 12
      },
      {
        "Start": 0.045,
        "End": 0.05,
        "Percent": 99.86648575043218,
        "Count": 76
      },
      {
        "Start": 0.05,
        "End": 0.06,
        "Percent": 99.997706355568,
        "Count": 1087
      },
      {
        "Start": 0.06,
        "End": 0.06097916,
        "Percent": 100,
        "Count": 19
      }
    ],
    "Percentiles": [
      {
        "Percentile": 50,
        "Value": 0.000513811981394134
      },
      {
        "Percentile": 75,
        "Value": 0.0007576855608904409
      },
      {
        "Percentile": 90,
        "Value": 0.000904009708588225
      },
      {
        "Percentile": 99,
        "Value": 0.0009918041972068953
      },
      {
        "Percentile": 99.9,
        "Value": 0.05255403863845469
      }
    ]
  },
  "Exactly": 0,
  "Jitter": true,
  "RetCodes": {
    "200": 828376
  },
  "Sizes": {
    "Count": 828376,
    "Min": 75,
    "Max": 75,
    "Sum": 62128200,
    "Avg": 75,
    "StdDev": 0,
    "Data": [
      {
        "Start": 75,
        "End": 75,
        "Percent": 100,
        "Count": 828376
      }
    ],
    "Percentiles": null
  },
  "HeaderSizes": {
    "Count": 828376,
    "Min": 75,
    "Max": 75,
    "Sum": 62128200,
    "Avg": 75,
    "StdDev": 0,
    "Data": [
      {
        "Start": 75,
        "End": 75,
        "Percent": 100,
        "Count": 828376
      }
    ],
    "Percentiles": null
  },
  "URL": "http://fortio-server:8080/echo\\?size\\=32",
  "SocketCount": 2,
  "AbortOn": 0
}
