{
  "RunType": "HTTP",
  "Labels": "1pod-samenode-nosidecar-1core-conn3-resp128",
  "StartTime": "2021-03-28T05:17:03.648488624Z",
  "RequestedQPS": "max",
  "RequestedDuration": "1m0s",
  "ActualQPS": 15936.717633854545,
  "ActualDuration": 60000121855,
  "NumThreads": 3,
  "Version": "1.11.3",
  "DurationHistogram": {
    "Count": 956205,
    "Min": 0.000025975,
    "Max": 0.07059523,
    "Sum": 179.781206297999,
    "Avg": 0.0001880153380268865,
    "StdDev": 0.0028392456042636845,
    "Data": [
      {
        "Start": 0.000025975,
        "End": 0.001,
        "Percent": 99.80621310283883,
        "Count": 954352
      },
      {
        "Start": 0.001,
        "End": 0.002,
        "Percent": 99.80663142317809,
        "Count": 4
      },
      {
        "Start": 0.002,
        "End": 0.003,
        "Percent": 99.80757264394141,
        "Count": 9
      },
      {
        "Start": 0.003,
        "End": 0.004,
        "Percent": 99.80799096428068,
        "Count": 4
      },
      {
        "Start": 0.004,
        "End": 0.005,
        "Percent": 99.8082001244503,
        "Count": 2
      },
      {
        "Start": 0.005,
        "End": 0.006,
        "Percent": 99.80861844478956,
        "Count": 4
      },
      {
        "Start": 0.006,
        "End": 0.007,
        "Percent": 99.80924592529844,
        "Count": 6
      },
      {
        "Start": 0.007,
        "End": 0.008,
        "Percent": 99.80976882572251,
        "Count": 5
      },
      {
        "Start": 0.008,
        "End": 0.009000000000000001,
        "Percent": 99.81008256597696,
        "Count": 3
      },
      {
        "Start": 0.009000000000000001,
        "End": 0.01,
        "Percent": 99.81071004648585,
        "Count": 6
      },
      {
        "Start": 0.01,
        "End": 0.011,
        "Percent": 99.81081462657066,
        "Count": 1
      },
      {
        "Start": 0.012,
        "End": 0.014,
        "Percent": 99.8110237867403,
        "Count": 2
      },
      {
        "Start": 0.014,
        "End": 0.016,
        "Percent": 99.81154668716437,
        "Count": 5
      },
      {
        "Start": 0.016,
        "End": 0.018000000000000002,
        "Percent": 99.81165126724918,
        "Count": 1
      },
      {
        "Start": 0.018000000000000002,
        "End": 0.02,
        "Percent": 99.81186042741881,
        "Count": 2
      },
      {
        "Start": 0.035,
        "End": 0.04,
        "Percent": 99.81206958758844,
        "Count": 2
      },
      {
        "Start": 0.045,
        "End": 0.05,
        "Percent": 99.81290622826695,
        "Count": 8
      },
      {
        "Start": 0.05,
        "End": 0.06,
        "Percent": 99.81688027148991,
        "Count": 38
      },
      {
        "Start": 0.06,
        "End": 0.07,
        "Percent": 99.99968625974556,
        "Count": 1748
      },
      {
        "Start": 0.07,
        "End": 0.07059523,
        "Percent": 100,
        "Count": 3
      }
    ],
    "Percentiles": [
      {
        "Percentile": 50,
        "Value": 0.0005139325895425267
      },
      {
        "Percentile": 75,
        "Value": 0.0007579118946213185
      },
      {
        "Percentile": 90,
        "Value": 0.0009042994776685937
      },
      {
        "Percentile": 99,
        "Value": 0.0009921320274969587
      },
      {
        "Percentile": 99.9,
        "Value": 0.0645468821510298
      }
    ]
  },
  "Exactly": 0,
  "Jitter": true,
  "RetCodes": {
    "200": 956205
  },
  "Sizes": {
    "Count": 956205,
    "Min": 75,
    "Max": 75,
    "Sum": 71715375,
    "Avg": 75,
    "StdDev": 0,
    "Data": [
      {
        "Start": 75,
        "End": 75,
        "Percent": 100,
        "Count": 956205
      }
    ],
    "Percentiles": null
  },
  "HeaderSizes": {
    "Count": 956205,
    "Min": 75,
    "Max": 75,
    "Sum": 71715375,
    "Avg": 75,
    "StdDev": 0,
    "Data": [
      {
        "Start": 75,
        "End": 75,
        "Percent": 100,
        "Count": 956205
      }
    ],
    "Percentiles": null
  },
  "URL": "http://fortio-server:8080/echo\\?size\\=128",
  "SocketCount": 3,
  "AbortOn": 0
}
