{
  "RunType": "HTTP",
  "Labels": "1pod-samenode-nosidecar-1core-conn3-resp512",
  "StartTime": "2021-03-28T05:24:39.696442281Z",
  "RequestedQPS": "max",
  "RequestedDuration": "1m0s",
  "ActualQPS": 15890.549191868946,
  "ActualDuration": 60026056273,
  "NumThreads": 3,
  "Version": "1.11.3",
  "DurationHistogram": {
    "Count": 953847,
    "Min": 0.00002627,
    "Max": 0.06967705,
    "Sum": 179.8633020260006,
    "Avg": 0.00018856619775079296,
    "StdDev": 0.002848822714287454,
    "Data": [
      {
        "Start": 0.00002627,
        "End": 0.001,
        "Percent": 99.80594372053379,
        "Count": 951996
      },
      {
        "Start": 0.001,
        "End": 0.002,
        "Percent": 99.80667759085053,
        "Count": 7
      },
      {
        "Start": 0.002,
        "End": 0.003,
        "Percent": 99.80751629978393,
        "Count": 8
      },
      {
        "Start": 0.003,
        "End": 0.004,
        "Percent": 99.80793565425063,
        "Count": 4
      },
      {
        "Start": 0.004,
        "End": 0.005,
        "Percent": 99.80856468595069,
        "Count": 6
      },
      {
        "Start": 0.005,
        "End": 0.006,
        "Percent": 99.80898404041739,
        "Count": 4
      },
      {
        "Start": 0.006,
        "End": 0.007,
        "Percent": 99.80950823350076,
        "Count": 5
      },
      {
        "Start": 0.007,
        "End": 0.008,
        "Percent": 99.80982274935079,
        "Count": 3
      },
      {
        "Start": 0.008,
        "End": 0.009000000000000001,
        "Percent": 99.81024210381749,
        "Count": 4
      },
      {
        "Start": 0.009000000000000001,
        "End": 0.01,
        "Percent": 99.81045178105084,
        "Count": 2
      },
      {
        "Start": 0.01,
        "End": 0.011,
        "Percent": 99.81055661966751,
        "Count": 1
      },
      {
        "Start": 0.011,
        "End": 0.012,
        "Percent": 99.81066145828419,
        "Count": 1
      },
      {
        "Start": 0.012,
        "End": 0.014,
        "Percent": 99.81097597413422,
        "Count": 3
      },
      {
        "Start": 0.014,
        "End": 0.016,
        "Percent": 99.81129048998424,
        "Count": 3
      },
      {
        "Start": 0.045,
        "End": 0.05,
        "Percent": 99.81181468306762,
        "Count": 5
      },
      {
        "Start": 0.05,
        "End": 0.06,
        "Percent": 99.81548403465126,
        "Count": 35
      },
      {
        "Start": 0.06,
        "End": 0.06967705,
        "Percent": 100,
        "Count": 1760
      }
    ],
    "Percentiles": [
      {
        "Percentile": 50,
        "Value": 0.000514081118677094
      },
      {
        "Percentile": 75,
        "Value": 0.000757987189431142
      },
      {
        "Percentile": 90,
        "Value": 0.0009043308318835709
      },
      {
        "Percentile": 99,
        "Value": 0.0009921370173550281
      },
      {
        "Percentile": 99.9,
        "Value": 0.06443249027764225
      }
    ]
  },
  "Exactly": 0,
  "Jitter": true,
  "RetCodes": {
    "200": 953847
  },
  "Sizes": {
    "Count": 953847,
    "Min": 75,
    "Max": 75,
    "Sum": 71538525,
    "Avg": 75,
    "StdDev": 0,
    "Data": [
      {
        "Start": 75,
        "End": 75,
        "Percent": 100,
        "Count": 953847
      }
    ],
    "Percentiles": null
  },
  "HeaderSizes": {
    "Count": 953847,
    "Min": 75,
    "Max": 75,
    "Sum": 71538525,
    "Avg": 75,
    "StdDev": 0,
    "Data": [
      {
        "Start": 75,
        "End": 75,
        "Percent": 100,
        "Count": 953847
      }
    ],
    "Percentiles": null
  },
  "URL": "http://fortio-server:8080/echo\\?size\\=512",
  "SocketCount": 3,
  "AbortOn": 0
}
