{
  "RunType": "HTTP",
  "Labels": "1pod-samenode-nosidecar-1core-conn7-resp512",
  "StartTime": "2021-03-28T05:28:42.842211505Z",
  "RequestedQPS": "max",
  "RequestedDuration": "1m0s",
  "ActualQPS": 13983.725414117678,
  "ActualDuration": 60081771854,
  "NumThreads": 7,
  "Version": "1.11.3",
  "DurationHistogram": {
    "Count": 840167,
    "Min": 0.00002744,
    "Max": 0.086453789,
    "Sum": 420.3038225240018,
    "Avg": 0.0005002622365839194,
    "StdDev": 0.005938925302790117,
    "Data": [
      {
        "Start": 0.00002744,
        "End": 0.001,
        "Percent": 99.49736183401633,
        "Count": 835944
      },
      {
        "Start": 0.002,
        "End": 0.003,
        "Percent": 99.49831402566394,
        "Count": 8
      },
      {
        "Start": 0.005,
        "End": 0.006,
        "Percent": 99.49843304961989,
        "Count": 1
      },
      {
        "Start": 0.006,
        "End": 0.007,
        "Percent": 99.49855207357585,
        "Count": 1
      },
      {
        "Start": 0.007,
        "End": 0.008,
        "Percent": 99.4986710975318,
        "Count": 1
      },
      {
        "Start": 0.011,
        "End": 0.012,
        "Percent": 99.4989091454437,
        "Count": 2
      },
      {
        "Start": 0.018000000000000002,
        "End": 0.02,
        "Percent": 99.49902816939965,
        "Count": 1
      },
      {
        "Start": 0.02,
        "End": 0.025,
        "Percent": 99.49926621731156,
        "Count": 2
      },
      {
        "Start": 0.06,
        "End": 0.07,
        "Percent": 99.50057548082702,
        "Count": 11
      },
      {
        "Start": 0.07,
        "End": 0.08,
        "Percent": 99.5016466964306,
        "Count": 9
      },
      {
        "Start": 0.08,
        "End": 0.086453789,
        "Percent": 100,
        "Count": 4187
      }
    ],
    "Percentiles": [
      {
        "Percentile": 50,
        "Value": 0.000516175997789323
      },
      {
        "Percentile": 75,
        "Value": 0.000760544578398288
      },
      {
        "Percentile": 90,
        "Value": 0.000907165726763667
      },
      {
        "Percentile": 99,
        "Value": 0.0009951384157828945
      },
      {
        "Percentile": 99.9,
        "Value": 0.0851587661810932
      }
    ]
  },
  "Exactly": 0,
  "Jitter": true,
  "RetCodes": {
    "200": 840167
  },
  "Sizes": {
    "Count": 840167,
    "Min": 75,
    "Max": 75,
    "Sum": 63012525,
    "Avg": 75,
    "StdDev": 0,
    "Data": [
      {
        "Start": 75,
        "End": 75,
        "Percent": 100,
        "Count": 840167
      }
    ],
    "Percentiles": null
  },
  "HeaderSizes": {
    "Count": 840167,
    "Min": 75,
    "Max": 75,
    "Sum": 63012525,
    "Avg": 75,
    "StdDev": 0,
    "Data": [
      {
        "Start": 75,
        "End": 75,
        "Percent": 100,
        "Count": 840167
      }
    ],
    "Percentiles": null
  },
  "URL": "http://fortio-server:8080/echo\\?size\\=512",
  "SocketCount": 7,
  "AbortOn": 0
}
