{
  "RunType": "HTTP",
  "Labels": "1pod-samenode-nosidecar-1core-conn2-resp2048",
  "StartTime": "2021-03-28T05:38:50.524339262Z",
  "RequestedQPS": "max",
  "RequestedDuration": "1m0s",
  "ActualQPS": 13431.687737721479,
  "ActualDuration": 60000129227,
  "NumThreads": 2,
  "Version": "1.11.3",
  "DurationHistogram": {
    "Count": 805903,
    "Min": 0.000026024,
    "Max": 0.062206827,
    "Sum": 119.83330247400016,
    "Avg": 0.0001486944489274766,
    "StdDev": 0.0021954108749632903,
    "Data": [
      {
        "Start": 0.000026024,
        "End": 0.001,
        "Percent": 99.83869026421294,
        "Count": 804603
      },
      {
        "Start": 0.001,
        "End": 0.002,
        "Percent": 99.84017927715867,
        "Count": 12
      },
      {
        "Start": 0.002,
        "End": 0.003,
        "Percent": 99.8416682901044,
        "Count": 12
      },
      {
        "Start": 0.003,
        "End": 0.004,
        "Percent": 99.84315730305012,
        "Count": 12
      },
      {
        "Start": 0.004,
        "End": 0.005,
        "Percent": 99.84489448482013,
        "Count": 14
      },
      {
        "Start": 0.005,
        "End": 0.006,
        "Percent": 99.84638349776586,
        "Count": 12
      },
      {
        "Start": 0.006,
        "End": 0.007,
        "Percent": 99.84725208865086,
        "Count": 7
      },
      {
        "Start": 0.007,
        "End": 0.008,
        "Percent": 99.84812067953588,
        "Count": 7
      },
      {
        "Start": 0.008,
        "End": 0.009000000000000001,
        "Percent": 99.84886518600874,
        "Count": 6
      },
      {
        "Start": 0.009000000000000001,
        "End": 0.01,
        "Percent": 99.84985786130589,
        "Count": 8
      },
      {
        "Start": 0.01,
        "End": 0.011,
        "Percent": 99.85035419895446,
        "Count": 4
      },
      {
        "Start": 0.011,
        "End": 0.012,
        "Percent": 99.85047828336661,
        "Count": 1
      },
      {
        "Start": 0.012,
        "End": 0.014,
        "Percent": 99.85060236777875,
        "Count": 1
      },
      {
        "Start": 0.014,
        "End": 0.016,
        "Percent": 99.85097462101518,
        "Count": 3
      },
      {
        "Start": 0.018000000000000002,
        "End": 0.02,
        "Percent": 99.85109870542733,
        "Count": 1
      },
      {
        "Start": 0.025,
        "End": 0.03,
        "Percent": 99.85122278983947,
        "Count": 1
      },
      {
        "Start": 0.03,
        "End": 0.035,
        "Percent": 99.85134687425162,
        "Count": 1
      },
      {
        "Start": 0.035,
        "End": 0.04,
        "Percent": 99.85171912748805,
        "Count": 3
      },
      {
        "Start": 0.04,
        "End": 0.045,
        "Percent": 99.8529599716095,
        "Count": 10
      },
      {
        "Start": 0.045,
        "End": 0.05,
        "Percent": 99.85792334809524,
        "Count": 40
      },
      {
        "Start": 0.05,
        "End": 0.06,
        "Percent": 99.99044550026493,
        "Count": 1068
      },
      {
        "Start": 0.06,
        "End": 0.062206827,
        "Percent": 100,
        "Count": 77
      }
    ],
    "Percentiles": [
      {
        "Percentile": 50,
        "Value": 0.0005137982240113745
      },
      {
        "Percentile": 75,
        "Value": 0.0007576859412703424
      },
      {
        "Percentile": 90,
        "Value": 0.0009040185716257229
      },
      {
        "Percentile": 99,
        "Value": 0.0009918181498389514
      },
      {
        "Percentile": 99.9,
        "Value": 0.05317506554307152
      }
    ]
  },
  "Exactly": 0,
  "Jitter": true,
  "RetCodes": {
    "200": 805903
  },
  "Sizes": {
    "Count": 805903,
    "Min": 75,
    "Max": 75,
    "Sum": 60442725,
    "Avg": 75,
    "StdDev": 0,
    "Data": [
      {
        "Start": 75,
        "End": 75,
        "Percent": 100,
        "Count": 805903
      }
    ],
    "Percentiles": null
  },
  "HeaderSizes": {
    "Count": 805903,
    "Min": 75,
    "Max": 75,
    "Sum": 60442725,
    "Avg": 75,
    "StdDev": 0,
    "Data": [
      {
        "Start": 75,
        "End": 75,
        "Percent": 100,
        "Count": 805903
      }
    ],
    "Percentiles": null
  },
  "URL": "http://fortio-server:8080/echo\\?size\\=2048",
  "SocketCount": 2,
  "AbortOn": 0
}
