{
  "RunType": "HTTP",
  "Labels": "1pod-samenode-nosidecar-1core-conn3-resp2048",
  "StartTime": "2021-03-28T05:39:51.212346741Z",
  "RequestedQPS": "max",
  "RequestedDuration": "1m0s",
  "ActualQPS": 15767.137980762689,
  "ActualDuration": 60010193426,
  "NumThreads": 3,
  "Version": "1.11.3",
  "DurationHistogram": {
    "Count": 946189,
    "Min": 0.000026219,
    "Max": 0.070426691,
    "Sum": 179.81505782599996,
    "Avg": 0.00019004137421381982,
    "StdDev": 0.002870396693675753,
    "Data": [
      {
        "Start": 0.000026219,
        "End": 0.001,
        "Percent": 99.80247075372891,
        "Count": 944320
      },
      {
        "Start": 0.001,
        "End": 0.002,
        "Percent": 99.803844686421,
        "Count": 13
      },
      {
        "Start": 0.002,
        "End": 0.003,
        "Percent": 99.80532430624325,
        "Count": 14
      },
      {
        "Start": 0.003,
        "End": 0.004,
        "Percent": 99.80616980328455,
        "Count": 8
      },
      {
        "Start": 0.004,
        "End": 0.005,
        "Percent": 99.80638117754486,
        "Count": 2
      },
      {
        "Start": 0.005,
        "End": 0.006,
        "Percent": 99.80680392606551,
        "Count": 4
      },
      {
        "Start": 0.006,
        "End": 0.007,
        "Percent": 99.8076494231068,
        "Count": 8
      },
      {
        "Start": 0.007,
        "End": 0.008,
        "Percent": 99.80796648449729,
        "Count": 3
      },
      {
        "Start": 0.008,
        "End": 0.009000000000000001,
        "Percent": 99.80860060727825,
        "Count": 6
      },
      {
        "Start": 0.009000000000000001,
        "End": 0.01,
        "Percent": 99.8090233557989,
        "Count": 4
      },
      {
        "Start": 0.01,
        "End": 0.011,
        "Percent": 99.80923473005922,
        "Count": 2
      },
      {
        "Start": 0.011,
        "End": 0.012,
        "Percent": 99.80934041718938,
        "Count": 1
      },
      {
        "Start": 0.012,
        "End": 0.014,
        "Percent": 99.80944610431953,
        "Count": 1
      },
      {
        "Start": 0.014,
        "End": 0.016,
        "Percent": 99.8095517914497,
        "Count": 1
      },
      {
        "Start": 0.016,
        "End": 0.018000000000000002,
        "Percent": 99.80976316571002,
        "Count": 2
      },
      {
        "Start": 0.04,
        "End": 0.045,
        "Percent": 99.80997453997034,
        "Count": 2
      },
      {
        "Start": 0.045,
        "End": 0.05,
        "Percent": 99.81029160136083,
        "Count": 3
      },
      {
        "Start": 0.05,
        "End": 0.06,
        "Percent": 99.81494183508792,
        "Count": 44
      },
      {
        "Start": 0.06,
        "End": 0.07,
        "Percent": 99.99904881582854,
        "Count": 1742
      },
      {
        "Start": 0.07,
        "End": 0.070426691,
        "Percent": 100,
        "Count": 9
      }
    ],
    "Percentiles": [
      {
        "Percentile": 50,
        "Value": 0.0005140726400554262
      },
      {
        "Percentile": 75,
        "Value": 0.0007579999756827406
      },
      {
        "Percentile": 90,
        "Value": 0.0009043563770591293
      },
      {
        "Percentile": 99,
        "Value": 0.0009921702178849626
      },
      {
        "Percentile": 99.9,
        "Value": 0.06462004018369719
      }
    ]
  },
  "Exactly": 0,
  "Jitter": true,
  "RetCodes": {
    "200": 946189
  },
  "Sizes": {
    "Count": 946189,
    "Min": 75,
    "Max": 75,
    "Sum": 70964175,
    "Avg": 75,
    "StdDev": 0,
    "Data": [
      {
        "Start": 75,
        "End": 75,
        "Percent": 100,
        "Count": 946189
      }
    ],
    "Percentiles": null
  },
  "HeaderSizes": {
    "Count": 946189,
    "Min": 75,
    "Max": 75,
    "Sum": 70964175,
    "Avg": 75,
    "StdDev": 0,
    "Data": [
      {
        "Start": 75,
        "End": 75,
        "Percent": 100,
        "Count": 946189
      }
    ],
    "Percentiles": null
  },
  "URL": "http://fortio-server:8080/echo\\?size\\=2048",
  "SocketCount": 3,
  "AbortOn": 0
}
