{
  "RunType": "HTTP",
  "Labels": "1pod-samenode-nosidecar-1core-conn7-resp2048",
  "StartTime": "2021-03-28T05:43:54.406304499Z",
  "RequestedQPS": "max",
  "RequestedDuration": "1m0s",
  "ActualQPS": 13873.532822239964,
  "ActualDuration": 60017517576,
  "NumThreads": 7,
  "Version": "1.11.3",
  "DurationHistogram": {
    "Count": 832655,
    "Min": 0.000027298,
    "Max": 0.086845094,
    "Sum": 419.8564381069985,
    "Avg": 0.0005042381756033393,
    "StdDev": 0.005964983864108194,
    "Data": [
      {
        "Start": 0.000027298,
        "End": 0.001,
        "Percent": 99.49294725906888,
        "Count": 828433
      },
      {
        "Start": 0.001,
        "End": 0.002,
        "Percent": 99.49378794338591,
        "Count": 7
      },
      {
        "Start": 0.002,
        "End": 0.003,
        "Percent": 99.4943884321838,
        "Count": 5
      },
      {
        "Start": 0.003,
        "End": 0.004,
        "Percent": 99.49450852994337,
        "Count": 1
      },
      {
        "Start": 0.005,
        "End": 0.006,
        "Percent": 99.49462862770295,
        "Count": 1
      },
      {
        "Start": 0.007,
        "End": 0.008,
        "Percent": 99.49498892098168,
        "Count": 3
      },
      {
        "Start": 0.008,
        "End": 0.009000000000000001,
        "Percent": 99.49510901874126,
        "Count": 1
      },
      {
        "Start": 0.009000000000000001,
        "End": 0.01,
        "Percent": 99.49534921426041,
        "Count": 2
      },
      {
        "Start": 0.01,
        "End": 0.011,
        "Percent": 99.49546931201998,
        "Count": 1
      },
      {
        "Start": 0.014,
        "End": 0.016,
        "Percent": 99.49558940977956,
        "Count": 1
      },
      {
        "Start": 0.06,
        "End": 0.07,
        "Percent": 99.49582960529871,
        "Count": 2
      },
      {
        "Start": 0.07,
        "End": 0.08,
        "Percent": 99.49667028961575,
        "Count": 7
      },
      {
        "Start": 0.08,
        "End": 0.086845094,
        "Percent": 100,
        "Count": 4191
      }
    ],
    "Percentiles": [
      {
        "Percentile": 50,
        "Value": 0.0005161270399248218
      },
      {
        "Percentile": 75,
        "Value": 0.0007605421469613679
      },
      {
        "Percentile": 90,
        "Value": 0.0009071912111832957
      },
      {
        "Percentile": 99,
        "Value": 0.0009951806497164523
      },
      {
        "Percentile": 99.9,
        "Value": 0.0854851317607803
      }
    ]
  },
  "Exactly": 0,
  "Jitter": true,
  "RetCodes": {
    "200": 832655
  },
  "Sizes": {
    "Count": 832655,
    "Min": 75,
    "Max": 75,
    "Sum": 62449125,
    "Avg": 75,
    "StdDev": 0,
    "Data": [
      {
        "Start": 75,
        "End": 75,
        "Percent": 100,
        "Count": 832655
      }
    ],
    "Percentiles": null
  },
  "HeaderSizes": {
    "Count": 832655,
    "Min": 75,
    "Max": 75,
    "Sum": 62449125,
    "Avg": 75,
    "StdDev": 0,
    "Data": [
      {
        "Start": 75,
        "End": 75,
        "Percent": 100,
        "Count": 832655
      }
    ],
    "Percentiles": null
  },
  "URL": "http://fortio-server:8080/echo\\?size\\=2048",
  "SocketCount": 7,
  "AbortOn": 0
}
