{
  "RunType": "HTTP",
  "Labels": "1pod-samenode-nosidecar-1core-conn1-resp1024",
  "StartTime": "2021-03-28T05:30:13.651238428Z",
  "RequestedQPS": "max",
  "RequestedDuration": "1m0s",
  "ActualQPS": 10231.353437015105,
  "ActualDuration": 60000077583,
  "NumThreads": 1,
  "Version": "1.11.3",
  "DurationHistogram": {
    "Count": 613882,
    "Min": 0.000035965,
    "Max": 0.049830702,
    "Sum": 59.869827040999006,
    "Avg": 0.0000975266045282302,
    "StdDev": 0.0012988014588369466,
    "Data": [
      {
        "Start": 0.000035965,
        "End": 0.001,
        "Percent": 99.90226134664317,
        "Count": 613282
      },
      {
        "Start": 0.012,
        "End": 0.014,
        "Percent": 99.90242424439876,
        "Count": 1
      },
      {
        "Start": 0.035,
        "End": 0.04,
        "Percent": 99.93011686284986,
        "Count": 170
      },
      {
        "Start": 0.04,
        "End": 0.045,
        "Percent": 99.98941164588635,
        "Count": 364
      },
      {
        "Start": 0.045,
        "End": 0.049830702,
        "Percent": 100,
        "Count": 65
      }
    ],
    "Percentiles": [
      {
        "Percentile": 50,
        "Value": 0.0005184532931315335
      },
      {
        "Percentile": 75,
        "Value": 0.0007596982256624613
      },
      {
        "Percentile": 90,
        "Value": 0.0009044451851810181
      },
      {
        "Percentile": 99,
        "Value": 0.0009912933608921522
      },
      {
        "Percentile": 99.9,
        "Value": 0.0009999781784632658
      }
    ]
  },
  "Exactly": 0,
  "Jitter": true,
  "RetCodes": {
    "200": 613882
  },
  "Sizes": {
    "Count": 613882,
    "Min": 75,
    "Max": 75,
    "Sum": 46041150,
    "Avg": 75,
    "StdDev": 0,
    "Data": [
      {
        "Start": 75,
        "End": 75,
        "Percent": 100,
        "Count": 613882
      }
    ],
    "Percentiles": null
  },
  "HeaderSizes": {
    "Count": 613882,
    "Min": 75,
    "Max": 75,
    "Sum": 46041150,
    "Avg": 75,
    "StdDev": 0,
    "Data": [
      {
        "Start": 75,
        "End": 75,
        "Percent": 100,
        "Count": 613882
      }
    ],
    "Percentiles": null
  },
  "URL": "http://fortio-server:8080/echo\\?size\\=1024",
  "SocketCount": 1,
  "AbortOn": 0
}
