{
  "RunType": "HTTP",
  "Labels": "1pod-samenode-nosidecar-1core-conn1-resp32",
  "StartTime": "2021-03-28T05:07:26.735271727Z",
  "RequestedQPS": "max",
  "RequestedDuration": "1m0s",
  "ActualQPS": 10982.54871294516,
  "ActualDuration": 60000098085,
  "NumThreads": 1,
  "Version": "1.11.3",
  "DurationHistogram": {
    "Count": 658954,
    "Min": 0.00003493,
    "Max": 0.04680693,
    "Sum": 59.86211958799907,
    "Avg": 0.00009084415541600639,
    "StdDev": 0.001181175223676452,
    "Data": [
      {
        "Start": 0.00003493,
        "End": 0.001,
        "Percent": 99.90879484759179,
        "Count": 658353
      },
      {
        "Start": 0.001,
        "End": 0.002,
        "Percent": 99.90894660325303,
        "Count": 1
      },
      {
        "Start": 0.02,
        "End": 0.025,
        "Percent": 99.90909835891428,
        "Count": 1
      },
      {
        "Start": 0.03,
        "End": 0.035,
        "Percent": 99.90970538155926,
        "Count": 4
      },
      {
        "Start": 0.035,
        "End": 0.04,
        "Percent": 99.97404978192712,
        "Count": 424
      },
      {
        "Start": 0.04,
        "End": 0.045,
        "Percent": 99.99954473301626,
        "Count": 168
      },
      {
        "Start": 0.045,
        "End": 0.04680693,
        "Percent": 100,
        "Count": 3
      }
    ],
    "Percentiles": [
      {
        "Percentile": 50,
        "Value": 0.0005179047662648554
      },
      {
        "Percentile": 75,
        "Value": 0.0007593928823410576
      },
      {
        "Percentile": 90,
        "Value": 0.0009042857519867791
      },
      {
        "Percentile": 99,
        "Value": 0.000991221473774212
      },
      {
        "Percentile": 99.9,
        "Value": 0.0009999150459529553
      }
    ]
  },
  "Exactly": 0,
  "Jitter": true,
  "RetCodes": {
    "200": 658954
  },
  "Sizes": {
    "Count": 658954,
    "Min": 75,
    "Max": 75,
    "Sum": 49421550,
    "Avg": 75,
    "StdDev": 0,
    "Data": [
      {
        "Start": 75,
        "End": 75,
        "Percent": 100,
        "Count": 658954
      }
    ],
    "Percentiles": null
  },
  "HeaderSizes": {
    "Count": 658954,
    "Min": 75,
    "Max": 75,
    "Sum": 49421550,
    "Avg": 75,
    "StdDev": 0,
    "Data": [
      {
        "Start": 75,
        "End": 75,
        "Percent": 100,
        "Count": 658954
      }
    ],
    "Percentiles": null
  },
  "URL": "http://fortio-server:8080/echo\\?size\\=32",
  "SocketCount": 1,
  "AbortOn": 0
}
