{
  "RunType": "HTTP",
  "Labels": "1pod-samenode-nosidecar-1core-conn3-resp32",
  "StartTime": "2021-03-28T05:09:28.432527171Z",
  "RequestedQPS": "max",
  "RequestedDuration": "1m0s",
  "ActualQPS": 16036.470796977264,
  "ActualDuration": 60000233978,
  "NumThreads": 3,
  "Version": "1.11.3",
  "DurationHistogram": {
    "Count": 962192,
    "Min": 0.000025998,
    "Max": 0.070253517,
    "Sum": 179.76765012699977,
    "Avg": 0.00018683137058611978,
    "StdDev": 0.0028231086193678256,
    "Data": [
      {
        "Start": 0.000025998,
        "End": 0.001,
        "Percent": 99.8055481650232,
        "Count": 960321
      },
      {
        "Start": 0.001,
        "End": 0.002,
        "Percent": 99.8066913879974,
        "Count": 11
      },
      {
        "Start": 0.002,
        "End": 0.003,
        "Percent": 99.80773068161032,
        "Count": 10
      },
      {
        "Start": 0.003,
        "End": 0.004,
        "Percent": 99.80866604586195,
        "Count": 9
      },
      {
        "Start": 0.004,
        "End": 0.005,
        "Percent": 99.80897783394582,
        "Count": 3
      },
      {
        "Start": 0.005,
        "End": 0.006,
        "Percent": 99.80949748075228,
        "Count": 5
      },
      {
        "Start": 0.006,
        "End": 0.007,
        "Percent": 99.8104328450039,
        "Count": 9
      },
      {
        "Start": 0.007,
        "End": 0.008,
        "Percent": 99.81126427989425,
        "Count": 8
      },
      {
        "Start": 0.008,
        "End": 0.009000000000000001,
        "Percent": 99.81136820925553,
        "Count": 1
      },
      {
        "Start": 0.009000000000000001,
        "End": 0.01,
        "Percent": 99.81167999733941,
        "Count": 3
      },
      {
        "Start": 0.01,
        "End": 0.011,
        "Percent": 99.81188785606199,
        "Count": 2
      },
      {
        "Start": 0.011,
        "End": 0.012,
        "Percent": 99.81199178542329,
        "Count": 1
      },
      {
        "Start": 0.012,
        "End": 0.014,
        "Percent": 99.81240750286845,
        "Count": 4
      },
      {
        "Start": 0.014,
        "End": 0.016,
        "Percent": 99.81271929095233,
        "Count": 3
      },
      {
        "Start": 0.018000000000000002,
        "End": 0.02,
        "Percent": 99.8129271496749,
        "Count": 2
      },
      {
        "Start": 0.04,
        "End": 0.045,
        "Percent": 99.81323893775878,
        "Count": 3
      },
      {
        "Start": 0.045,
        "End": 0.05,
        "Percent": 99.8142782313717,
        "Count": 10
      },
      {
        "Start": 0.05,
        "End": 0.06,
        "Percent": 99.81885112326853,
        "Count": 44
      },
      {
        "Start": 0.06,
        "End": 0.07,
        "Percent": 99.99989607063871,
        "Count": 1742
      },
      {
        "Start": 0.07,
        "End": 0.070253517,
        "Percent": 100,
        "Count": 1
      }
    ],
    "Percentiles": [
      {
        "Percentile": 50,
        "Value": 0.0005139473212574974
      },
      {
        "Percentile": 75,
        "Value": 0.0007579224890099134
      },
      {
        "Percentile": 90,
        "Value": 0.000904307589661363
      },
      {
        "Percentile": 99,
        "Value": 0.0009921386500522328
      },
      {
        "Percentile": 99.9,
        "Value": 0.06448225028702682
      }
    ]
  },
  "Exactly": 0,
  "Jitter": true,
  "RetCodes": {
    "200": 962192
  },
  "Sizes": {
    "Count": 962192,
    "Min": 75,
    "Max": 75,
    "Sum": 72164400,
    "Avg": 75,
    "StdDev": 0,
    "Data": [
      {
        "Start": 75,
        "End": 75,
        "Percent": 100,
        "Count": 962192
      }
    ],
    "Percentiles": null
  },
  "HeaderSizes": {
    "Count": 962192,
    "Min": 75,
    "Max": 75,
    "Sum": 72164400,
    "Avg": 75,
    "StdDev": 0,
    "Data": [
      {
        "Start": 75,
        "End": 75,
        "Percent": 100,
        "Count": 962192
      }
    ],
    "Percentiles": null
  },
  "URL": "http://fortio-server:8080/echo\\?size\\=32",
  "SocketCount": 3,
  "AbortOn": 0
}
