{
  "RunType": "HTTP",
  "Labels": "1pod-samenode-nosidecar-1core-conn5-resp128",
  "StartTime": "2021-03-28T05:19:05.307998199Z",
  "RequestedQPS": "max",
  "RequestedDuration": "1m0s",
  "ActualQPS": 15796.805907556853,
  "ActualDuration": 60014664075,
  "NumThreads": 5,
  "Version": "1.11.3",
  "DurationHistogram": {
    "Count": 948040,
    "Min": 0.000027043,
    "Max": 0.080143951,
    "Sum": 299.79680015099666,
    "Avg": 0.00031622800741635024,
    "StdDev": 0.004344526351395009,
    "Data": [
      {
        "Start": 0.000027043,
        "End": 0.001,
        "Percent": 99.68165900172988,
        "Count": 945022
      },
      {
        "Start": 0.001,
        "End": 0.002,
        "Percent": 99.68186996329268,
        "Count": 2
      },
      {
        "Start": 0.002,
        "End": 0.003,
        "Percent": 99.68197544407408,
        "Count": 1
      },
      {
        "Start": 0.004,
        "End": 0.005,
        "Percent": 99.6821864056369,
        "Count": 2
      },
      {
        "Start": 0.005,
        "End": 0.006,
        "Percent": 99.6825028479811,
        "Count": 3
      },
      {
        "Start": 0.007,
        "End": 0.008,
        "Percent": 99.6826083287625,
        "Count": 1
      },
      {
        "Start": 0.008,
        "End": 0.009000000000000001,
        "Percent": 99.6827138095439,
        "Count": 1
      },
      {
        "Start": 0.009000000000000001,
        "End": 0.01,
        "Percent": 99.68345217501371,
        "Count": 7
      },
      {
        "Start": 0.011,
        "End": 0.012,
        "Percent": 99.68355765579511,
        "Count": 1
      },
      {
        "Start": 0.06,
        "End": 0.07,
        "Percent": 99.68503438673474,
        "Count": 14
      },
      {
        "Start": 0.07,
        "End": 0.08,
        "Percent": 99.9995780768744,
        "Count": 2982
      },
      {
        "Start": 0.08,
        "End": 0.080143951,
        "Percent": 100,
        "Count": 4
      }
    ],
    "Percentiles": [
      {
        "Percentile": 50,
        "Value": 0.0005150745931423746
      },
      {
        "Percentile": 75,
        "Value": 0.000759090904494186
      },
      {
        "Percentile": 90,
        "Value": 0.0009055006913052726
      },
      {
        "Percentile": 99,
        "Value": 0.0009933465633919247
      },
      {
        "Percentile": 99.9,
        "Value": 0.07683420523138833
      }
    ]
  },
  "Exactly": 0,
  "Jitter": true,
  "RetCodes": {
    "200": 948040
  },
  "Sizes": {
    "Count": 948040,
    "Min": 75,
    "Max": 75,
    "Sum": 71103000,
    "Avg": 75,
    "StdDev": 0,
    "Data": [
      {
        "Start": 75,
        "End": 75,
        "Percent": 100,
        "Count": 948040
      }
    ],
    "Percentiles": null
  },
  "HeaderSizes": {
    "Count": 948040,
    "Min": 75,
    "Max": 75,
    "Sum": 71103000,
    "Avg": 75,
    "StdDev": 0,
    "Data": [
      {
        "Start": 75,
        "End": 75,
        "Percent": 100,
        "Count": 948040
      }
    ],
    "Percentiles": null
  },
  "URL": "http://fortio-server:8080/echo\\?size\\=128",
  "SocketCount": 5,
  "AbortOn": 0
}
