{
  "RunType": "HTTP",
  "Labels": "1pod-samenode-nosidecar-1core-conn7-resp1024",
  "StartTime": "2021-03-28T05:36:18.930230395Z",
  "RequestedQPS": "max",
  "RequestedDuration": "1m0s",
  "ActualQPS": 13948.278252973298,
  "ActualDuration": 60001384029,
  "NumThreads": 7,
  "Version": "1.11.3",
  "DurationHistogram": {
    "Count": 836916,
    "Min": 0.00002718,
    "Max": 0.086917847,
    "Sum": 419.744170913001,
    "Avg": 0.0005015367980932388,
    "StdDev": 0.005945210672346555,
    "Data": [
      {
        "Start": 0.00002718,
        "End": 0.001,
        "Percent": 99.49684317183565,
        "Count": 832705
      },
      {
        "Start": 0.003,
        "End": 0.004,
        "Percent": 99.49696265814012,
        "Count": 1
      },
      {
        "Start": 0.008,
        "End": 0.009000000000000001,
        "Percent": 99.49720163074909,
        "Count": 2
      },
      {
        "Start": 0.009000000000000001,
        "End": 0.01,
        "Percent": 99.49779906227148,
        "Count": 5
      },
      {
        "Start": 0.011,
        "End": 0.012,
        "Percent": 99.49791854857597,
        "Count": 1
      },
      {
        "Start": 0.012,
        "End": 0.014,
        "Percent": 99.49815752118492,
        "Count": 2
      },
      {
        "Start": 0.06,
        "End": 0.07,
        "Percent": 99.4982770074894,
        "Count": 1
      },
      {
        "Start": 0.07,
        "End": 0.08,
        "Percent": 99.50030827466556,
        "Count": 17
      },
      {
        "Start": 0.08,
        "End": 0.086917847,
        "Percent": 100,
        "Count": 4182
      }
    ],
    "Percentiles": [
      {
        "Percentile": 50,
        "Value": 0.0005160492005082238
      },
      {
        "Percentile": 75,
        "Value": 0.0007604843848954731
      },
      {
        "Percentile": 90,
        "Value": 0.0009071454955278225
      },
      {
        "Percentile": 99,
        "Value": 0.0009951421619072323
      },
      {
        "Percentile": 99.9,
        "Value": 0.085533424034947
      }
    ]
  },
  "Exactly": 0,
  "Jitter": true,
  "RetCodes": {
    "200": 836916
  },
  "Sizes": {
    "Count": 836916,
    "Min": 75,
    "Max": 75,
    "Sum": 62768700,
    "Avg": 75,
    "StdDev": 0,
    "Data": [
      {
        "Start": 75,
        "End": 75,
        "Percent": 100,
        "Count": 836916
      }
    ],
    "Percentiles": null
  },
  "HeaderSizes": {
    "Count": 836916,
    "Min": 75,
    "Max": 75,
    "Sum": 62768700,
    "Avg": 75,
    "StdDev": 0,
    "Data": [
      {
        "Start": 75,
        "End": 75,
        "Percent": 100,
        "Count": 836916
      }
    ],
    "Percentiles": null
  },
  "URL": "http://fortio-server:8080/echo\\?size\\=1024",
  "SocketCount": 7,
  "AbortOn": 0
}
