{
  "RunType": "HTTP",
  "Labels": "1pod-samenode-nosidecar-1core-conn4-resp128",
  "StartTime": "2021-03-28T05:18:04.445012441Z",
  "RequestedQPS": "max",
  "RequestedDuration": "1m0s",
  "ActualQPS": 16115.679948432877,
  "ActualDuration": 60000136705,
  "NumThreads": 4,
  "Version": "1.11.3",
  "DurationHistogram": {
    "Count": 966943,
    "Min": 0.000026428,
    "Max": 0.075281925,
    "Sum": 239.7392547589996,
    "Avg": 0.0002479352503291296,
    "StdDev": 0.00359198871665575,
    "Data": [
      {
        "Start": 0.000026428,
        "End": 0.001,
        "Percent": 99.7478651792298,
        "Count": 964505
      },
      {
        "Start": 0.001,
        "End": 0.002,
        "Percent": 99.74848569150404,
        "Count": 6
      },
      {
        "Start": 0.002,
        "End": 0.003,
        "Percent": 99.74858911021643,
        "Count": 1
      },
      {
        "Start": 0.003,
        "End": 0.004,
        "Percent": 99.74920962249067,
        "Count": 6
      },
      {
        "Start": 0.004,
        "End": 0.005,
        "Percent": 99.74941645991542,
        "Count": 2
      },
      {
        "Start": 0.005,
        "End": 0.006,
        "Percent": 99.74962329734018,
        "Count": 2
      },
      {
        "Start": 0.006,
        "End": 0.007,
        "Percent": 99.74972671605255,
        "Count": 1
      },
      {
        "Start": 0.007,
        "End": 0.008,
        "Percent": 99.7499335534773,
        "Count": 2
      },
      {
        "Start": 0.008,
        "End": 0.009000000000000001,
        "Percent": 99.7503472283268,
        "Count": 4
      },
      {
        "Start": 0.009000000000000001,
        "End": 0.01,
        "Percent": 99.75086432188867,
        "Count": 5
      },
      {
        "Start": 0.01,
        "End": 0.011,
        "Percent": 99.75107115931343,
        "Count": 2
      },
      {
        "Start": 0.011,
        "End": 0.012,
        "Percent": 99.7511745780258,
        "Count": 1
      },
      {
        "Start": 0.012,
        "End": 0.014,
        "Percent": 99.75127799673817,
        "Count": 1
      },
      {
        "Start": 0.014,
        "End": 0.016,
        "Percent": 99.75138141545055,
        "Count": 1
      },
      {
        "Start": 0.018000000000000002,
        "End": 0.02,
        "Percent": 99.75169167158768,
        "Count": 3
      },
      {
        "Start": 0.02,
        "End": 0.025,
        "Percent": 99.75179509030005,
        "Count": 1
      },
      {
        "Start": 0.04,
        "End": 0.045,
        "Percent": 99.75189850901242,
        "Count": 1
      },
      {
        "Start": 0.045,
        "End": 0.05,
        "Percent": 99.75220876514955,
        "Count": 3
      },
      {
        "Start": 0.05,
        "End": 0.06,
        "Percent": 99.75344978969805,
        "Count": 12
      },
      {
        "Start": 0.06,
        "End": 0.07,
        "Percent": 99.75727628205593,
        "Count": 37
      },
      {
        "Start": 0.07,
        "End": 0.075281925,
        "Percent": 100,
        "Count": 2347
      }
    ],
    "Percentiles": [
      {
        "Percentile": 50,
        "Value": 0.0005144439560001825
      },
      {
        "Percentile": 75,
        "Value": 0.0007584524387011355
      },
      {
        "Percentile": 90,
        "Value": 0.0009048575283217073
      },
      {
        "Percentile": 99,
        "Value": 0.0009927005820940505
      },
      {
        "Percentile": 99.9,
        "Value": 0.07310581916051352
      }
    ]
  },
  "Exactly": 0,
  "Jitter": true,
  "RetCodes": {
    "200": 966943
  },
  "Sizes": {
    "Count": 966943,
    "Min": 75,
    "Max": 75,
    "Sum": 72520725,
    "Avg": 75,
    "StdDev": 0,
    "Data": [
      {
        "Start": 75,
        "End": 75,
        "Percent": 100,
        "Count": 966943
      }
    ],
    "Percentiles": null
  },
  "HeaderSizes": {
    "Count": 966943,
    "Min": 75,
    "Max": 75,
    "Sum": 72520725,
    "Avg": 75,
    "StdDev": 0,
    "Data": [
      {
        "Start": 75,
        "End": 75,
        "Percent": 100,
        "Count": 966943
      }
    ],
    "Percentiles": null
  },
  "URL": "http://fortio-server:8080/echo\\?size\\=128",
  "SocketCount": 4,
  "AbortOn": 0
}
