{
  "RunType": "HTTP",
  "Labels": "1pod-samenode-nosidecar-1core-conn6-resp128",
  "StartTime": "2021-03-28T05:20:05.945580492Z",
  "RequestedQPS": "max",
  "RequestedDuration": "1m0s",
  "ActualQPS": 15049.865923845939,
  "ActualDuration": 60078276084,
  "NumThreads": 6,
  "Version": "1.11.3",
  "DurationHistogram": {
    "Count": 904170,
    "Min": 0.00002693,
    "Max": 0.08395541,
    "Sum": 360.1917751530002,
    "Avg": 0.0003983673149440926,
    "StdDev": 0.0051096064374037764,
    "Data": [
      {
        "Start": 0.00002693,
        "End": 0.001,
        "Percent": 99.59996460842541,
        "Count": 900553
      },
      {
        "Start": 0.001,
        "End": 0.002,
        "Percent": 99.60007520709601,
        "Count": 1
      },
      {
        "Start": 0.003,
        "End": 0.004,
        "Percent": 99.60062820044904,
        "Count": 5
      },
      {
        "Start": 0.005,
        "End": 0.006,
        "Percent": 99.60073879911964,
        "Count": 1
      },
      {
        "Start": 0.008,
        "End": 0.009000000000000001,
        "Percent": 99.60095999646084,
        "Count": 2
      },
      {
        "Start": 0.009000000000000001,
        "End": 0.01,
        "Percent": 99.60107059513145,
        "Count": 1
      },
      {
        "Start": 0.014,
        "End": 0.016,
        "Percent": 99.60118119380205,
        "Count": 1
      },
      {
        "Start": 0.05,
        "End": 0.06,
        "Percent": 99.60184478582568,
        "Count": 6
      },
      {
        "Start": 0.06,
        "End": 0.07,
        "Percent": 99.60228718050809,
        "Count": 4
      },
      {
        "Start": 0.07,
        "End": 0.08,
        "Percent": 99.62429631595828,
        "Count": 199
      },
      {
        "Start": 0.08,
        "End": 0.08395541,
        "Percent": 100,
        "Count": 3397
      }
    ],
    "Percentiles": [
      {
        "Percentile": 50,
        "Value": 0.0005154185913084419
      },
      {
        "Percentile": 75,
        "Value": 0.000759663427225746
      },
      {
        "Percentile": 90,
        "Value": 0.0009062103287761284
      },
      {
        "Percentile": 99,
        "Value": 0.0009941384697063579
      },
      {
        "Percentile": 99.9,
        "Value": 0.0829026095702974
      }
    ]
  },
  "Exactly": 0,
  "Jitter": true,
  "RetCodes": {
    "200": 904170
  },
  "Sizes": {
    "Count": 904170,
    "Min": 75,
    "Max": 75,
    "Sum": 67812750,
    "Avg": 75,
    "StdDev": 0,
    "Data": [
      {
        "Start": 75,
        "End": 75,
        "Percent": 100,
        "Count": 904170
      }
    ],
    "Percentiles": null
  },
  "HeaderSizes": {
    "Count": 904170,
    "Min": 75,
    "Max": 75,
    "Sum": 67812750,
    "Avg": 75,
    "StdDev": 0,
    "Data": [
      {
        "Start": 75,
        "End": 75,
        "Percent": 100,
        "Count": 904170
      }
    ],
    "Percentiles": null
  },
  "URL": "http://fortio-server:8080/echo\\?size\\=128",
  "SocketCount": 6,
  "AbortOn": 0
}
