{
  "RunType": "HTTP",
  "Labels": "1pod-samenode-nosidecar-1core-conn2-resp1024",
  "StartTime": "2021-03-28T05:31:14.407784991Z",
  "RequestedQPS": "max",
  "RequestedDuration": "1m0s",
  "ActualQPS": 13504.42766348649,
  "ActualDuration": 60014687049,
  "NumThreads": 2,
  "Version": "1.11.3",
  "DurationHistogram": {
    "Count": 810464,
    "Min": 0.000026113,
    "Max": 0.062858638,
    "Sum": 119.86470661199924,
    "Avg": 0.00014789639837426368,
    "StdDev": 0.0021831654715943655,
    "Data": [
      {
        "Start": 0.000026113,
        "End": 0.001,
        "Percent": 99.84009160184783,
        "Count": 809168
      },
      {
        "Start": 0.001,
        "End": 0.002,
        "Percent": 99.84058514628657,
        "Count": 4
      },
      {
        "Start": 0.002,
        "End": 0.003,
        "Percent": 99.84231255182216,
        "Count": 14
      },
      {
        "Start": 0.003,
        "End": 0.004,
        "Percent": 99.84354641291903,
        "Count": 10
      },
      {
        "Start": 0.004,
        "End": 0.005,
        "Percent": 99.84515043234492,
        "Count": 13
      },
      {
        "Start": 0.005,
        "End": 0.006,
        "Percent": 99.84650767955146,
        "Count": 11
      },
      {
        "Start": 0.006,
        "End": 0.007,
        "Percent": 99.84835847119675,
        "Count": 15
      },
      {
        "Start": 0.007,
        "End": 0.008,
        "Percent": 99.84885201563549,
        "Count": 4
      },
      {
        "Start": 0.008,
        "End": 0.009000000000000001,
        "Percent": 99.84946894618392,
        "Count": 5
      },
      {
        "Start": 0.009000000000000001,
        "End": 0.01,
        "Percent": 99.85008587673234,
        "Count": 5
      },
      {
        "Start": 0.011,
        "End": 0.012,
        "Percent": 99.85020926284203,
        "Count": 1
      },
      {
        "Start": 0.012,
        "End": 0.014,
        "Percent": 99.85070280728077,
        "Count": 4
      },
      {
        "Start": 0.014,
        "End": 0.016,
        "Percent": 99.85181328226794,
        "Count": 9
      },
      {
        "Start": 0.016,
        "End": 0.018000000000000002,
        "Percent": 99.85193666837762,
        "Count": 1
      },
      {
        "Start": 0.035,
        "End": 0.04,
        "Percent": 99.8529237572551,
        "Count": 8
      },
      {
        "Start": 0.04,
        "End": 0.045,
        "Percent": 99.85452777668101,
        "Count": 13
      },
      {
        "Start": 0.045,
        "End": 0.05,
        "Percent": 99.85933983495875,
        "Count": 39
      },
      {
        "Start": 0.05,
        "End": 0.06,
        "Percent": 99.99222667508982,
        "Count": 1077
      },
      {
        "Start": 0.06,
        "End": 0.062858638,
        "Percent": 100,
        "Count": 63
      }
    ],
    "Percentiles": [
      {
        "Percentile": 50,
        "Value": 0.0005138358098736108
      },
      {
        "Percentile": 75,
        "Value": 0.0007576978165941023
      },
      {
        "Percentile": 90,
        "Value": 0.0009040150206263973
      },
      {
        "Percentile": 99,
        "Value": 0.0009918053430457742
      },
      {
        "Percentile": 99.9,
        "Value": 0.05305975858867235
      }
    ]
  },
  "Exactly": 0,
  "Jitter": true,
  "RetCodes": {
    "200": 810464
  },
  "Sizes": {
    "Count": 810464,
    "Min": 75,
    "Max": 75,
    "Sum": 60784800,
    "Avg": 75,
    "StdDev": 0,
    "Data": [
      {
        "Start": 75,
        "End": 75,
        "Percent": 100,
        "Count": 810464
      }
    ],
    "Percentiles": null
  },
  "HeaderSizes": {
    "Count": 810464,
    "Min": 75,
    "Max": 75,
    "Sum": 60784800,
    "Avg": 75,
    "StdDev": 0,
    "Data": [
      {
        "Start": 75,
        "End": 75,
        "Percent": 100,
        "Count": 810464
      }
    ],
    "Percentiles": null
  },
  "URL": "http://fortio-server:8080/echo\\?size\\=1024",
  "SocketCount": 2,
  "AbortOn": 0
}
