{
  "RunType": "HTTP",
  "Labels": "1pod-samenode-nosidecar-1core-conn7-resp32",
  "StartTime": "2021-03-28T05:13:31.322470618Z",
  "RequestedQPS": "max",
  "RequestedDuration": "1m0s",
  "ActualQPS": 14319.437201560737,
  "ActualDuration": 60000123462,
  "NumThreads": 7,
  "Version": "1.11.3",
  "DurationHistogram": {
    "Count": 859168,
    "Min": 0.000026966,
    "Max": 0.086725753,
    "Sum": 419.73912407000006,
    "Avg": 0.0004885413843043503,
    "StdDev": 0.005857199895517429,
    "Data": [
      {
        "Start": 0.000026966,
        "End": 0.001,
        "Percent": 99.50964188610376,
        "Count": 854955
      },
      {
        "Start": 0.001,
        "End": 0.002,
        "Percent": 99.51057301947931,
        "Count": 8
      },
      {
        "Start": 0.002,
        "End": 0.003,
        "Percent": 99.51068941115125,
        "Count": 1
      },
      {
        "Start": 0.007,
        "End": 0.008,
        "Percent": 99.51092219449514,
        "Count": 2
      },
      {
        "Start": 0.008,
        "End": 0.009000000000000001,
        "Percent": 99.51103858616709,
        "Count": 1
      },
      {
        "Start": 0.01,
        "End": 0.011,
        "Percent": 99.51115497783903,
        "Count": 1
      },
      {
        "Start": 0.07,
        "End": 0.08,
        "Percent": 99.51220250288651,
        "Count": 9
      },
      {
        "Start": 0.08,
        "End": 0.086725753,
        "Percent": 100,
        "Count": 4191
      }
    ],
    "Percentiles": [
      {
        "Percentile": 50,
        "Value": 0.0005158798653331056
      },
      {
        "Percentile": 75,
        "Value": 0.0007603373670560054
      },
      {
        "Percentile": 90,
        "Value": 0.0009070118680897453
      },
      {
        "Percentile": 99,
        "Value": 0.000995016568709989
      },
      {
        "Percentile": 99.9,
        "Value": 0.0853469527724878
      }
    ]
  },
  "Exactly": 0,
  "Jitter": true,
  "RetCodes": {
    "200": 859168
  },
  "Sizes": {
    "Count": 859168,
    "Min": 75,
    "Max": 75,
    "Sum": 64437600,
    "Avg": 75,
    "StdDev": 0,
    "Data": [
      {
        "Start": 75,
        "End": 75,
        "Percent": 100,
        "Count": 859168
      }
    ],
    "Percentiles": null
  },
  "HeaderSizes": {
    "Count": 859168,
    "Min": 75,
    "Max": 75,
    "Sum": 64437600,
    "Avg": 75,
    "StdDev": 0,
    "Data": [
      {
        "Start": 75,
        "End": 75,
        "Percent": 100,
        "Count": 859168
      }
    ],
    "Percentiles": null
  },
  "URL": "http://fortio-server:8080/echo\\?size\\=32",
  "SocketCount": 7,
  "AbortOn": 0
}
