{
  "RunType": "HTTP",
  "Labels": "1pod-samenode-nosidecar-1core-conn1-resp2048",
  "StartTime": "2021-03-28T05:37:49.927459965Z",
  "RequestedQPS": "max",
  "RequestedDuration": "1m0s",
  "ActualQPS": 10166.522028160838,
  "ActualDuration": 60000066720,
  "NumThreads": 1,
  "Version": "1.11.3",
  "DurationHistogram": {
    "Count": 609992,
    "Min": 0.000035842,
    "Max": 0.050421638,
    "Sum": 59.87202456099968,
    "Avg": 0.00009815214717733951,
    "StdDev": 0.0013143974986961553,
    "Data": [
      {
        "Start": 0.000035842,
        "End": 0.001,
        "Percent": 99.90163805426957,
        "Count": 609392
      },
      {
        "Start": 0.035,
        "End": 0.04,
        "Percent": 99.92639247727838,
        "Count": 151
      },
      {
        "Start": 0.04,
        "End": 0.045,
        "Percent": 99.98606539102153,
        "Count": 364
      },
      {
        "Start": 0.045,
        "End": 0.05,
        "Percent": 99.99983606342379,
        "Count": 84
      },
      {
        "Start": 0.05,
        "End": 0.050421638,
        "Percent": 100,
        "Count": 1
      }
    ],
    "Percentiles": [
      {
        "Percentile": 50,
        "Value": 0.0005183948588541675
      },
      {
        "Percentile": 75,
        "Value": 0.0007596720793644802
      },
      {
        "Percentile": 90,
        "Value": 0.0009044384116706679
      },
      {
        "Percentile": 99,
        "Value": 0.0009912982110543804
      },
      {
        "Percentile": 99.9,
        "Value": 0.0009999841909927518
      }
    ]
  },
  "Exactly": 0,
  "Jitter": true,
  "RetCodes": {
    "200": 609992
  },
  "Sizes": {
    "Count": 609992,
    "Min": 75,
    "Max": 75,
    "Sum": 45749400,
    "Avg": 75,
    "StdDev": 0,
    "Data": [
      {
        "Start": 75,
        "End": 75,
        "Percent": 100,
        "Count": 609992
      }
    ],
    "Percentiles": null
  },
  "HeaderSizes": {
    "Count": 609992,
    "Min": 75,
    "Max": 75,
    "Sum": 45749400,
    "Avg": 75,
    "StdDev": 0,
    "Data": [
      {
        "Start": 75,
        "End": 75,
        "Percent": 100,
        "Count": 609992
      }
    ],
    "Percentiles": null
  },
  "URL": "http://fortio-server:8080/echo\\?size\\=2048",
  "SocketCount": 1,
  "AbortOn": 0
}
