{
  "RunType": "HTTP",
  "Labels": "1pod-samenode-nosidecar-1core-conn6-resp32",
  "StartTime": "2021-03-28T05:12:30.485868255Z",
  "RequestedQPS": "max",
  "RequestedDuration": "1m0s",
  "ActualQPS": 15179.792246531046,
  "ActualDuration": 60038107584,
  "NumThreads": 6,
  "Version": "1.11.3",
  "DurationHistogram": {
    "Count": 911366,
    "Min": 0.000026576,
    "Max": 0.083673606,
    "Sum": 359.9472776270015,
    "Avg": 0.00039495359452404574,
    "StdDev": 0.00508200905846324,
    "Data": [
      {
        "Start": 0.000026576,
        "End": 0.001,
        "Percent": 99.60158706820312,
        "Count": 907735
      },
      {
        "Start": 0.001,
        "End": 0.002,
        "Percent": 99.60169679360432,
        "Count": 1
      },
      {
        "Start": 0.003,
        "End": 0.004,
        "Percent": 99.60180651900554,
        "Count": 1
      },
      {
        "Start": 0.004,
        "End": 0.005,
        "Percent": 99.60191624440675,
        "Count": 1
      },
      {
        "Start": 0.006,
        "End": 0.007,
        "Percent": 99.60202596980795,
        "Count": 1
      },
      {
        "Start": 0.007,
        "End": 0.008,
        "Percent": 99.60235514601159,
        "Count": 3
      },
      {
        "Start": 0.008,
        "End": 0.009000000000000001,
        "Percent": 99.60323294922128,
        "Count": 8
      },
      {
        "Start": 0.009000000000000001,
        "End": 0.01,
        "Percent": 99.6034524000237,
        "Count": 2
      },
      {
        "Start": 0.012,
        "End": 0.014,
        "Percent": 99.60422047783217,
        "Count": 7
      },
      {
        "Start": 0.014,
        "End": 0.016,
        "Percent": 99.60487883023944,
        "Count": 6
      },
      {
        "Start": 0.016,
        "End": 0.018000000000000002,
        "Percent": 99.60498855564066,
        "Count": 1
      },
      {
        "Start": 0.05,
        "End": 0.06,
        "Percent": 99.60509828104186,
        "Count": 1
      },
      {
        "Start": 0.06,
        "End": 0.07,
        "Percent": 99.60641498585639,
        "Count": 12
      },
      {
        "Start": 0.07,
        "End": 0.08,
        "Percent": 99.63911315541725,
        "Count": 298
      },
      {
        "Start": 0.08,
        "End": 0.083673606,
        "Percent": 100,
        "Count": 3289
      }
    ],
    "Percentiles": [
      {
        "Percentile": 50,
        "Value": 0.0005152343461322371
      },
      {
        "Percentile": 75,
        "Value": 0.0007595640553818631
      },
      {
        "Percentile": 90,
        "Value": 0.0009061618809316386
      },
      {
        "Percentile": 99,
        "Value": 0.0009941205762615038
      },
      {
        "Percentile": 99.9,
        "Value": 0.08265566753669937
      }
    ]
  },
  "Exactly": 0,
  "Jitter": true,
  "RetCodes": {
    "200": 911366
  },
  "Sizes": {
    "Count": 911366,
    "Min": 75,
    "Max": 75,
    "Sum": 68352450,
    "Avg": 75,
    "StdDev": 0,
    "Data": [
      {
        "Start": 75,
        "End": 75,
        "Percent": 100,
        "Count": 911366
      }
    ],
    "Percentiles": null
  },
  "HeaderSizes": {
    "Count": 911366,
    "Min": 75,
    "Max": 75,
    "Sum": 68352450,
    "Avg": 75,
    "StdDev": 0,
    "Data": [
      {
        "Start": 75,
        "End": 75,
        "Percent": 100,
        "Count": 911366
      }
    ],
    "Percentiles": null
  },
  "URL": "http://fortio-server:8080/echo\\?size\\=32",
  "SocketCount": 6,
  "AbortOn": 0
}
