{
  "RunType": "HTTP",
  "Labels": "1pod-samenode-nosidecar-1core-conn5-resp512",
  "StartTime": "2021-03-28T05:26:41.221311267Z",
  "RequestedQPS": "max",
  "RequestedDuration": "1m0s",
  "ActualQPS": 15653.684112757219,
  "ActualDuration": 60001274667,
  "NumThreads": 5,
  "Version": "1.11.3",
  "DurationHistogram": {
    "Count": 939241,
    "Min": 0.000026269,
    "Max": 0.080567009,
    "Sum": 299.73698025699974,
    "Avg": 0.00031912680585387536,
    "StdDev": 0.00436837019921974,
    "Data": [
      {
        "Start": 0.000026269,
        "End": 0.001,
        "Percent": 99.67750556034075,
        "Count": 936212
      },
      {
        "Start": 0.001,
        "End": 0.002,
        "Percent": 99.67771849823421,
        "Count": 2
      },
      {
        "Start": 0.002,
        "End": 0.003,
        "Percent": 99.67782496718095,
        "Count": 1
      },
      {
        "Start": 0.003,
        "End": 0.004,
        "Percent": 99.67793143612768,
        "Count": 1
      },
      {
        "Start": 0.004,
        "End": 0.005,
        "Percent": 99.67846378086135,
        "Count": 5
      },
      {
        "Start": 0.005,
        "End": 0.006,
        "Percent": 99.67857024980809,
        "Count": 1
      },
      {
        "Start": 0.006,
        "End": 0.007,
        "Percent": 99.67878318770155,
        "Count": 2
      },
      {
        "Start": 0.007,
        "End": 0.008,
        "Percent": 99.67910259454176,
        "Count": 3
      },
      {
        "Start": 0.008,
        "End": 0.009000000000000001,
        "Percent": 99.6792090634885,
        "Count": 1
      },
      {
        "Start": 0.009000000000000001,
        "End": 0.01,
        "Percent": 99.6795284703287,
        "Count": 3
      },
      {
        "Start": 0.012,
        "End": 0.014,
        "Percent": 99.68027375295584,
        "Count": 7
      },
      {
        "Start": 0.014,
        "End": 0.016,
        "Percent": 99.68038022190258,
        "Count": 1
      },
      {
        "Start": 0.016,
        "End": 0.018000000000000002,
        "Percent": 99.68059315979605,
        "Count": 2
      },
      {
        "Start": 0.05,
        "End": 0.06,
        "Percent": 99.68069962874279,
        "Count": 1
      },
      {
        "Start": 0.06,
        "End": 0.07,
        "Percent": 99.68304194557095,
        "Count": 22
      },
      {
        "Start": 0.07,
        "End": 0.08,
        "Percent": 99.99914824842612,
        "Count": 2969
      },
      {
        "Start": 0.08,
        "End": 0.080567009,
        "Percent": 100,
        "Count": 8
      }
    ],
    "Percentiles": [
      {
        "Percentile": 50,
        "Value": 0.0005147091757237418
      },
      {
        "Percentile": 75,
        "Value": 0.0007589297836238305
      },
      {
        "Percentile": 90,
        "Value": 0.0009054621483638838
      },
      {
        "Percentile": 99,
        "Value": 0.0009933815672079158
      },
      {
        "Percentile": 99.9,
        "Value": 0.07686345234085562
      }
    ]
  },
  "Exactly": 0,
  "Jitter": true,
  "RetCodes": {
    "200": 939241
  },
  "Sizes": {
    "Count": 939241,
    "Min": 75,
    "Max": 75,
    "Sum": 70443075,
    "Avg": 75,
    "StdDev": 0,
    "Data": [
      {
        "Start": 75,
        "End": 75,
        "Percent": 100,
        "Count": 939241
      }
    ],
    "Percentiles": null
  },
  "HeaderSizes": {
    "Count": 939241,
    "Min": 75,
    "Max": 75,
    "Sum": 70443075,
    "Avg": 75,
    "StdDev": 0,
    "Data": [
      {
        "Start": 75,
        "End": 75,
        "Percent": 100,
        "Count": 939241
      }
    ],
    "Percentiles": null
  },
  "URL": "http://fortio-server:8080/echo\\?size\\=512",
  "SocketCount": 5,
  "AbortOn": 0
}
