{
  "RunType": "HTTP",
  "Labels": "1pod-samenode-nosidecar-1core-conn4-resp512",
  "StartTime": "2021-03-28T05:25:40.332957168Z",
  "RequestedQPS": "max",
  "RequestedDuration": "1m0s",
  "ActualQPS": 16006.088656071604,
  "ActualDuration": 60000167476,
  "NumThreads": 4,
  "Version": "1.11.3",
  "DurationHistogram": {
    "Count": 960368,
    "Min": 0.000026333,
    "Max": 0.075277116,
    "Sum": 239.73854995700307,
    "Avg": 0.00024963196395236313,
    "StdDev": 0.003607535403171493,
    "Data": [
      {
        "Start": 0.000026333,
        "End": 0.001,
        "Percent": 99.74593072655482,
        "Count": 957928
      },
      {
        "Start": 0.001,
        "End": 0.002,
        "Percent": 99.74613898005765,
        "Count": 2
      },
      {
        "Start": 0.003,
        "End": 0.004,
        "Percent": 99.74655548706329,
        "Count": 4
      },
      {
        "Start": 0.004,
        "End": 0.005,
        "Percent": 99.74728437432317,
        "Count": 7
      },
      {
        "Start": 0.005,
        "End": 0.006,
        "Percent": 99.74853389534012,
        "Count": 12
      },
      {
        "Start": 0.006,
        "End": 0.007,
        "Percent": 99.74884627559436,
        "Count": 3
      },
      {
        "Start": 0.007,
        "End": 0.008,
        "Percent": 99.74915865584859,
        "Count": 3
      },
      {
        "Start": 0.008,
        "End": 0.009000000000000001,
        "Percent": 99.74936690935141,
        "Count": 2
      },
      {
        "Start": 0.009000000000000001,
        "End": 0.01,
        "Percent": 99.74978341635706,
        "Count": 4
      },
      {
        "Start": 0.012,
        "End": 0.014,
        "Percent": 99.74988754310847,
        "Count": 1
      },
      {
        "Start": 0.016,
        "End": 0.018000000000000002,
        "Percent": 99.7500957966113,
        "Count": 2
      },
      {
        "Start": 0.05,
        "End": 0.06,
        "Percent": 99.75072055711978,
        "Count": 6
      },
      {
        "Start": 0.06,
        "End": 0.07,
        "Percent": 99.75675990870167,
        "Count": 58
      },
      {
        "Start": 0.07,
        "End": 0.075277116,
        "Percent": 100,
        "Count": 2336
      }
    ],
    "Percentiles": [
      {
        "Percentile": 50,
        "Value": 0.0005144060379882809
      },
      {
        "Percentile": 75,
        "Value": 0.0007584430651980788
      },
      {
        "Percentile": 90,
        "Value": 0.0009048652815239575
      },
      {
        "Percentile": 99,
        "Value": 0.0009927186113194847
      },
      {
        "Percentile": 99.9,
        "Value": 0.07310760686528778
      }
    ]
  },
  "Exactly": 0,
  "Jitter": true,
  "RetCodes": {
    "200": 960368
  },
  "Sizes": {
    "Count": 960368,
    "Min": 75,
    "Max": 75,
    "Sum": 72027600,
    "Avg": 75,
    "StdDev": 0,
    "Data": [
      {
        "Start": 75,
        "End": 75,
        "Percent": 100,
        "Count": 960368
      }
    ],
    "Percentiles": null
  },
  "HeaderSizes": {
    "Count": 960368,
    "Min": 75,
    "Max": 75,
    "Sum": 72027600,
    "Avg": 75,
    "StdDev": 0,
    "Data": [
      {
        "Start": 75,
        "End": 75,
        "Percent": 100,
        "Count": 960368
      }
    ],
    "Percentiles": null
  },
  "URL": "http://fortio-server:8080/echo\\?size\\=512",
  "SocketCount": 4,
  "AbortOn": 0
}
