{
  "RunType": "HTTP",
  "Labels": "1pod-samenode-nosidecar-1core-conn6-resp1024",
  "StartTime": "2021-03-28T05:35:17.893784846Z",
  "RequestedQPS": "max",
  "RequestedDuration": "1m0s",
  "ActualQPS": 14775.237948126805,
  "ActualDuration": 60028813283,
  "NumThreads": 6,
  "Version": "1.11.3",
  "DurationHistogram": {
    "Count": 886940,
    "Min": 0.000027313,
    "Max": 0.084799743,
    "Sum": 359.9103128669997,
    "Avg": 0.00040578879390601355,
    "StdDev": 0.005169346299171832,
    "Data": [
      {
        "Start": 0.000027313,
        "End": 0.001,
        "Percent": 99.5925316255891,
        "Count": 883326
      },
      {
        "Start": 0.002,
        "End": 0.003,
        "Percent": 99.59264437278733,
        "Count": 1
      },
      {
        "Start": 0.003,
        "End": 0.004,
        "Percent": 99.59309536158027,
        "Count": 4
      },
      {
        "Start": 0.004,
        "End": 0.005,
        "Percent": 99.59332085597673,
        "Count": 2
      },
      {
        "Start": 0.007,
        "End": 0.008,
        "Percent": 99.59365909757143,
        "Count": 3
      },
      {
        "Start": 0.008,
        "End": 0.009000000000000001,
        "Percent": 99.59377184476966,
        "Count": 1
      },
      {
        "Start": 0.009000000000000001,
        "End": 0.01,
        "Percent": 99.59399733916612,
        "Count": 2
      },
      {
        "Start": 0.014,
        "End": 0.016,
        "Percent": 99.59411008636435,
        "Count": 1
      },
      {
        "Start": 0.06,
        "End": 0.07,
        "Percent": 99.59422283356258,
        "Count": 1
      },
      {
        "Start": 0.07,
        "End": 0.08,
        "Percent": 99.61214963808149,
        "Count": 159
      },
      {
        "Start": 0.08,
        "End": 0.084799743,
        "Percent": 100,
        "Count": 3440
      }
    ],
    "Percentiles": [
      {
        "Percentile": 50,
        "Value": 0.0005156457554444853
      },
      {
        "Percentile": 75,
        "Value": 0.0007598126837494693
      },
      {
        "Percentile": 90,
        "Value": 0.0009063128407324598
      },
      {
        "Percentile": 99,
        "Value": 0.0009942129349222542
      },
      {
        "Percentile": 99.9,
        "Value": 0.08356221856499427
      }
    ]
  },
  "Exactly": 0,
  "Jitter": true,
  "RetCodes": {
    "200": 886940
  },
  "Sizes": {
    "Count": 886940,
    "Min": 75,
    "Max": 75,
    "Sum": 66520500,
    "Avg": 75,
    "StdDev": 0,
    "Data": [
      {
        "Start": 75,
        "End": 75,
        "Percent": 100,
        "Count": 886940
      }
    ],
    "Percentiles": null
  },
  "HeaderSizes": {
    "Count": 886940,
    "Min": 75,
    "Max": 75,
    "Sum": 66520500,
    "Avg": 75,
    "StdDev": 0,
    "Data": [
      {
        "Start": 75,
        "End": 75,
        "Percent": 100,
        "Count": 886940
      }
    ],
    "Percentiles": null
  },
  "URL": "http://fortio-server:8080/echo\\?size\\=1024",
  "SocketCount": 6,
  "AbortOn": 0
}
