{
  "RunType": "HTTP",
  "Labels": "1pod-samenode-nosidecar-1core-conn4-resp32",
  "StartTime": "2021-03-28T05:10:29.028845142Z",
  "RequestedQPS": "max",
  "RequestedDuration": "1m0s",
  "ActualQPS": 16273.440135757717,
  "ActualDuration": 60000159269,
  "NumThreads": 4,
  "Version": "1.11.3",
  "DurationHistogram": {
    "Count": 976409,
    "Min": 0.000026187,
    "Max": 0.075169698,
    "Sum": 239.73803637399828,
    "Avg": 0.0002455303426883594,
    "StdDev": 0.003568388565235173,
    "Data": [
      {
        "Start": 0.000026187,
        "End": 0.001,
        "Percent": 99.75102646534393,
        "Count": 973978
      },
      {
        "Start": 0.001,
        "End": 0.002,
        "Percent": 99.75123129754027,
        "Count": 2
      },
      {
        "Start": 0.002,
        "End": 0.003,
        "Percent": 99.75174337803114,
        "Count": 5
      },
      {
        "Start": 0.003,
        "End": 0.004,
        "Percent": 99.75205062632566,
        "Count": 3
      },
      {
        "Start": 0.004,
        "End": 0.005,
        "Percent": 99.75225545852199,
        "Count": 2
      },
      {
        "Start": 0.005,
        "End": 0.006,
        "Percent": 99.7529723712092,
        "Count": 7
      },
      {
        "Start": 0.006,
        "End": 0.007,
        "Percent": 99.75317720340554,
        "Count": 2
      },
      {
        "Start": 0.007,
        "End": 0.008,
        "Percent": 99.75327961950372,
        "Count": 1
      },
      {
        "Start": 0.008,
        "End": 0.009000000000000001,
        "Percent": 99.75338203560189,
        "Count": 1
      },
      {
        "Start": 0.009000000000000001,
        "End": 0.01,
        "Percent": 99.75389411609274,
        "Count": 5
      },
      {
        "Start": 0.01,
        "End": 0.011,
        "Percent": 99.75399653219091,
        "Count": 1
      },
      {
        "Start": 0.014,
        "End": 0.016,
        "Percent": 99.75420136438726,
        "Count": 2
      },
      {
        "Start": 0.05,
        "End": 0.06,
        "Percent": 99.75450861268178,
        "Count": 3
      },
      {
        "Start": 0.06,
        "End": 0.07,
        "Percent": 99.76126807516113,
        "Count": 66
      },
      {
        "Start": 0.07,
        "End": 0.075169698,
        "Percent": 100,
        "Count": 2331
      }
    ],
    "Percentiles": [
      {
        "Percentile": 50,
        "Value": 0.0005143082954161136
      },
      {
        "Percentile": 75,
        "Value": 0.0007583694430399793
      },
      {
        "Percentile": 90,
        "Value": 0.000904806131614299
      },
      {
        "Percentile": 99,
        "Value": 0.0009926681447588906
      },
      {
        "Percentile": 99.9,
        "Value": 0.07300421552274486
      }
    ]
  },
  "Exactly": 0,
  "Jitter": true,
  "RetCodes": {
    "200": 976409
  },
  "Sizes": {
    "Count": 976409,
    "Min": 75,
    "Max": 75,
    "Sum": 73230675,
    "Avg": 75,
    "StdDev": 0,
    "Data": [
      {
        "Start": 75,
        "End": 75,
        "Percent": 100,
        "Count": 976409
      }
    ],
    "Percentiles": null
  },
  "HeaderSizes": {
    "Count": 976409,
    "Min": 75,
    "Max": 75,
    "Sum": 73230675,
    "Avg": 75,
    "StdDev": 0,
    "Data": [
      {
        "Start": 75,
        "End": 75,
        "Percent": 100,
        "Count": 976409
      }
    ],
    "Percentiles": null
  },
  "URL": "http://fortio-server:8080/echo\\?size\\=32",
  "SocketCount": 4,
  "AbortOn": 0
}
