{
  "RunType": "HTTP",
  "Labels": "1pod-samenode-nosidecar-1core-conn1-resp512",
  "StartTime": "2021-03-28T05:22:37.907275438Z",
  "RequestedQPS": "max",
  "RequestedDuration": "1m0s",
  "ActualQPS": 10326.174038968938,
  "ActualDuration": 60015258087,
  "NumThreads": 1,
  "Version": "1.11.3",
  "DurationHistogram": {
    "Count": 619728,
    "Min": 0.000033606,
    "Max": 0.049339891,
    "Sum": 59.88557695600023,
    "Avg": 0.0000966320336599286,
    "StdDev": 0.001283610838558832,
    "Data": [
      {
        "Start": 0.000033606,
        "End": 0.001,
        "Percent": 99.90318333204245,
        "Count": 619128
      },
      {
        "Start": 0.035,
        "End": 0.04,
        "Percent": 99.93690780471432,
        "Count": 209
      },
      {
        "Start": 0.04,
        "End": 0.045,
        "Percent": 99.99177058322361,
        "Count": 340
      },
      {
        "Start": 0.045,
        "End": 0.049339891,
        "Percent": 100,
        "Count": 51
      }
    ],
    "Percentiles": [
      {
        "Percentile": 50,
        "Value": 0.0005172704889045382
      },
      {
        "Percentile": 75,
        "Value": 0.0007591035138057297
      },
      {
        "Percentile": 90,
        "Value": 0.0009042033287464447
      },
      {
        "Percentile": 99,
        "Value": 0.0009912632177108735
      },
      {
        "Percentile": 99.9,
        "Value": 0.0009999692066073164
      }
    ]
  },
  "Exactly": 0,
  "Jitter": true,
  "RetCodes": {
    "200": 619728
  },
  "Sizes": {
    "Count": 619728,
    "Min": 75,
    "Max": 75,
    "Sum": 46479600,
    "Avg": 75,
    "StdDev": 0,
    "Data": [
      {
        "Start": 75,
        "End": 75,
        "Percent": 100,
        "Count": 619728
      }
    ],
    "Percentiles": null
  },
  "HeaderSizes": {
    "Count": 619728,
    "Min": 75,
    "Max": 75,
    "Sum": 46479600,
    "Avg": 75,
    "StdDev": 0,
    "Data": [
      {
        "Start": 75,
        "End": 75,
        "Percent": 100,
        "Count": 619728
      }
    ],
    "Percentiles": null
  },
  "URL": "http://fortio-server:8080/echo\\?size\\=512",
  "SocketCount": 1,
  "AbortOn": 0
}
