{
  "RunType": "HTTP",
  "Labels": "1pod-samenode-nosidecar-1core-conn6-resp512",
  "StartTime": "2021-03-28T05:27:41.969518081Z",
  "RequestedQPS": "max",
  "RequestedDuration": "1m0s",
  "ActualQPS": 14937.271483004828,
  "ActualDuration": 60054341318,
  "NumThreads": 6,
  "Version": "1.11.3",
  "DurationHistogram": {
    "Count": 897048,
    "Min": 0.000026934,
    "Max": 0.084361048,
    "Sum": 360.04838153399913,
    "Avg": 0.0004013702516855276,
    "StdDev": 0.005133257973656102,
    "Data": [
      {
        "Start": 0.000026934,
        "End": 0.001,
        "Percent": 99.59634267062633,
        "Count": 893427
      },
      {
        "Start": 0.001,
        "End": 0.002,
        "Percent": 99.5964541473812,
        "Count": 1
      },
      {
        "Start": 0.003,
        "End": 0.004,
        "Percent": 99.59723448466526,
        "Count": 7
      },
      {
        "Start": 0.005,
        "End": 0.006,
        "Percent": 99.597457438175,
        "Count": 2
      },
      {
        "Start": 0.006,
        "End": 0.007,
        "Percent": 99.59756891492985,
        "Count": 1
      },
      {
        "Start": 0.007,
        "End": 0.008,
        "Percent": 99.59768039168472,
        "Count": 1
      },
      {
        "Start": 0.009000000000000001,
        "End": 0.01,
        "Percent": 99.59779186843959,
        "Count": 1
      },
      {
        "Start": 0.012,
        "End": 0.014,
        "Percent": 99.59790334519445,
        "Count": 1
      },
      {
        "Start": 0.016,
        "End": 0.018000000000000002,
        "Percent": 99.59801482194932,
        "Count": 1
      },
      {
        "Start": 0.03,
        "End": 0.035,
        "Percent": 99.59868368247852,
        "Count": 6
      },
      {
        "Start": 0.06,
        "End": 0.07,
        "Percent": 99.59912958949799,
        "Count": 4
      },
      {
        "Start": 0.07,
        "End": 0.08,
        "Percent": 99.61975278914841,
        "Count": 185
      },
      {
        "Start": 0.08,
        "End": 0.084361048,
        "Percent": 100,
        "Count": 3411
      }
    ],
    "Percentiles": [
      {
        "Percentile": 50,
        "Value": 0.0005154383434128847
      },
      {
        "Percentile": 75,
        "Value": 0.0007596910596893307
      },
      {
        "Percentile": 90,
        "Value": 0.0009062426894551983
      },
      {
        "Percentile": 99,
        "Value": 0.0009941736673147188
      },
      {
        "Percentile": 99.9,
        "Value": 0.08321414990961484
      }
    ]
  },
  "Exactly": 0,
  "Jitter": true,
  "RetCodes": {
    "200": 897048
  },
  "Sizes": {
    "Count": 897048,
    "Min": 75,
    "Max": 75,
    "Sum": 67278600,
    "Avg": 75,
    "StdDev": 0,
    "Data": [
      {
        "Start": 75,
        "End": 75,
        "Percent": 100,
        "Count": 897048
      }
    ],
    "Percentiles": null
  },
  "HeaderSizes": {
    "Count": 897048,
    "Min": 75,
    "Max": 75,
    "Sum": 67278600,
    "Avg": 75,
    "StdDev": 0,
    "Data": [
      {
        "Start": 75,
        "End": 75,
        "Percent": 100,
        "Count": 897048
      }
    ],
    "Percentiles": null
  },
  "URL": "http://fortio-server:8080/echo\\?size\\=512",
  "SocketCount": 6,
  "AbortOn": 0
}
